product_id,category_id,product_name,brand,base_price,unit,is_active,updated_at
PRD00001,CAT06,Surf Excel Classic  Pouch 1000,Gowardhan,22.38,dozen,Y,2026-10-05 06:00:00
PRD00002,CAT25,Britannia Regular  Bottle 1001,Lay's,52.07,kg,Y,2026-10-05 06:00:00
PRD00003,CAT01,Maggi Premium Fresh Box 1002,Rin,9.67,pcs,Y,2026-10-05 06:00:00
PRD00004,CAT25,Fresho Premium Natural Pack 1003,MDH,43.16,bottle,Y,2026-10-05 06:00:00
PRD00005,CAT02,Rasna Lite  Box 1004,Ariel,36.1,500g,Y,2026-10-05 06:00:00
PRD00006,CAT32,Oleev Organic  Pack 1005,Colgate,61.64,pcs,Y,2026-10-05 06:00:00
PRD00007,CAT13,A2B Gold  Bottle 1006,Thirumala,40.76,1L,N,2026-10-05 06:00:00
PRD00008,CAT33,Nestle Gold Natural Carton 1007,Bisleri,15.24,dozen,Y,2026-10-05 06:00:00
PRD00009,CAT32,Dettol Lite Fresh Pack 1008,Gillette,107.44,dozen,Y,2026-10-05 06:00:00
PRD00010,CAT24,Ananda Classic Select Carton 1009,Nivea,31.73,pcs,Y,2026-10-05 06:00:00
PRD00011,CAT27,Britannia Family Pack Daily Pack 1010,Ariel,35.71,250g,Y,2026-10-05 06:00:00
PRD00012,CAT04,Heritage Family Pack Natural Box 1011,Safal,15.8,pack,Y,2026-10-05 06:00:00
PRD00013,CAT24,Heritage Lite Daily Item 1012,Saffola,24.56,500g,Y,2026-10-05 06:00:00
PRD00014,CAT23,Weikfield Lite Select Box 1013,Heritage,16.51,1L,Y,2026-10-05 06:00:00
PRD00015,CAT29,ITC Classic Fresh Box 1014,MTR,31.32,500g,Y,2026-10-05 06:00:00
PRD00016,CAT34,MTR Foods Organic Natural Item 1015,Close-Up,170.81,pcs,Y,2026-10-05 06:00:00
PRD00017,CAT21,Surf Excel Ultra  Pouch 1016,Lakme,10.65,250g,Y,2026-10-05 06:00:00
PRD00018,CAT30,Godrej Premium  Pouch 1017,Pepsi,8.57,pcs,Y,2026-10-05 06:00:00
PRD00019,CAT26,Vim Regular Natural Bottle 1018,Fresho,137.56,pcs,Y,2026-10-05 06:00:00
PRD00020,CAT20,Nivea Classic Select Pouch 1019,Licious,30.31,pcs,N,2026-10-05 06:00:00
PRD00021,CAT16,Dabur Ultra  Jar 1020,Johnson's,20.04,250g,Y,2026-10-05 06:00:00
PRD00022,CAT03,Vim Premium Daily Box 1021,Lay's,93.31,500g,Y,2026-10-05 06:00:00
PRD00023,CAT37,Vim Classic Natural Pouch 1022,Dove,21.22,500g,Y,2026-10-05 06:00:00
PRD00024,CAT40,Parle Classic Fresh Pouch 1023,Harpic,189.31,1L,Y,2026-10-05 06:00:00
PRD00025,CAT44,Colgate Organic Natural Bottle 1024,Heritage,67.37,pcs,Y,2026-10-05 06:00:00
PRD00026,CAT25,Frooti Ultra  Pack 1025,Close-Up,23.59,bottle,Y,2026-10-05 06:00:00
PRD00027,CAT23,Dettol Organic  Pouch 1026,Dettol,255.08,500g,Y,2026-10-05 06:00:00
PRD00028,CAT44,Huggies Ultra Select Pouch 1027,Surf Excel,21.22,500g,Y,2026-10-05 06:00:00
PRD00029,CAT01,Thirumala Premium Fresh Box 1028,Britannia,71.37,pcs,Y,2026-10-05 06:00:00
PRD00030,CAT33,Patanjali Organic Natural Bottle 1029,Lakme,47.91,pcs,Y,2026-10-05 06:00:00
PRD00031,CAT15,Rin Family Pack Daily Pouch 1030,Catch,118.1,kg,Y,2026-10-05 06:00:00
PRD00032,CAT17,Close-Up Gold  Box 1031,Parle,149.21,500g,Y,2026-10-05 06:00:00
PRD00033,CAT34,Whiskas Regular  Carton 1032,Amul,37.67,250g,Y,2026-10-05 06:00:00
PRD00034,CAT17,Saffola Lite Fresh Pack 1033,Frooti,18.58,pcs,Y,2026-10-05 06:00:00
PRD00035,CAT41,Sudha Lite  Item 1034,Thirumala,55.37,1L,Y,2026-10-05 06:00:00
PRD00036,CAT44,Britannia Lite Extra Pouch 1035,Oleev,19.89,kg,Y,2026-10-05 06:00:00
PRD00037,CAT04,Sunpure Classic Extra Bottle 1036,Fortune,224.09,pcs,Y,2026-10-05 06:00:00
PRD00038,CAT13,Licious Lite Select Bottle 1037,Harpic,41.38,1L,Y,2026-10-05 06:00:00
PRD00039,CAT04,Bisleri Lite  Jar 1038,Fortune,26.34,kg,Y,2026-10-05 06:00:00
PRD00040,CAT07,Frooti Premium  Carton 1039,Gowardhan,43.22,250g,Y,2026-10-05 06:00:00
PRD00041,CAT09,Vim Lite  Carton 1040,Britannia,10.89,pcs,Y,2026-10-05 06:00:00
PRD00042,CAT23,Frooti Family Pack  Pouch 1041,Clinic Plus,15.26,500g,Y,2026-10-05 06:00:00
PRD00043,CAT33,Mother Dairy Classic Extra Pack 1042,Fresho,107.81,pcs,Y,2026-10-05 06:00:00
PRD00044,CAT33,Sudha Family Pack Natural Carton 1043,Patanjali,20.26,bottle,Y,2026-10-05 06:00:00
PRD00045,CAT20,Fresho Family Pack Select Carton 1044,Sudha,14.26,1L,Y,2026-10-05 06:00:00
PRD00046,CAT04,Safal Family Pack  Jar 1045,Tata,59.32,kg,Y,2026-10-05 06:00:00
PRD00047,CAT01,A2B Family Pack Extra Box 1046,Johnson's,106.39,pcs,Y,2026-10-05 06:00:00
PRD00048,CAT42,Saffola Lite Fresh Carton 1047,Britannia,69.9,500g,Y,2026-10-05 06:00:00
PRD00049,CAT34,Oleev Family Pack Daily Box 1048,Aashirvaad,89.7,pcs,Y,2026-10-05 06:00:00
PRD00050,CAT27,Rin Classic Fresh Pack 1049,Gowardhan,18.52,500g,N,2026-10-05 06:00:00
PRD00051,CAT21,ITC Regular Natural Pouch 1050,Close-Up,10.18,pcs,Y,2026-10-05 06:00:00
PRD00052,CAT24,Dove Gold  Pack 1051,Coca-Cola,141.34,pcs,Y,2026-10-05 06:00:00
PRD00053,CAT15,Gowardhan Gold Daily Item 1052,Surf Excel,27.37,pack,Y,2026-10-05 06:00:00
PRD00054,CAT35,Dettol Organic Natural Pouch 1053,Bisleri,29.2,pcs,Y,2026-10-05 06:00:00
PRD00055,CAT25,Clinic Plus Organic  Pack 1054,Nestle,120.95,500g,Y,2026-10-05 06:00:00
PRD00056,CAT09,Thirumala Organic Select Carton 1055,Vim,60.38,kg,Y,2026-10-05 06:00:00
PRD00057,CAT17,Ariel Premium Select Bottle 1056,Everest,55.16,dozen,N,2026-10-05 06:00:00
PRD00058,CAT21,Amul Regular Fresh Carton 1057,Licious,256.85,kilo,Y,2026-10-05 06:00:00
PRD00059,CAT13,Gowardhan Organic Daily Bottle 1058,Lay's,20.51,kg,Y,2026-10-05 06:00:00
PRD00060,CAT03,Fortune Ultra Select Bottle 1059,Oleev,84.36,pcs,Y,2026-10-05 06:00:00
PRD00061,CAT04,Nestle Organic Natural Jar 1060,Nivea,38.53,500g,N,2026-10-05 06:00:00
PRD00062,CAT04,Rasna Organic  Carton 1061,Huggies,46.61,bottle,Y,2026-10-05 06:00:00
PRD00063,CAT43,Clinic Plus Gold  Bottle 1062,Nivea,144.84,250g,Y,2026-10-05 06:00:00
PRD00064,CAT28,Ariel Premium  Jar 1063,Parle,57.8,pack,N,2026-10-05 06:00:00
PRD00065,CAT07,Vim Gold Extra Pack 1064,Vim,59.41,pack,Y,2026-10-05 06:00:00
PRD00066,CAT26,Tata Ultra Select Box 1065,Ariel,96.09,pcs,Y,2026-10-05 06:00:00
PRD00067,CAT11,Patanjali Family Pack Natural Box 1066,A2B,26.35,1L,Y,2026-10-05 06:00:00
PRD00068,CAT24,Saffola Organic Fresh Carton 1067,Whiskas,17.2,500g,Y,2026-10-05 06:00:00
PRD00069,CAT43,Thirumala Organic Fresh Carton 1068,Coca-Cola,14.29,500g,Y,2026-10-05 06:00:00
PRD00070,CAT10,Dove Family Pack  Jar 1069,Frooti,6.24,pcs,Y,2026-10-05 06:00:00
PRD00071,CAT37,Pampers Premium Natural Pack 1070,Rasna,232.89,pcs,Y,2026-10-05 06:00:00
PRD00072,CAT13,MTR Foods Classic  Carton 1071,Amul,13.56,pack,Y,2026-10-05 06:00:00
PRD00073,CAT44,Nestle Lite Daily Carton 1072,Heritage,29.99,bottle,N,2026-10-05 06:00:00
PRD00074,CAT42,Nestle Gold Daily Pack 1073,Catch,28.53,1L,Y,2026-10-05 06:00:00
PRD00075,CAT39,Close-Up Classic Daily Bottle 1074,Whiskas,48.26,500g,Y,2026-10-05 06:00:00
PRD00076,CAT19,Frooti Ultra Natural Pack 1075,Britannia,76.26,250g,Y,2026-10-05 06:00:00
PRD00077,CAT19,Nivea Classic  Box 1076,Bisleri,79.39,1L,Y,2026-10-05 06:00:00
PRD00078,CAT12,Harpic Premium Fresh Pouch 1077,Fortune,21.65,dozen,Y,2026-10-05 06:00:00
PRD00079,CAT22,Rasna Organic Select Jar 1078,Marico,31.49,pcs,Y,2026-10-05 06:00:00
PRD00080,CAT37,Dabur Classic Daily Item 1079,Patanjali,47.2,500g,Y,2026-10-05 06:00:00
PRD00081,CAT30,Frooti Ultra  Carton 1080,Sunfeast,29.26,bottle,Y,2026-10-05 06:00:00
PRD00082,CAT12,Huggies Premium Natural Pouch 1081,Thirumala,155.49,bottle,Y,2026-10-05 06:00:00
PRD00083,CAT29,Vim Regular  Pouch 1082,A2B,56.93,500g,Y,2026-10-05 06:00:00
PRD00084,CAT21,MTR Foods Regular  Carton 1083,Surf Excel,70.91,pcs,Y,2026-10-05 06:00:00
PRD00085,CAT11,Dettol Family Pack  Bottle 1084,Thirumala,66.46,pack,Y,2026-10-05 06:00:00
PRD00086,CAT37,MTR Family Pack  Bottle 1085,Johnson's,105.23,1L,Y,2026-10-05 06:00:00
PRD00087,CAT18,Pepsi Ultra Extra Bottle 1086,Colgate,43.07,250g,Y,2026-10-05 06:00:00
PRD00088,CAT44,Vim Ultra Natural Carton 1087,Sudha,11.39,500g,Y,2026-10-05 06:00:00
PRD00089,CAT27,Mother Dairy Classic Fresh Bottle 1088,Dove,52.44,pcs,Y,2026-10-05 06:00:00
PRD00090,CAT37,Mother Dairy Family Pack Select Box 1089,Whiskas,20.36,pcs,Y,2026-10-05 06:00:00
PRD00091,CAT12,Nestle Family Pack Natural Pack 1090,Vim,22.74,1L,Y,2026-10-05 06:00:00
PRD00092,CAT23,Gillette Lite Natural Carton 1091,Oleev,62.04,pcs,Y,2026-10-05 06:00:00
PRD00093,CAT34,Godrej Regular Fresh Pouch 1092,Ariel,111.55,pcs,Y,2026-10-05 06:00:00
PRD00094,CAT38,Frooti Ultra  Pouch 1093,Clinic Plus,37.31,500g,Y,2026-10-05 06:00:00
PRD00095,CAT23,Dabur Classic Daily Jar 1094,MDH,48.33,500g,Y,2026-10-05 06:00:00
PRD00096,CAT25,Dettol Family Pack Daily Jar 1095,Weikfield,169.35,pcs,Y,2026-10-05 06:00:00
PRD00097,CAT04,Close-Up Family Pack Extra Carton 1096,Godrej,45.45,pcs,N,2026-10-05 06:00:00
PRD00098,CAT30,Nestle Classic Fresh Pack 1097,Maggi,380.51,kg,N,2026-10-05 06:00:00
PRD00099,CAT30,Bisleri Lite Fresh Jar 1098,Vim,60.88,pcs,Y,2026-10-05 06:00:00
PRD00100,CAT13,Ariel Regular Extra Pouch 1099,Thirumala,7.5,500g,Y,2026-10-05 06:00:00
PRD00101,CAT42,Pedigree Regular Select Jar 1100,Harpic,72.1,pcs,Y,2026-10-05 06:00:00
PRD00102,CAT14,Johnson's Regular Natural Jar 1101,MDH,51.58,bottle,Y,2026-10-05 06:00:00
PRD00103,CAT08,Clinic Plus Ultra Fresh Box 1102,Vim,116.84,500g,Y,2026-10-05 06:00:00
PRD00104,CAT24,Fortune Classic Daily Box 1103,Godrej,67.08,pcs,Y,2026-10-05 06:00:00
PRD00105,CAT18,Surf Excel Gold Daily Pack 1104,Lakme,32.31,pcs,Y,2026-10-05 06:00:00
PRD00106,CAT35,Everest Family Pack Fresh Jar 1105,Everest,12.16,250g,Y,2026-10-05 06:00:00
PRD00107,CAT25,Ariel Ultra  Carton 1106,Rasna,30.32,250g,Y,2026-10-05 06:00:00
PRD00108,CAT17,Dabur Ultra Daily Box 1107,Rasna,17.02,500g,Y,2026-10-05 06:00:00
PRD00109,CAT32,Pepsi Ultra  Jar 1108,Aashirvaad,21.7,pcs,Y,2026-10-05 06:00:00
PRD00110,CAT24,Pampers Gold Fresh Item 1109,Aashirvaad,62.16,500g,Y,2026-10-05 06:00:00
PRD00111,CAT07,Tata Ultra  Jar 1110,Patanjali,164.5,1L,Y,2026-10-05 06:00:00
PRD00112,CAT13,A2B Family Pack  Carton 1111,Dove,52.21,250g,Y,2026-10-05 06:00:00
PRD00113,CAT27,Amul Ultra Extra Bottle 1112,Harpic,12.47,pcs,Y,2026-10-05 06:00:00
PRD00114,CAT05,Rin Regular  Item 1113,Sunpure,54.61,1L,Y,2026-10-05 06:00:00
PRD00115,CAT36,Godrej Family Pack  Carton 1114,Heritage,107.44,pcs,Y,2026-10-05 06:00:00
PRD00116,CAT26,Aashirvaad Organic Extra Item 1115,Godrej,21.14,1L,Y,2026-10-05 06:00:00
PRD00117,CAT42,Huggies Premium  Pack 1116,Safal,32.44,1L,Y,2026-10-05 06:00:00
PRD00118,CAT31,Sudha Ultra  Pack 1117,Maggi,37.09,bottle,Y,2026-10-05 06:00:00
PRD00119,CAT10,Surf Excel Organic Daily Carton 1118,Close-Up,18.06,500g,Y,2026-10-05 06:00:00
PRD00120,CAT26,Pedigree Organic Extra Bottle 1119,Haldiram's,65.59,500g,Y,2026-10-05 06:00:00
PRD00121,CAT22,Colgate Organic Fresh Pouch 1120,Frooti,32.82,pcs,Y,2026-10-05 06:00:00
PRD00122,CAT12,Lakme Premium  Carton 1121,Maggi,53.39,pcs,Y,2026-10-05 06:00:00
PRD00123,CAT32,Patanjali Lite Fresh Jar 1122,Safal,16.47,pcs,Y,2026-10-05 06:00:00
PRD00124,CAT27,Dove Gold Daily Pack 1123,Mother Dairy,24.69,pcs,Y,2026-10-05 06:00:00
PRD00125,CAT33,Johnson's Classic  Item 1124,Johnson's,70.12,pcs,Y,2026-10-05 06:00:00
PRD00126,CAT20,Dettol Family Pack Extra Box 1125,Pedigree,26.17,dozen,Y,2026-10-05 06:00:00
PRD00127,CAT39,Britannia Lite Fresh Jar 1126,Frooti,173.17,1L,N,2026-10-05 06:00:00
PRD00128,CAT41,Himalaya Family Pack  Jar 1127,Dabur,25.54,pcs,Y,2026-10-05 06:00:00
PRD00129,CAT40,Fortune Ultra Daily Bottle 1128,Himalaya,44.8,pcs,Y,2026-10-05 06:00:00
PRD00130,CAT13,Surf Excel Lite  Box 1129,Pepsi,84.72,500g,Y,2026-10-05 06:00:00
PRD00131,CAT14,Heritage Gold  Item 1130,Johnson's,10.21,pcs,Y,2026-10-05 06:00:00
PRD00132,CAT44,Coca-Cola Ultra Fresh Bottle 1131,Lay's,7.5,pcs,Y,2026-10-05 06:00:00
PRD00133,CAT40,Surf Excel Family Pack Fresh Jar 1132,Mother Dairy,9.27,500g,Y,2026-10-05 06:00:00
PRD00134,CAT22,Bisleri Ultra Extra Bottle 1133,Vim,114.01,bottle,Y,2026-10-05 06:00:00
PRD00135,CAT18,Dove Premium Select Jar 1134,A2B,22.27,1L,Y,2026-10-05 06:00:00
PRD00136,CAT29,Parle Ultra  Item 1135,Himalaya,365.91,500g,Y,2026-10-05 06:00:00
PRD00137,CAT43,Fortune Premium Fresh Pouch 1136,Lakme,22.02,pack,Y,2026-10-05 06:00:00
PRD00138,CAT16,Britannia Gold Extra Pouch 1137,Dove,43.21,pcs,Y,2026-10-05 06:00:00
PRD00139,CAT35,MTR Foods Family Pack Fresh Pack 1138,Tata,146.63,pcs,Y,2026-10-05 06:00:00
PRD00140,CAT34,Ariel Organic Extra Item 1139,Clinic Plus,222.62,500g,Y,2026-10-05 06:00:00
PRD00141,CAT03,Close-Up Regular Select Box 1140,Nivea,234.01,250g,Y,2026-10-05 06:00:00
PRD00142,CAT04,Parle Classic  Box 1141,Close-Up,108.58,500g,Y,2026-10-05 06:00:00
PRD00143,CAT05,Dettol Family Pack Fresh Jar 1142,MDH,91.99,pcs,Y,2026-10-05 06:00:00
PRD00144,CAT10,Bisleri Premium Extra Item 1143,Dettol,62.38,kg,Y,2026-10-05 06:00:00
PRD00145,CAT29,Parle Ultra Natural Item 1144,Frooti,73.74,pcs,Y,2026-10-05 06:00:00
PRD00146,CAT32,Oleev Organic  Jar 1145,Parle,22.29,250g,Y,2026-10-05 06:00:00
PRD00147,CAT31,A2B Family Pack Select Item 1146,Huggies,17.52,bottle,Y,2026-10-05 06:00:00
PRD00148,CAT02,Dabur Regular Extra Jar 1147,Maggi,36.49,pcs,Y,2026-10-05 06:00:00
PRD00149,CAT12,Rin Premium Daily Box 1148,Pampers,31.4,pack,Y,2026-10-05 06:00:00
PRD00150,CAT27,Johnson's Gold Fresh Bottle 1149,MTR Foods,24.34,250g,Y,2026-10-05 06:00:00
PRD00151,CAT05,Licious Family Pack  Item 1150,Catch,68.49,bottle,Y,2026-10-05 06:00:00
PRD00152,CAT37,Marico Lite  Box 1151,Sudha,86.47,pcs,Y,2026-10-05 06:00:00
PRD00153,CAT27,Johnson's Premium Select Item 1152,Parle,39.63,kg,Y,2026-10-05 06:00:00
PRD00154,CAT23,Fortune Classic Extra Item 1153,Godrej,138.35,pcs,Y,2026-10-05 06:00:00
PRD00155,CAT33,MTR Foods Gold Extra Jar 1154,Sunpure,13.1,pack,Y,2026-10-05 06:00:00
PRD00156,CAT04,Himalaya Ultra Select Carton 1155,MTR,30.74,500g,Y,2026-10-05 06:00:00
PRD00157,CAT21,Close-Up Family Pack Daily Bottle 1156,Close-Up,19.2,pcs,Y,2026-10-05 06:00:00
PRD00158,CAT24,Johnson's Gold Select Pack 1157,Dove,6.82,pcs,Y,2026-10-05 06:00:00
PRD00159,CAT44,Safal Gold  Box 1158,Licious,33.97,500g,Y,2026-10-05 06:00:00
PRD00160,CAT31,Oleev Organic Natural Carton 1159,Pampers,32.8,500g,N,2026-10-05 06:00:00
PRD00161,CAT44,Whiskas Ultra  Box 1160,Oleev,142.89,pcs,Y,2026-10-05 06:00:00
PRD00162,CAT24,Catch Ultra Extra Carton 1161,Huggies,64.57,pcs,Y,2026-10-05 06:00:00
PRD00163,CAT10,Lay's Family Pack Extra Box 1162,Dabur,14.56,500g,Y,2026-10-05 06:00:00
PRD00164,CAT02,Haldiram's Organic Extra Box 1163,Gowardhan,194.16,500g,Y,2026-10-05 06:00:00
PRD00165,CAT31,A2B Lite Daily Pouch 1164,Gillette,109.83,500g,Y,2026-10-05 06:00:00
PRD00166,CAT25,Gowardhan Lite Select Item 1165,Safal,61.8,bottle,Y,2026-10-05 06:00:00
PRD00167,CAT04,Parle Family Pack Select Bottle 1166,Amul,29.85,1L,Y,2026-10-05 06:00:00
PRD00168,CAT11,Weikfield Gold Extra Item 1167,Saffola,15.43,pcs,Y,2026-10-05 06:00:00
PRD00169,CAT17,Maggi Regular  Carton 1168,Fresho,26.18,500g,Y,2026-10-05 06:00:00
PRD00170,CAT44,Sunpure Family Pack  Pouch 1169,Pampers,97.5,250g,Y,2026-10-05 06:00:00
PRD00171,CAT02,Safal Family Pack  Jar 1170,Fresho,199.56,pcs,Y,2026-10-05 06:00:00
PRD00172,CAT06,Lay's Organic  Item 1171,Himalaya,146.78,500g,Y,2026-10-05 06:00:00
PRD00173,CAT09,Close-Up Ultra Natural Pouch 1172,Heritage,23.57,500g,Y,2026-10-05 06:00:00
PRD00174,CAT05,Frooti Organic  Carton 1173,Sudha,13.36,kg,Y,2026-10-05 06:00:00
PRD00175,CAT20,Haldiram's Organic Natural Jar 1174,Thirumala,41.55,500g,Y,2026-10-05 06:00:00
PRD00176,CAT29,MDH Family Pack  Pouch 1175,Pepsi,0.0,250g,Y,2026-10-05 06:00:00
PRD00177,CAT21,Aashirvaad Lite Fresh Pack 1176,Lakme,48.95,pcs,Y,2026-10-05 06:00:00
PRD00178,CAT09,Everest Classic Select Item 1177,Lakme,32.05,250g,Y,2026-10-05 06:00:00
PRD00179,CAT28,Saffola Classic Extra Pack 1178,Catch,24.06,pcs,Y,2026-10-05 06:00:00
PRD00180,CAT08,Frooti Ultra  Item 1179,Weikfield,8.71,500g,Y,2026-10-05 06:00:00
PRD00181,CAT31,Parle Premium Fresh Box 1180,Colgate,58.1,500g,Y,2026-10-05 06:00:00
PRD00182,CAT20,MTR Organic  Pack 1181,Whiskas,22.66,kg,Y,2026-10-05 06:00:00
PRD00183,CAT27,Pedigree Organic  Pack 1182,Rin,12.77,pcs,Y,2026-10-05 06:00:00
PRD00184,CAT08,Pepsi Classic Select Pouch 1183,Mother Dairy,3.0,pcs,Y,2026-10-05 06:00:00
PRD00185,CAT21,Rasna Lite Extra Pouch 1184,Patanjali,35.7,250g,Y,2026-10-05 06:00:00
PRD00186,CAT28,Lay's Lite Extra Jar 1185,Harpic,180.37,1L,Y,2026-10-05 06:00:00
PRD00187,CAT23,Godrej Family Pack Fresh Jar 1186,Dove,163.23,pcs,Y,2026-10-05 06:00:00
PRD00188,CAT06,Amul Family Pack Fresh Jar 1187,Parle,24.25,pcs,Y,2026-10-05 06:00:00
PRD00189,CAT03,Pampers Gold  Bottle 1188,Johnson's,21.29,500g,Y,2026-10-05 06:00:00
PRD00190,CAT05,Sunfeast Ultra Select Jar 1189,Haldiram's,55.81,500g,Y,2026-10-05 06:00:00
PRD00191,CAT09,Godrej Family Pack Fresh Pack 1190,Lakme,14.9,pack,Y,2026-10-05 06:00:00
PRD00192,CAT07,Gowardhan Family Pack  Pack 1191,Thirumala,48.02,pcs,Y,2026-10-05 06:00:00
PRD00193,CAT04,Gowardhan Regular Fresh Jar 1192,Himalaya,72.93,bottle,Y,2026-10-05 06:00:00
PRD00194,CAT39,Himalaya Premium Select Box 1193,Gowardhan,110.41,500g,Y,2026-10-05 06:00:00
PRD00195,CAT05,Amul Premium Extra Carton 1194,Britannia,33.44,pcs,N,2026-10-05 06:00:00
PRD00196,CAT11,Fresho Ultra Daily Pouch 1195,Johnson's,30.47,500g,Y,2026-10-05 06:00:00
PRD00197,CAT15,Sudha Regular Daily Jar 1196,Frooti,16.61,1L,Y,2026-10-05 06:00:00
PRD00198,CAT34,Dabur Ultra  Jar 1197,Heritage,17.39,pcs,Y,2026-10-05 06:00:00
PRD00199,CAT13,Harpic Premium Fresh Carton 1198,Safal,29.85,250g,Y,2026-10-05 06:00:00
PRD00200,CAT07,Rin Premium Natural Jar 1199,Pedigree,50.94,250g,Y,2026-10-05 06:00:00
PRD00201,CAT40,Maggi Classic Fresh Box 1200,Coca-Cola,83.28,pcs,Y,2026-10-05 06:00:00
PRD00202,CAT06,Everest Organic  Pack 1201,Everest,17.76,pcs,Y,2026-10-05 06:00:00
PRD00203,CAT39,Maggi Regular Fresh Carton 1202,MTR Foods,140.25,pcs,Y,2026-10-05 06:00:00
PRD00204,CAT30,Coca-Cola Ultra Extra Carton 1203,Catch,28.67,pack,Y,2026-10-05 06:00:00
PRD00205,CAT22,Himalaya Regular  Bottle 1204,Dettol,35.9,pcs,Y,2026-10-05 06:00:00
PRD00206,CAT25,Aashirvaad Gold Daily Carton 1205,MTR Foods,18.68,pack,Y,2026-10-05 06:00:00
PRD00207,CAT28,Rasna Organic Natural Item 1206,Nestle,4.13,500g,Y,2026-10-05 06:00:00
PRD00208,CAT20,Ananda Organic  Box 1207,Dove,81.1,250g,Y,2026-10-05 06:00:00
PRD00209,CAT39,Pampers Classic Extra Box 1208,MDH,71.03,1L,Y,2026-10-05 06:00:00
PRD00210,CAT03,Rasna Ultra Select Carton 1209,Nestle,28.41,pcs,N,2026-10-05 06:00:00
PRD00211,CAT05,Marico Regular  Jar 1210,MTR Foods,38.87,bottle,N,2026-10-05 06:00:00
PRD00212,CAT01,Fortune Family Pack  Pouch 1211,Godrej,58.23,250g,Y,2026-10-05 06:00:00
PRD00213,CAT15,Licious Regular Daily Jar 1212,Lakme,8.97,500g,Y,2026-10-05 06:00:00
PRD00214,CAT26,Aashirvaad Family Pack Fresh Jar 1213,Fresho,22.73,1L,Y,2026-10-05 06:00:00
PRD00215,CAT03,Dettol Classic  Item 1214,Everest,74.8,1L,Y,2026-10-05 06:00:00
PRD00216,CAT40,Britannia Ultra Extra Item 1215,Patanjali,11.84,500g,Y,2026-10-05 06:00:00
PRD00217,CAT41,Harpic Lite  Bottle 1216,Lay's,47.67,500g,Y,2026-10-05 06:00:00
PRD00218,CAT42,Clinic Plus Regular Select Pouch 1217,Frooti,10.79,pcs,Y,2026-10-05 06:00:00
PRD00219,CAT34,Everest Gold Select Jar 1218,Whiskas,55.69,dozen,Y,2026-10-05 06:00:00
PRD00220,CAT05,Harpic Family Pack Select Box 1219,MTR Foods,35.44,1L,Y,2026-10-05 06:00:00
PRD00221,CAT31,Britannia Regular Daily Bottle 1220,Thirumala,8.55,pcs,Y,2026-10-05 06:00:00
PRD00222,CAT13,Rin Lite Natural Item 1221,Pepsi,104.4,500g,N,2026-10-05 06:00:00
PRD00223,CAT43,Rasna Regular Natural Item 1222,Gillette,18.89,pcs,Y,2026-10-05 06:00:00
PRD00224,CAT01,Bisleri Ultra Daily Item 1223,Saffola,17.65,pcs,Y,2026-10-05 06:00:00
PRD00225,CAT22,Sunpure Family Pack  Jar 1224,MTR,43.84,500g,Y,2026-10-05 06:00:00
PRD00226,CAT15,Patanjali Premium  Carton 1225,Patanjali,102.9,500g,Y,2026-10-05 06:00:00
PRD00227,CAT26,Haldiram's Lite  Carton 1226,Aashirvaad,14.67,dozen,Y,2026-10-05 06:00:00
PRD00228,CAT18,Huggies Lite  Carton 1227,Ananda,38.69,dozen,Y,2026-10-05 06:00:00
PRD00229,CAT09,Saffola Lite Daily Carton 1228,Aashirvaad,53.84,pcs,Y,2026-10-05 06:00:00
PRD00230,CAT01,A2B Lite Natural Carton 1229,Catch,68.29,500g,Y,2026-10-05 06:00:00
PRD00231,CAT43,Lay's Premium Fresh Carton 1230,Gillette,42.9,pack,N,2026-10-05 06:00:00
PRD00232,CAT09,Lay's Gold Fresh Carton 1231,Frooti,26.3,pcs,Y,2026-10-05 06:00:00
PRD00233,CAT23,Pepsi Classic  Pack 1232,Saffola,17.38,250g,Y,2026-10-05 06:00:00
PRD00234,CAT43,Amul Regular Daily Pouch 1233,Whiskas,39.55,bottle,Y,2026-10-05 06:00:00
PRD00235,CAT02,Parle Premium  Box 1234,MDH,13.94,1L,Y,2026-10-05 06:00:00
PRD00236,CAT14,Tata Gold Select Pouch 1235,Tata,3.0,pcs,Y,2026-10-05 06:00:00
PRD00237,CAT38,Surf Excel Classic Extra Bottle 1236,Licious,54.21,kg,Y,2026-10-05 06:00:00
PRD00238,CAT40,Oleev Regular  Bottle 1237,Clinic Plus,82.56,bottle,Y,2026-10-05 06:00:00
PRD00239,CAT18,Whiskas Lite  Jar 1238,Marico,4.36,250g,Y,2026-10-05 06:00:00
PRD00240,CAT16,Ananda Ultra Extra Jar 1239,Godrej,14.75,500g,Y,2026-10-05 06:00:00
PRD00241,CAT29,Nestle Premium Extra Carton 1240,Britannia,63.89,pack,Y,2026-10-05 06:00:00
PRD00242,CAT44,Bisleri Organic  Bottle 1241,Dabur,233.16,pcs,Y,2026-10-05 06:00:00
PRD00243,CAT11,MDH Family Pack  Item 1242,Rasna,37.29,pcs,Y,2026-10-05 06:00:00
PRD00244,CAT06,Parle Gold  Pack 1243,Everest,19.01,500g,Y,2026-10-05 06:00:00
PRD00245,CAT03,ITC Regular Select Pouch 1244,Johnson's,31.04,dozen,Y,2026-10-05 06:00:00
PRD00246,CAT14,Pedigree Ultra Extra Pouch 1245,ITC,126.14,pack,Y,2026-10-05 06:00:00
PRD00247,CAT02,Nivea Organic  Carton 1246,Sunfeast,20.46,250g,Y,2026-10-05 06:00:00
PRD00248,CAT32,Frooti Classic Daily Bottle 1247,Pampers,17.83,500g,Y,2026-10-05 06:00:00
PRD00249,CAT31,Rin Lite Select Box 1248,Saffola,23.7,pcs,Y,2026-10-05 06:00:00
PRD00250,CAT11,Heritage Family Pack Select Bottle 1249,Whiskas,15.52,pack,Y,2026-10-05 06:00:00
PRD00251,CAT22,Catch Classic Natural Bottle 1250,Ananda,40.87,1L,Y,2026-10-05 06:00:00
PRD00252,CAT03,Parle Ultra Natural Pack 1251,Thirumala,157.94,pack,Y,2026-10-05 06:00:00
PRD00253,CAT31,Rasna Family Pack  Item 1252,Johnson's,48.95,500g,Y,2026-10-05 06:00:00
PRD00254,CAT33,Thirumala Classic  Bottle 1253,Godrej,29.16,250g,Y,2026-10-05 06:00:00
PRD00255,CAT24,Harpic Regular  Pouch 1254,Nivea,28.15,bottle,Y,2026-10-05 06:00:00
PRD00256,CAT01,Tata Regular  Bottle 1255,Pedigree,8.96,500g,Y,2026-10-05 06:00:00
PRD00257,CAT44,Sunfeast Organic  Box 1256,Pepsi,81.03,pcs,Y,2026-10-05 06:00:00
PRD00258,CAT15,Nivea Ultra Natural Item 1257,Aashirvaad,34.12,pcs,Y,2026-10-05 06:00:00
PRD00259,CAT37,Huggies Lite  Jar 1258,Everest,31.11,bottle,Y,2026-10-05 06:00:00
PRD00260,CAT27,Close-Up Lite  Box 1259,Lakme,647.94,250g,Y,2026-10-05 06:00:00
PRD00261,CAT38,Sunpure Regular  Carton 1260,Sunpure,47.89,250g,Y,2026-10-05 06:00:00
PRD00262,CAT27,ITC Lite Select Carton 1261,Dettol,18.6,pcs,Y,2026-10-05 06:00:00
PRD00263,CAT44,Johnson's Premium Fresh Item 1262,Lakme,24.94,250g,Y,2026-10-05 06:00:00
PRD00264,CAT12,Pepsi Ultra Fresh Box 1263,Dabur,102.88,1L,Y,2026-10-05 06:00:00
PRD00265,CAT03,Sunfeast Premium  Carton 1264,Bisleri,40.53,pcs,Y,2026-10-05 06:00:00
PRD00266,CAT30,Lay's Organic  Pack 1265,Patanjali,10.03,dozen,Y,2026-10-05 06:00:00
PRD00267,CAT32,Everest Premium  Jar 1266,Gillette,83.71,500g,Y,2026-10-05 06:00:00
PRD00268,CAT23,Pedigree Lite Select Bottle 1267,Coca-Cola,20.06,pcs,Y,2026-10-05 06:00:00
PRD00269,CAT02,Clinic Plus Regular  Box 1268,Ariel,197.55,500g,Y,2026-10-05 06:00:00
PRD00270,CAT07,Colgate Regular  Item 1269,Mother Dairy,96.74,pcs,Y,2026-10-05 06:00:00
PRD00271,CAT34,Lay's Gold  Jar 1270,Sunpure,24.47,1L,N,2026-10-05 06:00:00
PRD00272,CAT32,Dove Ultra Extra Jar 1271,Licious,115.92,pcs,Y,2026-10-05 06:00:00
PRD00273,CAT39,Vim Family Pack Extra Bottle 1272,Haldiram's,38.9,pack,Y,2026-10-05 06:00:00
PRD00274,CAT32,ITC Lite  Box 1273,Licious,78.85,500g,Y,2026-10-05 06:00:00
PRD00275,CAT43,Vim Classic Fresh Jar 1274,Catch,56.61,kilo,Y,2026-10-05 06:00:00
PRD00276,CAT43,Rasna Family Pack Fresh Item 1275,Mother Dairy,17.09,1L,Y,2026-10-05 06:00:00
PRD00277,CAT14,Fortune Organic  Item 1276,Dabur,20.51,250g,N,2026-10-05 06:00:00
PRD00278,CAT03,Patanjali Ultra Daily Carton 1277,Pepsi,92.48,pcs,Y,2026-10-05 06:00:00
PRD00279,CAT32,Maggi Ultra Fresh Box 1278,ITC,27.08,dozen,Y,2026-10-05 06:00:00
PRD00280,CAT43,Surf Excel Premium Extra Jar 1279,Rin,25.45,1L,Y,2026-10-05 06:00:00
PRD00281,CAT36,Vim Gold  Bottle 1280,ITC,15.49,pcs,Y,2026-10-05 06:00:00
PRD00282,CAT17,Pampers Lite Natural Item 1281,MDH,53.58,500g,Y,2026-10-05 06:00:00
PRD00283,CAT03,Bisleri Premium Select Item 1282,Nestle,234.22,500g,Y,2026-10-05 06:00:00
PRD00284,CAT10,Clinic Plus Classic Natural Pouch 1283,Thirumala,14.0,pack,N,2026-10-05 06:00:00
PRD00285,CAT40,Vim Organic Select Box 1284,Nestle,37.4,pcs,Y,2026-10-05 06:00:00
PRD00286,CAT18,Surf Excel Organic  Box 1285,Britannia,130.45,pcs,N,2026-10-05 06:00:00
PRD00287,CAT03,Coca-Cola Family Pack Natural Item 1286,Rin,34.07,pcs,Y,2026-10-05 06:00:00
PRD00288,CAT39,Vim Classic Daily Bottle 1287,A2B,54.99,pcs,Y,2026-10-05 06:00:00
PRD00289,CAT10,Ariel Organic  Bottle 1288,Surf Excel,14.07,250g,Y,2026-10-05 06:00:00
PRD00290,CAT09,A2B Ultra Natural Pack 1289,Coca-Cola,53.81,1L,Y,2026-10-05 06:00:00
PRD00291,CAT11,Haldiram's Gold  Pouch 1290,Pepsi,30.93,pcs,Y,2026-10-05 06:00:00
PRD00292,CAT33,Marico Classic Daily Carton 1291,Gillette,88.87,pcs,Y,2026-10-05 06:00:00
PRD00293,CAT36,Sunfeast Regular  Pack 1292,Tata,106.55,500g,Y,2026-10-05 06:00:00
PRD00294,CAT26,Harpic Gold Fresh Pack 1293,Maggi,376.38,250g,Y,2026-10-05 06:00:00
PRD00295,CAT27,Pepsi Gold  Pack 1294,MTR,61.66,pack,Y,2026-10-05 06:00:00
PRD00296,CAT38,Oleev Family Pack Extra Carton 1295,Saffola,49.07,pcs,N,2026-10-05 06:00:00
PRD00297,CAT22,Huggies Family Pack Natural Carton 1296,A2B,43.6,pcs,N,2026-10-05 06:00:00
PRD00298,CAT26,Marico Regular  Bottle 1297,Mother Dairy,26.63,500g,Y,2026-10-05 06:00:00
PRD00299,CAT22,Aashirvaad Family Pack Extra Jar 1298,Godrej,49.63,bottle,Y,2026-10-05 06:00:00
PRD00300,CAT05,Colgate Ultra  Box 1299,Catch,28.05,500g,Y,2026-10-05 06:00:00
PRD00301,CAT35,Whiskas Classic Fresh Bottle 1300,Sudha,42.59,pcs,Y,2026-10-05 06:00:00
PRD00302,CAT02,Rin Premium  Box 1301,Fresho,119.8,500g,Y,2026-10-05 06:00:00
PRD00303,CAT35,Thirumala Ultra  Jar 1302,Haldiram's,14.79,500g,Y,2026-10-05 06:00:00
PRD00304,CAT09,A2B Classic Select Bottle 1303,Harpic,102.09,1L,N,2026-10-05 06:00:00
PRD00305,CAT18,Ariel Premium Extra Carton 1304,Lay's,119.75,pcs,Y,2026-10-05 06:00:00
PRD00306,CAT43,Huggies Lite Natural Pouch 1305,Rin,32.91,500g,Y,2026-10-05 06:00:00
PRD00307,CAT12,Close-Up Gold  Bottle 1306,Johnson's,5.42,1L,Y,2026-10-05 06:00:00
PRD00308,CAT03,Harpic Regular  Pouch 1307,MTR,21.18,pcs,Y,2026-10-05 06:00:00
PRD00309,CAT18,MTR Foods Gold  Pack 1308,A2B,117.6,1L,Y,2026-10-05 06:00:00
PRD00310,CAT38,MDH Family Pack Extra Pouch 1309,MDH,35.85,500g,Y,2026-10-05 06:00:00
PRD00311,CAT07,Pedigree Gold Natural Box 1310,Patanjali,14.89,250g,Y,2026-10-05 06:00:00
PRD00312,CAT33,Safal Ultra Select Bottle 1311,Patanjali,23.24,kilo,Y,2026-10-05 06:00:00
PRD00313,CAT06,Oleev Regular  Carton 1312,Gowardhan,77.99,bottle,Y,2026-10-05 06:00:00
PRD00314,CAT18,Marico Regular  Box 1313,MDH,59.86,pcs,Y,2026-10-05 06:00:00
PRD00315,CAT22,Harpic Organic Fresh Box 1314,Haldiram's,29.52,pcs,Y,2026-10-05 06:00:00
PRD00316,CAT39,Catch Gold Natural Item 1315,Sudha,26.31,pack,Y,2026-10-05 06:00:00
PRD00317,CAT09,Ariel Gold Natural Box 1316,Oleev,25.72,bottle,Y,2026-10-05 06:00:00
PRD00318,CAT35,MTR Foods Organic  Pouch 1317,Catch,15.96,pcs,Y,2026-10-05 06:00:00
PRD00319,CAT23,MDH Classic Fresh Pouch 1318,Sunfeast,156.62,bottle,Y,2026-10-05 06:00:00
PRD00320,CAT12,Gowardhan Regular  Jar 1319,Gillette,27.38,pcs,Y,2026-10-05 06:00:00
PRD00321,CAT24,Frooti Classic Select Pouch 1320,Bisleri,109.45,1L,Y,2026-10-05 06:00:00
PRD00322,CAT40,MTR Premium Natural Box 1321,Ananda,143.91,pcs,Y,2026-10-05 06:00:00
PRD00323,CAT09,Pepsi Lite Natural Carton 1322,Dettol,89.88,500g,Y,2026-10-05 06:00:00
PRD00324,CAT13,Gillette Lite Daily Pack 1323,Frooti,24.82,500g,Y,2026-10-05 06:00:00
PRD00325,CAT40,Lay's Classic Fresh Carton 1324,Pepsi,52.63,1L,Y,2026-10-05 06:00:00
PRD00326,CAT42,Ananda Classic  Jar 1325,Himalaya,35.81,500g,Y,2026-10-05 06:00:00
PRD00327,CAT17,Haldiram's Gold Select Pack 1326,Himalaya,16.23,500g,Y,2026-10-05 06:00:00
PRD00328,CAT07,Coca-Cola Gold  Jar 1327,Sudha,49.01,kg,Y,2026-10-05 06:00:00
PRD00329,CAT17,Rin Premium Select Box 1328,Pedigree,12.67,pcs,Y,2026-10-05 06:00:00
PRD00330,CAT24,Rasna Lite Extra Pouch 1329,Gillette,106.58,pcs,Y,2026-10-05 06:00:00
PRD00331,CAT02,Himalaya Family Pack Daily Pouch 1330,Rin,24.09,250g,Y,2026-10-05 06:00:00
PRD00332,CAT35,Mother Dairy Ultra Extra Carton 1331,Parle,43.86,pcs,Y,2026-10-05 06:00:00
PRD00333,CAT28,Dabur Regular Extra Bottle 1332,Pampers,47.23,500g,Y,2026-10-05 06:00:00
PRD00334,CAT19,Oleev Ultra Select Pouch 1333,MTR Foods,28.99,500g,Y,2026-10-05 06:00:00
PRD00335,CAT33,Pedigree Organic  Carton 1334,Aashirvaad,62.06,pcs,Y,2026-10-05 06:00:00
PRD00336,CAT21,Dabur Gold Fresh Item 1335,Pepsi,23.87,kg,Y,2026-10-05 06:00:00
PRD00337,CAT10,MTR Foods Family Pack Natural Pouch 1336,Harpic,80.17,pcs,Y,2026-10-05 06:00:00
PRD00338,CAT09,Harpic Classic Fresh Item 1337,Marico,10.9,pcs,Y,2026-10-05 06:00:00
PRD00339,CAT38,Saffola Gold Fresh Bottle 1338,Nestle,41.01,pcs,Y,2026-10-05 06:00:00
PRD00340,CAT06,Fresho Gold Select Item 1339,Gowardhan,209.57,pcs,Y,2026-10-05 06:00:00
PRD00341,CAT42,Safal Lite Extra Box 1340,Lay's,14.88,500g,Y,2026-10-05 06:00:00
PRD00342,CAT35,Nestle Organic  Bottle 1341,Ariel,19.89,250g,Y,2026-10-05 06:00:00
PRD00343,CAT18,Whiskas Regular Daily Bottle 1342,Rasna,58.12,250g,Y,2026-10-05 06:00:00
PRD00344,CAT19,Dove Regular Daily Item 1343,Dove,43.02,pack,Y,2026-10-05 06:00:00
PRD00345,CAT05,Parle Classic Natural Carton 1344,Dettol,50.18,pcs,Y,2026-10-05 06:00:00
PRD00346,CAT25,Lay's Gold  Box 1345,Pampers,56.84,pcs,Y,2026-10-05 06:00:00
PRD00347,CAT11,Safal Family Pack  Carton 1346,Lay's,64.8,dozen,N,2026-10-05 06:00:00
PRD00348,CAT10,MDH Family Pack Extra Pouch 1347,Maggi,99.36,pcs,Y,2026-10-05 06:00:00
PRD00349,CAT17,Amul Classic  Box 1348,Colgate,52.92,dozen,Y,2026-10-05 06:00:00
PRD00350,CAT36,Patanjali Gold Select Item 1349,Huggies,29.46,pack,Y,2026-10-05 06:00:00
PRD00351,CAT26,Oleev Ultra Daily Box 1350,Pampers,67.04,bottle,Y,2026-10-05 06:00:00
PRD00352,CAT31,Surf Excel Premium Daily Bottle 1351,Huggies,202.33,500g,Y,2026-10-05 06:00:00
PRD00353,CAT32,Marico Family Pack  Item 1352,Lakme,32.48,pcs,Y,2026-10-05 06:00:00
PRD00354,CAT21,Thirumala Family Pack  Jar 1353,Surf Excel,15.22,1L,Y,2026-10-05 06:00:00
PRD00355,CAT18,Whiskas Lite  Box 1354,MDH,99.12,250g,N,2026-10-05 06:00:00
PRD00356,CAT18,Vim Premium Natural Pack 1355,A2B,32.84,pcs,Y,2026-10-05 06:00:00
PRD00357,CAT01,Huggies Organic  Jar 1356,Thirumala,5.18,pack,Y,2026-10-05 06:00:00
PRD00358,CAT14,Weikfield Classic Natural Item 1357,Close-Up,78.47,pcs,Y,2026-10-05 06:00:00
PRD00359,CAT08,Pedigree Premium Select Carton 1358,Saffola,22.61,500g,N,2026-10-05 06:00:00
PRD00360,CAT02,Close-Up Premium Select Box 1359,Weikfield,33.73,pack,Y,2026-10-05 06:00:00
PRD00361,CAT15,Godrej Premium Natural Carton 1360,Fresho,49.34,pcs,Y,2026-10-05 06:00:00
PRD00362,CAT34,Aashirvaad Regular Daily Jar 1361,Mother Dairy,43.44,pcs,Y,2026-10-05 06:00:00
PRD00363,CAT36,Weikfield Classic Natural Pack 1362,Vim,69.3,pcs,Y,2026-10-05 06:00:00
PRD00364,CAT01,Britannia Regular Natural Carton 1363,Dove,24.73,pcs,Y,2026-10-05 06:00:00
PRD00365,CAT21,MTR Foods Gold Extra Jar 1364,Gillette,58.08,pcs,Y,2026-10-05 06:00:00
PRD00366,CAT42,Close-Up Gold  Item 1365,Vim,28.97,pcs,Y,2026-10-05 06:00:00
PRD00367,CAT01,MDH Family Pack  Box 1366,Coca-Cola,71.16,pcs,Y,2026-10-05 06:00:00
PRD00368,CAT99,Dabur Premium Daily Item 1367,MTR Foods,63.68,pack,Y,2026-10-05 06:00:00
PRD00369,CAT20,Parle Ultra Select Carton 1368,Sunfeast,15.77,bottle,Y,2026-10-05 06:00:00
PRD00370,CAT36,Pampers Family Pack Fresh Item 1369,Clinic Plus,97.26,500g,Y,2026-10-05 06:00:00
PRD00371,CAT39,Saffola Lite Fresh Box 1370,Maggi,22.59,pcs,Y,2026-10-05 06:00:00
PRD00372,CAT30,A2B Premium Natural Box 1371,Vim,75.74,pcs,Y,2026-10-05 06:00:00
PRD00373,CAT07,Surf Excel Regular Select Bottle 1372,MTR,50.94,250g,Y,2026-10-05 06:00:00
PRD00374,CAT22,Everest Family Pack Select Box 1373,Safal,191.4,250g,Y,2026-10-05 06:00:00
PRD00375,CAT10,Pepsi Family Pack Extra Box 1374,Vim,29.93,dozen,Y,2026-10-05 06:00:00
PRD00376,CAT08,Sudha Ultra  Jar 1375,MTR,26.73,pcs,Y,2026-10-05 06:00:00
PRD00377,CAT27,Vim Classic Select Pouch 1376,Fortune,35.96,250g,Y,2026-10-05 06:00:00
PRD00378,CAT10,Heritage Gold Fresh Box 1377,Nivea,27.86,500g,Y,2026-10-05 06:00:00
PRD00379,CAT14,Harpic Classic Natural Jar 1378,Oleev,75.18,bottle,Y,2026-10-05 06:00:00
PRD00380,CAT11,Himalaya Ultra Extra Pouch 1379,Whiskas,8.54,1L,Y,2026-10-05 06:00:00
PRD00381,CAT06,MDH Organic  Jar 1380,Catch,14.18,500g,Y,2026-10-05 06:00:00
PRD00382,CAT21,Rin Regular Extra Item 1381,Pedigree,14.0,1L,Y,2026-10-05 06:00:00
PRD00383,CAT33,Catch Regular Select Box 1382,Haldiram's,86.08,pack,Y,2026-10-05 06:00:00
PRD00384,CAT19,Marico Premium  Jar 1383,Rin,170.64,pcs,N,2026-10-05 06:00:00
PRD00385,CAT39,Marico Organic Natural Pouch 1384,Pedigree,33.31,pcs,Y,2026-10-05 06:00:00
PRD00386,CAT24,Sudha Gold  Pack 1385,MTR Foods,31.44,500g,Y,2026-10-05 06:00:00
PRD00387,CAT18,Sunpure Family Pack  Pack 1386,Sudha,38.98,pcs,Y,2026-10-05 06:00:00
PRD00388,CAT35,Aashirvaad Lite Natural Box 1387,Catch,104.14,500g,Y,2026-10-05 06:00:00
PRD00389,CAT43,Gowardhan Premium  Jar 1388,Lay's,15.89,dozen,Y,2026-10-05 06:00:00
PRD00390,CAT37,Rin Regular Natural Bottle 1389,Ananda,45.36,1L,Y,2026-10-05 06:00:00
PRD00391,CAT19,Saffola Classic  Pouch 1390,Thirumala,88.03,250g,N,2026-10-05 06:00:00
PRD00392,CAT24,MTR Organic Natural Jar 1391,Frooti,57.45,250g,Y,2026-10-05 06:00:00
PRD00393,CAT34,ITC Lite  Item 1392,Clinic Plus,43.41,pack,Y,2026-10-05 06:00:00
PRD00394,CAT22,Everest Gold Extra Pouch 1393,A2B,90.1,kg,Y,2026-10-05 06:00:00
PRD00395,CAT04,Gowardhan Classic Fresh Carton 1394,Coca-Cola,3.21,1L,Y,2026-10-05 06:00:00
PRD00396,CAT10,Godrej Family Pack Daily Pouch 1395,Thirumala,67.36,500g,Y,2026-10-05 06:00:00
PRD00397,CAT02,Himalaya Family Pack Daily Item 1396,Pedigree,20.31,pcs,Y,2026-10-05 06:00:00
PRD00398,CAT08,Maggi Classic Extra Pack 1397,Parle,7.05,500g,Y,2026-10-05 06:00:00
PRD00399,CAT33,Fresho Family Pack  Carton 1398,Safal,57.98,pcs,N,2026-10-05 06:00:00
PRD00400,CAT38,Rasna Regular Natural Jar 1399,Dabur,126.0,pcs,Y,2026-10-05 06:00:00
PRD00401,CAT43,Aashirvaad Ultra Fresh Carton 1400,Thirumala,32.34,250g,N,2026-10-05 06:00:00
PRD00402,CAT28,Coca-Cola Gold Natural Pouch 1401,Gowardhan,86.28,1L,Y,2026-10-05 06:00:00
PRD00403,CAT10,Fortune Classic Daily Carton 1402,Thirumala,156.19,pcs,Y,2026-10-05 06:00:00
PRD00404,CAT01,Maggi Lite Extra Item 1403,Fresho,119.51,dozen,Y,2026-10-05 06:00:00
PRD00405,CAT34,MTR Regular Extra Carton 1404,Parle,160.13,500g,Y,2026-10-05 06:00:00
PRD00406,CAT03,Johnson's Gold  Item 1405,Amul,71.37,1L,Y,2026-10-05 06:00:00
PRD00407,CAT09,Colgate Organic Extra Pouch 1406,Fresho,39.17,250g,Y,2026-10-05 06:00:00
PRD00408,CAT05,Dettol Organic  Pack 1407,Aashirvaad,8.66,1L,Y,2026-10-05 06:00:00
PRD00409,CAT42,Parle Classic Extra Bottle 1408,Heritage,29.33,pcs,Y,2026-10-05 06:00:00
PRD00410,CAT10,Rasna Regular  Carton 1409,Haldiram's,17.13,pack,Y,2026-10-05 06:00:00
PRD00411,CAT12,Oleev Gold  Bottle 1410,Harpic,258.23,pcs,Y,2026-10-05 06:00:00
PRD00412,CAT18,Whiskas Premium  Pouch 1411,Dabur,31.24,1L,Y,2026-10-05 06:00:00
PRD00413,CAT21,Lay's Ultra  Pack 1412,Frooti,40.89,pcs,Y,2026-10-05 06:00:00
PRD00414,CAT21,Parle Lite Natural Pouch 1413,Sudha,60.12,1L,Y,2026-10-05 06:00:00
PRD00415,CAT01,Fresho Ultra  Box 1414,Sunfeast,38.06,pcs,Y,2026-10-05 06:00:00
PRD00416,CAT03,Dabur Ultra  Jar 1415,Parle,168.27,250g,Y,2026-10-05 06:00:00
PRD00417,CAT05,Colgate Classic  Pouch 1416,Dove,20.9,pcs,Y,2026-10-05 06:00:00
PRD00418,CAT25,Ariel Gold  Jar 1417,Colgate,43.6,bottle,Y,2026-10-05 06:00:00
PRD00419,CAT08,Lakme Regular  Carton 1418,Pepsi,18.76,bottle,Y,2026-10-05 06:00:00
PRD00420,CAT17,A2B Premium  Item 1419,Lakme,11.16,500g,Y,2026-10-05 06:00:00
PRD00421,CAT09,MTR Foods Ultra Daily Carton 1420,Maggi,21.1,500g,Y,2026-10-05 06:00:00
PRD00422,CAT32,Huggies Organic  Bottle 1421,Oleev,35.4,250g,Y,2026-10-05 06:00:00
PRD00423,CAT06,Licious Ultra Fresh Bottle 1422,Vim,24.87,pcs,Y,2026-10-05 06:00:00
PRD00424,CAT40,Mother Dairy Organic Fresh Bottle 1423,Coca-Cola,19.63,pcs,Y,2026-10-05 06:00:00
PRD00425,CAT21,Aashirvaad Premium  Bottle 1424,Sudha,10.32,pcs,Y,2026-10-05 06:00:00
PRD00426,CAT07,Dettol Family Pack Extra Pack 1425,Gillette,33.96,1L,Y,2026-10-05 06:00:00
PRD00427,CAT07,Haldiram's Gold Natural Carton 1426,Coca-Cola,9.45,pcs,N,2026-10-05 06:00:00
PRD00428,CAT39,MDH Regular Natural Bottle 1427,MTR,72.53,pcs,Y,2026-10-05 06:00:00
PRD00429,CAT27,Maggi Regular  Box 1428,A2B,39.42,1L,Y,2026-10-05 06:00:00
PRD00430,CAT08,Mother Dairy Family Pack  Box 1429,Fortune,9.86,pcs,Y,2026-10-05 06:00:00
PRD00431,CAT09,Rin Lite  Item 1430,Marico,27.71,pcs,Y,2026-10-05 06:00:00
PRD00432,CAT28,Tata Ultra Select Carton 1431,Pampers,18.6,kg,Y,2026-10-05 06:00:00
PRD00433,CAT15,Lakme Organic Daily Carton 1432,Godrej,48.78,1L,Y,2026-10-05 06:00:00
PRD00434,CAT02,Fresho Gold Natural Pouch 1433,Gowardhan,122.29,pcs,Y,2026-10-05 06:00:00
PRD00435,CAT07,Catch Regular Daily Carton 1434,Saffola,6.77,pcs,Y,2026-10-05 06:00:00
PRD00436,CAT18,Coca-Cola Family Pack Extra Bottle 1435,Pampers,40.59,1L,Y,2026-10-05 06:00:00
PRD00437,CAT22,Licious Ultra Extra Item 1436,Himalaya,31.69,pcs,Y,2026-10-05 06:00:00
PRD00438,CAT10,Dove Organic Extra Pack 1437,Marico,66.97,dozen,Y,2026-10-05 06:00:00
PRD00439,CAT33,Patanjali Regular  Item 1438,Close-Up,44.34,250g,Y,2026-10-05 06:00:00
PRD00440,CAT07,Himalaya Family Pack Extra Box 1439,Godrej,18.6,dozen,Y,2026-10-05 06:00:00
PRD00441,CAT03,Pampers Premium  Bottle 1440,Sunpure,27.46,pack,Y,2026-10-05 06:00:00
PRD00442,CAT14,Maggi Ultra Natural Carton 1441,Oleev,17.88,500g,Y,2026-10-05 06:00:00
PRD00443,CAT44,Bisleri Regular  Bottle 1442,Sunfeast,96.39,1L,Y,2026-10-05 06:00:00
PRD00444,CAT36,Tata Lite Natural Pouch 1443,Catch,37.31,pack,Y,2026-10-05 06:00:00
PRD00445,CAT13,Himalaya Classic Select Pouch 1444,Amul,202.57,1L,Y,2026-10-05 06:00:00
PRD00446,CAT16,Rin Ultra  Pack 1445,Fresho,34.65,pcs,N,2026-10-05 06:00:00
PRD00447,CAT16,Harpic Organic Natural Carton 1446,Lay's,19.34,500g,Y,2026-10-05 06:00:00
PRD00448,CAT05,Haldiram's Regular  Pack 1447,Surf Excel,9.37,pcs,Y,2026-10-05 06:00:00
PRD00449,CAT25,Nivea Organic  Item 1448,MTR Foods,7.22,250g,Y,2026-10-05 06:00:00
PRD00450,CAT38,Britannia Gold Natural Carton 1449,Bisleri,8.8,250g,N,2026-10-05 06:00:00
PRD00451,CAT38,Close-Up Family Pack  Pouch 1450,Pedigree,46.54,dozen,Y,2026-10-05 06:00:00
PRD00452,CAT38,Fresho Gold Natural Pouch 1451,Himalaya,57.85,1L,Y,2026-10-05 06:00:00
PRD00453,CAT39,Parle Gold Select Pouch 1452,Patanjali,8.82,pack,Y,2026-10-05 06:00:00
PRD00454,CAT41,Everest Ultra Natural Pouch 1453,Surf Excel,81.9,pcs,Y,2026-10-05 06:00:00
PRD00455,CAT26,Thirumala Family Pack Fresh Bottle 1454,Ananda,23.69,pcs,Y,2026-10-05 06:00:00
PRD00456,CAT13,Heritage Premium Natural Box 1455,Amul,41.77,bottle,Y,2026-10-05 06:00:00
PRD00457,CAT44,Rasna Classic Select Pouch 1456,Everest,156.18,250g,N,2026-10-05 06:00:00
PRD00458,CAT26,Colgate Premium Extra Box 1457,Gowardhan,82.04,1L,Y,2026-10-05 06:00:00
PRD00459,CAT01,MTR Foods Lite  Pouch 1458,MTR,28.74,pcs,N,2026-10-05 06:00:00
PRD00460,CAT08,Close-Up Gold Select Pack 1459,Catch,16.41,250g,Y,2026-10-05 06:00:00
PRD00461,CAT04,Heritage Lite  Pouch 1460,Colgate,5.28,bottle,Y,2026-10-05 06:00:00
PRD00462,CAT21,Frooti Classic Daily Item 1461,A2B,19.16,pcs,Y,2026-10-05 06:00:00
PRD00463,CAT22,Rin Regular Select Pack 1462,Clinic Plus,30.26,250g,Y,2026-10-05 06:00:00
PRD00464,CAT37,Dettol Lite Select Pouch 1463,Aashirvaad,15.05,500g,Y,2026-10-05 06:00:00
PRD00465,CAT03,Oleev Family Pack  Jar 1464,Britannia,32.52,pcs,Y,2026-10-05 06:00:00
PRD00466,CAT19,Maggi Lite Natural Jar 1465,Gillette,39.22,250g,Y,2026-10-05 06:00:00
PRD00467,CAT01,Close-Up Organic Natural Pack 1466,Godrej,29.89,pcs,Y,2026-10-05 06:00:00
PRD00468,CAT29,Clinic Plus Regular Natural Jar 1467,MTR Foods,20.39,pcs,Y,2026-10-05 06:00:00
PRD00469,CAT23,Oleev Ultra Extra Pack 1468,Aashirvaad,42.6,250g,Y,2026-10-05 06:00:00
PRD00470,CAT33,Mother Dairy Ultra Fresh Pack 1469,Coca-Cola,54.48,250g,Y,2026-10-05 06:00:00
PRD00471,CAT41,Colgate Ultra Daily Jar 1470,Ariel,13.72,pcs,Y,2026-10-05 06:00:00
PRD00472,CAT23,MDH Family Pack Natural Bottle 1471,Tata,130.3,kg,Y,2026-10-05 06:00:00
PRD00473,CAT05,Sunfeast Ultra Fresh Item 1472,Nivea,33.49,pcs,Y,2026-10-05 06:00:00
PRD00474,CAT07,Huggies Organic Select Carton 1473,Himalaya,37.22,dozen,Y,2026-10-05 06:00:00
PRD00475,CAT06,Sunfeast Gold Fresh Item 1474,Nivea,69.23,250g,Y,2026-10-05 06:00:00
PRD00476,CAT22,Himalaya Classic Natural Bottle 1475,MDH,45.15,500g,Y,2026-10-05 06:00:00
PRD00477,CAT13,MTR Foods Ultra Extra Pack 1476,Saffola,86.3,pcs,Y,2026-10-05 06:00:00
PRD00478,CAT12,Dabur Ultra Fresh Pack 1477,Sunfeast,47.39,pcs,Y,2026-10-05 06:00:00
PRD00479,CAT04,Harpic Lite Daily Item 1478,Godrej,21.09,pcs,Y,2026-10-05 06:00:00
PRD00480,CAT08,Weikfield Lite Daily Item 1479,Dabur,50.67,1L,Y,2026-10-05 06:00:00
PRD00481,CAT37,Harpic Organic Natural Jar 1480,Dettol,13.07,500g,Y,2026-10-05 06:00:00
PRD00482,CAT31,Close-Up Classic  Item 1481,Amul,40.35,pcs,Y,2026-10-05 06:00:00
PRD00483,CAT37,Johnson's Gold Select Jar 1482,Nestle,35.52,250g,Y,2026-10-05 06:00:00
PRD00484,CAT26,Licious Family Pack Extra Jar 1483,ITC,30.35,pcs,Y,2026-10-05 06:00:00
PRD00485,CAT43,Dabur Ultra Natural Box 1484,Johnson's,32.6,1L,Y,2026-10-05 06:00:00
PRD00486,CAT08,MTR Foods Premium  Jar 1485,Frooti,6.73,pcs,Y,2026-10-05 06:00:00
PRD00487,CAT40,Huggies Lite  Pack 1486,Whiskas,22.33,250g,Y,2026-10-05 06:00:00
PRD00488,CAT33,Dettol Gold  Carton 1487,Johnson's,39.79,1L,Y,2026-10-05 06:00:00
PRD00489,CAT29,Bisleri Family Pack  Jar 1488,Nestle,42.26,pack,Y,2026-10-05 06:00:00
PRD00490,CAT05,A2B Ultra  Item 1489,Tata,14.51,pcs,Y,2026-10-05 06:00:00
PRD00491,CAT28,Colgate Classic Natural Box 1490,Mother Dairy,114.34,pcs,Y,2026-10-05 06:00:00
PRD00492,CAT40,Clinic Plus Family Pack  Carton 1491,Tata,16.78,pcs,Y,2026-10-05 06:00:00
PRD00493,CAT17,Whiskas Family Pack Fresh Pack 1492,Licious,87.58,pcs,Y,2026-10-05 06:00:00
PRD00494,CAT23,Sudha Classic Natural Pack 1493,Maggi,53.76,pcs,Y,2026-10-05 06:00:00
PRD00495,CAT09,Catch Family Pack Fresh Jar 1494,Saffola,20.46,1L,Y,2026-10-05 06:00:00
PRD00496,CAT02,Pepsi Premium Natural Carton 1495,Parle,180.87,1L,Y,2026-10-05 06:00:00
PRD00497,CAT32,Himalaya Lite  Pouch 1496,Sunfeast,12.5,pack,Y,2026-10-05 06:00:00
PRD00498,CAT31,Sunpure Organic Select Pouch 1497,Sudha,83.7,500g,Y,2026-10-05 06:00:00
PRD00499,CAT07,Parle Classic Select Jar 1498,Heritage,90.06,500g,Y,2026-10-05 06:00:00
PRD00500,CAT30,Harpic Gold  Bottle 1499,Nestle,20.01,dozen,Y,2026-10-05 06:00:00
PRD00501,CAT03,Parle Lite  Box 1500,Britannia,128.15,500g,Y,2026-10-05 06:00:00
PRD00502,CAT09,Gowardhan Lite Extra Carton 1501,Sunfeast,29.22,1L,Y,2026-10-05 06:00:00
PRD00503,CAT10,ITC Regular Fresh Pouch 1502,Bisleri,47.46,dozen,Y,2026-10-05 06:00:00
PRD00504,CAT26,Catch Premium Fresh Jar 1503,Catch,46.26,dozen,Y,2026-10-05 06:00:00
PRD00505,CAT01,MTR Lite  Jar 1504,Harpic,32.43,500g,Y,2026-10-05 06:00:00
PRD00506,CAT30,Surf Excel Family Pack Fresh Pack 1505,Johnson's,75.92,1L,Y,2026-10-05 06:00:00
PRD00507,CAT38,Bisleri Ultra  Jar 1506,Rasna,74.75,500g,Y,2026-10-05 06:00:00
PRD00508,CAT15,Safal Ultra Natural Pouch 1507,Whiskas,7.59,250g,Y,2026-10-05 06:00:00
PRD00509,CAT25,Fortune Lite  Bottle 1508,Saffola,118.38,kg,Y,2026-10-05 06:00:00
PRD00510,CAT06,Lay's Family Pack Natural Bottle 1509,Johnson's,8.2,pcs,Y,2026-10-05 06:00:00
PRD00511,CAT18,Frooti Family Pack Daily Carton 1510,Tata,92.69,pack,Y,2026-10-05 06:00:00
PRD00512,CAT01,Mother Dairy Classic Extra Pouch 1511,Thirumala,100.89,1L,N,2026-10-05 06:00:00
PRD00513,CAT03,MDH Regular  Pouch 1512,Sunfeast,13.71,pcs,Y,2026-10-05 06:00:00
PRD00514,CAT17,Surf Excel Premium Daily Pouch 1513,Gowardhan,25.29,pack,Y,2026-10-05 06:00:00
PRD00515,CAT08,Pampers Gold  Box 1514,Marico,13.53,500g,Y,2026-10-05 06:00:00
PRD00516,CAT40,Sunpure Family Pack  Jar 1515,Bisleri,30.16,pcs,N,2026-10-05 06:00:00
PRD00517,CAT17,Patanjali Family Pack  Pouch 1516,Vim,27.74,dozen,Y,2026-10-05 06:00:00
PRD00518,CAT25,Rin Premium Extra Pack 1517,Vim,73.82,500g,Y,2026-10-05 06:00:00
PRD00519,CAT41,Whiskas Organic Extra Pouch 1518,Parle,119.02,500g,Y,2026-10-05 06:00:00
PRD00520,CAT12,Tata Family Pack Fresh Jar 1519,Lay's,128.52,pack,Y,2026-10-05 06:00:00
PRD00521,CAT29,Nestle Organic Fresh Carton 1520,Dettol,22.07,dozen,Y,2026-10-05 06:00:00
PRD00522,CAT25,Amul Lite  Item 1521,Ananda,30.32,bottle,Y,2026-10-05 06:00:00
PRD00523,CAT36,Vim Regular  Pouch 1522,Ananda,8.04,500g,Y,2026-10-05 06:00:00
PRD00524,CAT25,Tata Classic Extra Item 1523,Fortune,17.72,500g,Y,2026-10-05 06:00:00
PRD00525,CAT29,Himalaya Organic  Carton 1524,Thirumala,87.21,pcs,Y,2026-10-05 06:00:00
PRD00526,CAT11,Maggi Organic Natural Bottle 1525,Godrej,156.65,500g,Y,2026-10-05 06:00:00
PRD00527,CAT04,Rin Organic Select Item 1526,Nivea,12.05,kg,Y,2026-10-05 06:00:00
PRD00528,CAT14,Rasna Gold Natural Item 1527,Pampers,21.47,250g,Y,2026-10-05 06:00:00
PRD00529,CAT38,Pepsi Organic  Jar 1528,Aashirvaad,35.74,pcs,Y,2026-10-05 06:00:00
PRD00530,CAT17,Fortune Premium  Box 1529,Mother Dairy,47.09,pcs,Y,2026-10-05 06:00:00
PRD00531,CAT02,Clinic Plus Organic Select Carton 1530,Sunfeast,17.66,kg,Y,2026-10-05 06:00:00
PRD00532,CAT08,Fortune Lite Extra Box 1531,Nivea,53.61,pack,Y,2026-10-05 06:00:00
PRD00533,CAT36,Lay's Ultra Daily Jar 1532,Everest,23.89,500g,Y,2026-10-05 06:00:00
PRD00534,CAT10,Saffola Classic  Carton 1533,Maggi,36.13,1L,Y,2026-10-05 06:00:00
PRD00535,CAT07,Weikfield Organic  Pack 1534,Whiskas,59.84,pcs,Y,2026-10-05 06:00:00
PRD00536,CAT36,Patanjali Classic  Pouch 1535,Pampers,36.81,pack,Y,2026-10-05 06:00:00
PRD00537,CAT16,Britannia Family Pack  Pack 1536,Licious,24.71,1L,Y,2026-10-05 06:00:00
PRD00538,CAT14,Everest Premium Select Bottle 1537,Lakme,33.16,250g,Y,2026-10-05 06:00:00
PRD00539,CAT16,Fortune Lite  Pack 1538,Oleev,33.8,500g,Y,2026-10-05 06:00:00
PRD00540,CAT25,Whiskas Ultra Daily Carton 1539,MTR,26.23,500g,Y,2026-10-05 06:00:00
PRD00541,CAT41,Safal Regular Natural Pack 1540,MTR,28.99,pcs,Y,2026-10-05 06:00:00
PRD00542,CAT04,Colgate Gold Daily Bottle 1541,Oleev,154.28,kg,Y,2026-10-05 06:00:00
PRD00543,CAT29,Colgate Ultra  Pouch 1542,MTR,60.63,kg,Y,2026-10-05 06:00:00
PRD00544,CAT06,Ariel Gold Select Pouch 1543,Himalaya,28.05,pack,Y,2026-10-05 06:00:00
PRD00545,CAT01,Gillette Premium Natural Jar 1544,Nivea,68.53,kg,Y,2026-10-05 06:00:00
PRD00546,CAT39,Weikfield Organic Natural Jar 1545,Gowardhan,27.1,1L,Y,2026-10-05 06:00:00
PRD00547,CAT01,Dettol Organic  Box 1546,Sudha,105.19,pcs,Y,2026-10-05 06:00:00
PRD00548,CAT40,Gowardhan Gold Extra Pack 1547,Close-Up,51.04,250g,Y,2026-10-05 06:00:00
PRD00549,CAT03,Sunpure Lite Fresh Carton 1548,Safal,33.23,pcs,Y,2026-10-05 06:00:00
PRD00550,CAT01,MDH Gold Extra Item 1549,Ariel,54.76,500g,Y,2026-10-05 06:00:00
PRD00551,CAT01,Johnson's Organic Select Pouch 1550,Gowardhan,8.9,pcs,Y,2026-10-05 06:00:00
PRD00552,CAT39,Pedigree Gold Select Pack 1551,Dettol,13.28,500g,Y,2026-10-05 06:00:00
PRD00553,CAT21,Godrej Lite Natural Jar 1552,Gillette,12.5,250g,Y,2026-10-05 06:00:00
PRD00554,CAT30,Dove Family Pack Natural Item 1553,Coca-Cola,41.62,pcs,Y,2026-10-05 06:00:00
PRD00555,CAT32,Pampers Lite  Box 1554,Aashirvaad,174.04,pcs,Y,2026-10-05 06:00:00
PRD00556,CAT33,Gowardhan Premium  Pack 1555,Rasna,272.64,250g,Y,2026-10-05 06:00:00
PRD00557,CAT22,Sudha Lite Extra Pack 1556,Whiskas,64.99,250g,Y,2026-10-05 06:00:00
PRD00558,CAT30,A2B Regular Fresh Item 1557,Himalaya,57.44,1L,Y,2026-10-05 06:00:00
PRD00559,CAT04,Patanjali Lite  Jar 1558,Weikfield,7.24,pcs,Y,2026-10-05 06:00:00
PRD00560,CAT23,Saffola Family Pack Daily Jar 1559,Catch,22.46,500g,N,2026-10-05 06:00:00
PRD00561,CAT44,Nivea Lite Select Pack 1560,Licious,18.01,250g,Y,2026-10-05 06:00:00
PRD00562,CAT25,Johnson's Regular Fresh Bottle 1561,Mother Dairy,20.93,250g,Y,2026-10-05 06:00:00
PRD00563,CAT12,Clinic Plus Regular Fresh Box 1562,Pampers,31.46,pcs,Y,2026-10-05 06:00:00
PRD00564,CAT17,MTR Family Pack Extra Item 1563,Coca-Cola,23.93,dozen,Y,2026-10-05 06:00:00
PRD00565,CAT15,Sudha Family Pack Natural Pack 1564,Coca-Cola,6.16,pcs,Y,2026-10-05 06:00:00
PRD00566,CAT10,MTR Regular Select Item 1565,Lay's,71.75,pcs,Y,2026-10-05 06:00:00
PRD00567,CAT35,Huggies Lite  Item 1566,Pedigree,13.94,500g,Y,2026-10-05 06:00:00
PRD00568,CAT29,Godrej Organic Fresh Pack 1567,Sudha,45.39,pcs,Y,2026-10-05 06:00:00
PRD00569,CAT12,Dabur Regular Daily Bottle 1568,Aashirvaad,236.67,dozen,Y,2026-10-05 06:00:00
PRD00570,CAT01,Huggies Lite Extra Pouch 1569,Sunfeast,16.0,pcs,Y,2026-10-05 06:00:00
PRD00571,CAT01,MTR Foods Regular Fresh Carton 1570,Sunpure,3.75,pcs,Y,2026-10-05 06:00:00
PRD00572,CAT10,Heritage Family Pack Extra Bottle 1571,Gowardhan,28.29,500g,Y,2026-10-05 06:00:00
PRD00573,CAT18,Coca-Cola Regular  Pack 1572,Rin,98.58,500g,Y,2026-10-05 06:00:00
PRD00574,CAT02,Catch Family Pack  Pouch 1573,Lakme,213.26,pcs,Y,2026-10-05 06:00:00
PRD00575,CAT08,MTR Foods Premium  Carton 1574,Dabur,12.1,pcs,Y,2026-10-05 06:00:00
PRD00576,CAT22,Sunpure Classic  Carton 1575,Catch,57.23,pcs,Y,2026-10-05 06:00:00
PRD00577,CAT22,Amul Organic  Carton 1576,Gillette,24.08,1L,Y,2026-10-05 06:00:00
PRD00578,CAT26,Marico Lite  Jar 1577,Pedigree,33.27,250g,Y,2026-10-05 06:00:00
PRD00579,CAT26,Lay's Premium Daily Pouch 1578,Pepsi,395.4,250g,Y,2026-10-05 06:00:00
PRD00580,CAT09,Clinic Plus Regular  Pouch 1579,MTR,9.46,1L,Y,2026-10-05 06:00:00
PRD00581,CAT21,Marico Family Pack Extra Item 1580,Lakme,45.99,500g,Y,2026-10-05 06:00:00
PRD00582,CAT31,Amul Organic  Item 1581,Parle,55.75,bottle,Y,2026-10-05 06:00:00
PRD00583,CAT43,Pedigree Ultra Fresh Item 1582,Rin,97.24,500g,Y,2026-10-05 06:00:00
PRD00584,CAT06,Whiskas Organic  Item 1583,Ananda,39.97,pcs,Y,2026-10-05 06:00:00
PRD00585,CAT14,Safal Classic  Pack 1584,Licious,48.29,1L,N,2026-10-05 06:00:00
PRD00586,CAT33,Dabur Ultra Natural Box 1585,Sunfeast,25.73,250g,Y,2026-10-05 06:00:00
PRD00587,CAT07,Ananda Organic  Box 1586,Whiskas,46.63,500g,Y,2026-10-05 06:00:00
PRD00588,CAT24,Bisleri Family Pack Daily Jar 1587,Surf Excel,26.87,pcs,Y,2026-10-05 06:00:00
PRD00589,CAT09,Fortune Ultra  Jar 1588,MTR Foods,64.03,pcs,Y,2026-10-05 06:00:00
PRD00590,CAT11,Sunpure Premium  Bottle 1589,Dabur,26.24,pack,Y,2026-10-05 06:00:00
PRD00591,CAT23,Gowardhan Organic Extra Item 1590,Aashirvaad,51.39,pcs,Y,2026-10-05 06:00:00
PRD00592,CAT02,Marico Premium  Item 1591,Thirumala,35.65,1L,Y,2026-10-05 06:00:00
PRD00593,CAT15,Gillette Organic Natural Pouch 1592,Marico,100.83,pcs,Y,2026-10-05 06:00:00
PRD00594,CAT35,Sunpure Classic  Pack 1593,Lay's,34.94,pcs,Y,2026-10-05 06:00:00
PRD00595,CAT36,Patanjali Family Pack Fresh Item 1594,Patanjali,7.42,pcs,Y,2026-10-05 06:00:00
PRD00596,CAT28,Aashirvaad Ultra  Pack 1595,MTR,113.95,pcs,Y,2026-10-05 06:00:00
PRD00597,CAT39,Sunpure Regular  Pack 1596,Coca-Cola,16.2,pcs,Y,2026-10-05 06:00:00
PRD00598,CAT44,Ariel Gold Select Item 1597,MDH,20.32,1L,N,2026-10-05 06:00:00
PRD00599,CAT04,Colgate Gold Daily Pouch 1598,Britannia,21.41,500g,Y,2026-10-05 06:00:00
PRD00600,CAT10,Thirumala Organic Natural Bottle 1599,Rin,126.09,pack,Y,2026-10-05 06:00:00
PRD00601,CAT06,Saffola Gold  Pouch 1600,Heritage,5.35,pcs,Y,2026-10-05 06:00:00
PRD00602,CAT30,Everest Regular  Item 1601,Everest,616.45,bottle,Y,2026-10-05 06:00:00
PRD00603,CAT35,Vim Lite  Box 1602,Sudha,94.68,dozen,Y,2026-10-05 06:00:00
PRD00604,CAT43,Nivea Organic Natural Item 1603,Clinic Plus,44.74,pcs,Y,2026-10-05 06:00:00
PRD00605,CAT10,Marico Ultra Extra Bottle 1604,Saffola,34.83,dozen,Y,2026-10-05 06:00:00
PRD00606,CAT32,Fortune Regular Select Bottle 1605,Huggies,47.32,pcs,Y,2026-10-05 06:00:00
PRD00607,CAT42,Pepsi Organic  Carton 1606,Fresho,58.5,250g,Y,2026-10-05 06:00:00
PRD00608,CAT42,Lakme Ultra Daily Jar 1607,Harpic,65.41,pcs,Y,2026-10-05 06:00:00
PRD00609,CAT03,Aashirvaad Classic Fresh Pack 1608,Godrej,60.34,500g,Y,2026-10-05 06:00:00
PRD00610,CAT26,Gowardhan Gold Select Box 1609,Colgate,39.67,500g,Y,2026-10-05 06:00:00
PRD00611,CAT15,MTR Classic  Item 1610,Thirumala,30.64,500g,Y,2026-10-05 06:00:00
PRD00612,CAT17,Colgate Family Pack Natural Carton 1611,Coca-Cola,31.94,250g,Y,2026-10-05 06:00:00
PRD00613,CAT27,ITC Classic  Item 1612,Rasna,30.71,1L,Y,2026-10-05 06:00:00
PRD00614,CAT18,Pepsi Organic Extra Pouch 1613,Gowardhan,101.53,500g,Y,2026-10-05 06:00:00
PRD00615,CAT19,Johnson's Organic  Item 1614,Safal,62.44,dozen,Y,2026-10-05 06:00:00
PRD00616,CAT12,Dove Regular  Pouch 1615,MTR,3.0,kg,Y,2026-10-05 06:00:00
PRD00617,CAT24,Nivea Regular Select Item 1616,Nestle,66.04,kg,Y,2026-10-05 06:00:00
PRD00618,CAT05,Himalaya Organic Select Carton 1617,Dettol,43.61,bottle,Y,2026-10-05 06:00:00
PRD00619,CAT24,Dove Lite  Jar 1618,Himalaya,35.99,pcs,Y,2026-10-05 06:00:00
PRD00620,CAT27,Gowardhan Gold  Box 1619,Fresho,25.8,pcs,Y,2026-10-05 06:00:00
PRD00621,CAT30,Colgate Ultra Extra Pack 1620,Rin,100.66,pcs,Y,2026-10-05 06:00:00
PRD00622,CAT15,Aashirvaad Gold Select Box 1621,Huggies,85.86,dozen,Y,2026-10-05 06:00:00
PRD00623,CAT38,Dettol Ultra Extra Carton 1622,Coca-Cola,18.25,pcs,Y,2026-10-05 06:00:00
PRD00624,CAT44,Aashirvaad Regular Fresh Pack 1623,Sunpure,52.79,500g,Y,2026-10-05 06:00:00
PRD00625,CAT34,Catch Family Pack Daily Bottle 1624,Himalaya,15.26,pcs,Y,2026-10-05 06:00:00
PRD00626,CAT27,Harpic Gold Fresh Item 1625,Vim,10.57,pcs,Y,2026-10-05 06:00:00
PRD00627,CAT20,Bisleri Regular Select Carton 1626,Nivea,20.82,pcs,Y,2026-10-05 06:00:00
PRD00628,CAT41,A2B Regular Extra Box 1627,Parle,79.53,1L,Y,2026-10-05 06:00:00
PRD00629,CAT32,Vim Gold Fresh Box 1628,Bisleri,86.3,pcs,Y,2026-10-05 06:00:00
PRD00630,CAT04,Nivea Lite Extra Box 1629,Haldiram's,58.08,1L,Y,2026-10-05 06:00:00
PRD00631,CAT05,Pepsi Organic Natural Box 1630,Dove,70.29,pack,Y,2026-10-05 06:00:00
PRD00632,CAT08,Everest Family Pack Daily Box 1631,Coca-Cola,58.24,250g,Y,2026-10-05 06:00:00
PRD00633,CAT22,Gowardhan Ultra Select Box 1632,Safal,20.55,pcs,Y,2026-10-05 06:00:00
PRD00634,CAT42,Surf Excel Lite  Jar 1633,Patanjali,53.99,bottle,Y,2026-10-05 06:00:00
PRD00635,CAT07,Oleev Premium Extra Jar 1634,Johnson's,75.22,250g,Y,2026-10-05 06:00:00
PRD00636,CAT22,Patanjali Family Pack Fresh Carton 1635,Lakme,72.16,pcs,Y,2026-10-05 06:00:00
PRD00637,CAT30,Frooti Classic Select Jar 1636,Marico,106.7,250g,Y,2026-10-05 06:00:00
PRD00638,CAT37,Gillette Gold Fresh Pack 1637,Nestle,69.23,250g,Y,2026-10-05 06:00:00
PRD00639,CAT16,Godrej Gold Select Carton 1638,Licious,50.21,500g,Y,2026-10-05 06:00:00
PRD00640,CAT15,Gowardhan Classic Extra Pouch 1639,Weikfield,95.88,pcs,Y,2026-10-05 06:00:00
PRD00641,CAT05,Close-Up Organic Select Pouch 1640,Colgate,35.74,1L,Y,2026-10-05 06:00:00
PRD00642,CAT03,Britannia Regular  Item 1641,Haldiram's,16.55,250g,N,2026-10-05 06:00:00
PRD00643,CAT23,Oleev Lite Natural Pack 1642,Nivea,31.6,pcs,Y,2026-10-05 06:00:00
PRD00644,CAT10,MTR Foods Premium Select Carton 1643,Tata,18.72,1L,Y,2026-10-05 06:00:00
PRD00645,CAT05,Haldiram's Organic  Item 1644,A2B,19.93,500g,Y,2026-10-05 06:00:00
PRD00646,CAT23,Harpic Ultra Daily Pouch 1645,Rin,32.13,1L,N,2026-10-05 06:00:00
PRD00647,CAT15,Everest Lite Extra Box 1646,MDH,17.94,500g,Y,2026-10-05 06:00:00
PRD00648,CAT18,Bisleri Family Pack  Box 1647,Fresho,27.74,pcs,Y,2026-10-05 06:00:00
PRD00649,CAT25,Nestle Family Pack  Box 1648,MTR,6.66,pack,Y,2026-10-05 06:00:00
PRD00650,CAT08,Dettol Classic  Carton 1649,Amul,44.34,250g,Y,2026-10-05 06:00:00
PRD00651,CAT31,Catch Gold Natural Box 1650,MTR,36.64,pcs,Y,2026-10-05 06:00:00
PRD00652,CAT21,Haldiram's Family Pack Daily Pouch 1651,Fresho,17.54,500g,Y,2026-10-05 06:00:00
PRD00653,CAT02,Close-Up Regular Extra Item 1652,Clinic Plus,66.24,250g,Y,2026-10-05 06:00:00
PRD00654,CAT22,Rin Family Pack Natural Item 1653,Pepsi,85.1,pack,Y,2026-10-05 06:00:00
PRD00655,CAT08,Colgate Premium  Item 1654,Himalaya,8.61,250g,Y,2026-10-05 06:00:00
PRD00656,CAT23,Sunpure Regular  Jar 1655,Huggies,18.42,500g,Y,2026-10-05 06:00:00
PRD00657,CAT32,Sudha Gold Daily Pouch 1656,Fresho,18.32,kg,Y,2026-10-05 06:00:00
PRD00658,CAT08,Pepsi Gold Natural Pouch 1657,Lakme,15.71,250g,Y,2026-10-05 06:00:00
PRD00659,CAT04,Vim Family Pack Daily Carton 1658,Weikfield,77.21,pcs,Y,2026-10-05 06:00:00
PRD00660,CAT30,Bisleri Gold  Jar 1659,Thirumala,30.74,1L,Y,2026-10-05 06:00:00
PRD00661,CAT19,Weikfield Organic Select Item 1660,Tata,28.84,500g,Y,2026-10-05 06:00:00
PRD00662,CAT23,Everest Lite Extra Pouch 1661,Fortune,6.03,pack,N,2026-10-05 06:00:00
PRD00663,CAT18,Vim Organic  Jar 1662,Colgate,64.84,pcs,Y,2026-10-05 06:00:00
PRD00664,CAT29,Patanjali Lite Fresh Carton 1663,Rasna,12.0,500g,Y,2026-10-05 06:00:00
PRD00665,CAT23,MDH Classic  Carton 1664,Colgate,38.63,pcs,Y,2026-10-05 06:00:00
PRD00666,CAT33,A2B Gold Natural Box 1665,Thirumala,46.98,pcs,Y,2026-10-05 06:00:00
PRD00667,CAT18,Dabur Family Pack  Box 1666,Sunpure,124.54,500g,Y,2026-10-05 06:00:00
PRD00668,CAT44,Weikfield Family Pack Natural Pouch 1667,Parle,11.27,250g,Y,2026-10-05 06:00:00
PRD00669,CAT33,Gowardhan Organic  Box 1668,Lay's,3.0,500g,Y,2026-10-05 06:00:00
PRD00670,CAT07,Sunfeast Family Pack  Carton 1669,Clinic Plus,43.18,1L,Y,2026-10-05 06:00:00
PRD00671,CAT28,Rasna Ultra  Jar 1670,MTR,185.02,1L,N,2026-10-05 06:00:00
PRD00672,CAT01,Maggi Regular  Pack 1671,Everest,111.61,1L,Y,2026-10-05 06:00:00
PRD00673,CAT39,Colgate Classic  Box 1672,Sunpure,44.2,500g,Y,2026-10-05 06:00:00
PRD00674,CAT34,Frooti Gold Select Bottle 1673,Lakme,23.51,pcs,Y,2026-10-05 06:00:00
PRD00675,CAT39,Nivea Gold Select Bottle 1674,Sudha,75.67,pcs,Y,2026-10-05 06:00:00
PRD00676,CAT19,Pepsi Family Pack  Pouch 1675,Lakme,15.24,pack,Y,2026-10-05 06:00:00
PRD00677,CAT31,Coca-Cola Family Pack Fresh Pack 1676,Ariel,56.19,500g,Y,2026-10-05 06:00:00
PRD00678,CAT13,Pepsi Regular Extra Pouch 1677,Britannia,57.68,250g,Y,2026-10-05 06:00:00
PRD00679,CAT24,Tata Regular  Bottle 1678,Rin,95.03,1L,Y,2026-10-05 06:00:00
PRD00680,CAT05,Maggi Lite Select Pouch 1679,Surf Excel,438.65,pcs,Y,2026-10-05 06:00:00
PRD00681,CAT23,Whiskas Family Pack Select Jar 1680,Rin,52.1,pack,Y,2026-10-05 06:00:00
PRD00682,CAT19,Gillette Organic Extra Bottle 1681,Sunpure,23.15,pcs,Y,2026-10-05 06:00:00
PRD00683,CAT01,Coca-Cola Classic  Carton 1682,Lay's,35.77,kg,N,2026-10-05 06:00:00
PRD00684,CAT33,Saffola Lite Fresh Item 1683,Aashirvaad,7.45,pcs,Y,2026-10-05 06:00:00
PRD00685,CAT33,ITC Lite Fresh Pack 1684,Coca-Cola,19.58,500g,Y,2026-10-05 06:00:00
PRD00686,CAT32,Oleev Family Pack Extra Pouch 1685,Tata,25.32,pcs,Y,2026-10-05 06:00:00
PRD00687,CAT28,Whiskas Classic  Box 1686,Saffola,22.84,bottle,Y,2026-10-05 06:00:00
PRD00688,CAT37,Oleev Regular  Carton 1687,Fresho,41.98,dozen,Y,2026-10-05 06:00:00
PRD00689,CAT41,Catch Family Pack Daily Bottle 1688,Pampers,17.46,pcs,Y,2026-10-05 06:00:00
PRD00690,CAT12,Harpic Lite Fresh Carton 1689,Oleev,100.38,pcs,Y,2026-10-05 06:00:00
PRD00691,CAT09,Britannia Family Pack Fresh Box 1690,Lakme,36.61,pcs,Y,2026-10-05 06:00:00
PRD00692,CAT11,A2B Classic Extra Carton 1691,A2B,36.29,250g,Y,2026-10-05 06:00:00
PRD00693,CAT33,Surf Excel Lite Daily Carton 1692,Pepsi,27.25,pcs,Y,2026-10-05 06:00:00
PRD00694,CAT19,Everest Regular Select Pack 1693,Parle,42.08,1L,Y,2026-10-05 06:00:00
PRD00695,CAT42,Lakme Gold Daily Carton 1694,Mother Dairy,76.91,pcs,Y,2026-10-05 06:00:00
PRD00696,CAT34,Patanjali Premium Natural Pouch 1695,Patanjali,16.77,250g,Y,2026-10-05 06:00:00
PRD00697,CAT07,ITC Gold Natural Jar 1696,Parle,20.24,500g,Y,2026-10-05 06:00:00
PRD00698,CAT31,Himalaya Ultra Fresh Carton 1697,Everest,27.84,250g,Y,2026-10-05 06:00:00
PRD00699,CAT02,Whiskas Classic  Carton 1698,Dettol,10.9,250g,N,2026-10-05 06:00:00
PRD00700,CAT19,Ananda Organic  Box 1699,Johnson's,17.51,pcs,Y,2026-10-05 06:00:00
PRD00701,CAT38,A2B Gold  Pack 1700,Amul,23.84,1L,Y,2026-10-05 06:00:00
PRD00702,CAT32,Lay's Regular Daily Carton 1701,Amul,80.39,1L,Y,2026-10-05 06:00:00
PRD00703,CAT10,Thirumala Organic Extra Pack 1702,Haldiram's,46.35,500g,Y,2026-10-05 06:00:00
PRD00704,CAT41,Huggies Ultra Select Bottle 1703,Fortune,43.56,pcs,Y,2026-10-05 06:00:00
PRD00705,CAT08,Rin Classic  Bottle 1704,Sudha,78.71,pack,Y,2026-10-05 06:00:00
PRD00706,CAT26,Whiskas Ultra Natural Bottle 1705,Colgate,32.34,dozen,Y,2026-10-05 06:00:00
PRD00707,CAT30,Gillette Regular  Carton 1706,Britannia,52.01,dozen,Y,2026-10-05 06:00:00
PRD00708,CAT11,Oleev Classic Extra Jar 1707,Patanjali,33.35,250g,Y,2026-10-05 06:00:00
PRD00709,CAT41,Weikfield Regular  Carton 1708,Maggi,46.47,500g,Y,2026-10-05 06:00:00
PRD00710,CAT20,Pampers Organic Daily Bottle 1709,Himalaya,21.66,pcs,N,2026-10-05 06:00:00
PRD00711,CAT20,Heritage Lite Extra Box 1710,Lakme,4.08,pcs,Y,2026-10-05 06:00:00
PRD00712,CAT09,Parle Ultra Natural Pouch 1711,Pedigree,32.43,500g,Y,2026-10-05 06:00:00
PRD00713,CAT08,Huggies Gold Extra Carton 1712,Tata,131.69,pcs,Y,2026-10-05 06:00:00
PRD00714,CAT15,Haldiram's Premium  Item 1713,Whiskas,84.23,pcs,Y,2026-10-05 06:00:00
PRD00715,CAT34,Marico Family Pack  Item 1714,Weikfield,87.26,bottle,Y,2026-10-05 06:00:00
PRD00716,CAT24,Sunpure Gold Extra Bottle 1715,Huggies,111.33,dozen,Y,2026-10-05 06:00:00
PRD00717,CAT33,Amul Organic Daily Jar 1716,Nestle,39.64,kg,Y,2026-10-05 06:00:00
PRD00718,CAT41,Safal Gold Fresh Pack 1717,Dettol,43.71,pcs,Y,2026-10-05 06:00:00
PRD00719,CAT41,A2B Ultra  Jar 1718,Frooti,20.99,bottle,Y,2026-10-05 06:00:00
PRD00720,CAT40,MTR Ultra  Box 1719,Godrej,27.54,pcs,Y,2026-10-05 06:00:00
PRD00721,CAT27,Weikfield Gold  Bottle 1720,Saffola,63.7,500g,Y,2026-10-05 06:00:00
PRD00722,CAT21,Marico Ultra Daily Bottle 1721,Oleev,108.15,1L,Y,2026-10-05 06:00:00
PRD00723,CAT05,MTR Foods Classic  Item 1722,Heritage,32.28,500g,Y,2026-10-05 06:00:00
PRD00724,CAT35,Patanjali Family Pack  Pack 1723,Close-Up,24.41,kg,Y,2026-10-05 06:00:00
PRD00725,CAT21,Ariel Lite Extra Item 1724,Marico,36.62,pcs,Y,2026-10-05 06:00:00
PRD00726,CAT04,Amul Regular  Carton 1725,Dove,62.87,500g,Y,2026-10-05 06:00:00
PRD00727,CAT16,Vim Gold Extra Item 1726,Sudha,9.98,pcs,Y,2026-10-05 06:00:00
PRD00728,CAT31,Fortune Organic  Jar 1727,Close-Up,4.63,pack,Y,2026-10-05 06:00:00
PRD00729,CAT26,Sudha Classic  Box 1728,Britannia,22.3,500g,Y,2026-10-05 06:00:00
PRD00730,CAT35,MTR Ultra  Bottle 1729,Lakme,12.2,250g,Y,2026-10-05 06:00:00
PRD00731,CAT06,Oleev Gold  Item 1730,Britannia,23.17,250g,Y,2026-10-05 06:00:00
PRD00732,CAT33,Pedigree Premium  Bottle 1731,Whiskas,32.04,250g,Y,2026-10-05 06:00:00
PRD00733,CAT21,Sunfeast Lite  Bottle 1732,Sudha,24.34,kilo,Y,2026-10-05 06:00:00
PRD00734,CAT16,Lakme Family Pack Daily Item 1733,Safal,135.26,pcs,Y,2026-10-05 06:00:00
PRD00735,CAT39,Fresho Classic  Carton 1734,Dabur,49.11,1L,Y,2026-10-05 06:00:00
PRD00736,CAT34,Surf Excel Organic Natural Bottle 1735,Parle,47.96,dozen,Y,2026-10-05 06:00:00
PRD00737,CAT42,Parle Gold Daily Box 1736,Huggies,64.07,pack,Y,2026-10-05 06:00:00
PRD00738,CAT15,MTR Foods Classic Daily Pouch 1737,Mother Dairy,13.13,pcs,Y,2026-10-05 06:00:00
PRD00739,CAT06,Nivea Ultra  Carton 1738,Parle,93.24,pcs,Y,2026-10-05 06:00:00
PRD00740,CAT02,Sunpure Ultra Daily Pouch 1739,A2B,34.19,500g,N,2026-10-05 06:00:00
PRD00741,CAT24,Nivea Lite Select Box 1740,Everest,66.92,250g,Y,2026-10-05 06:00:00
PRD00742,CAT28,MTR Foods Premium Daily Bottle 1741,A2B,13.95,pcs,Y,2026-10-05 06:00:00
PRD00743,CAT01,Gowardhan Classic Daily Bottle 1742,Rasna,9.04,250g,Y,2026-10-05 06:00:00
PRD00744,CAT01,Marico Classic  Box 1743,Dabur,76.41,kg,Y,2026-10-05 06:00:00
PRD00745,CAT28,Parle Gold Select Carton 1744,Tata,51.36,500g,Y,2026-10-05 06:00:00
PRD00746,CAT36,Thirumala Organic Natural Pouch 1745,Close-Up,16.25,pcs,Y,2026-10-05 06:00:00
PRD00747,CAT20,Rasna Gold Extra Carton 1746,Maggi,16.73,bottle,N,2026-10-05 06:00:00
PRD00748,CAT08,Aashirvaad Premium  Item 1747,Everest,100.78,500g,Y,2026-10-05 06:00:00
PRD00749,CAT01,Godrej Lite  Item 1748,Whiskas,12.55,500g,Y,2026-10-05 06:00:00
PRD00750,CAT26,Ananda Organic Fresh Jar 1749,Huggies,160.52,500g,Y,2026-10-05 06:00:00
PRD00751,CAT43,MDH Organic Select Jar 1750,Heritage,16.27,500g,Y,2026-10-05 06:00:00
PRD00752,CAT25,Bisleri Classic  Box 1751,Huggies,65.01,250g,Y,2026-10-05 06:00:00
PRD00753,CAT10,Dove Ultra  Pouch 1752,MTR,27.23,500g,Y,2026-10-05 06:00:00
PRD00754,CAT12,Safal Lite  Pouch 1753,Gowardhan,62.98,pcs,Y,2026-10-05 06:00:00
PRD00755,CAT41,Parle Organic  Box 1754,Ananda,22.43,250g,N,2026-10-05 06:00:00
PRD00756,CAT07,Frooti Organic Daily Item 1755,Marico,31.61,pcs,Y,2026-10-05 06:00:00
PRD00757,CAT12,Mother Dairy Classic Select Item 1756,Rin,37.97,pcs,Y,2026-10-05 06:00:00
PRD00758,CAT40,Clinic Plus Premium Fresh Jar 1757,Safal,14.85,250g,N,2026-10-05 06:00:00
PRD00759,CAT17,Everest Gold  Item 1758,Lakme,71.29,bottle,Y,2026-10-05 06:00:00
PRD00760,CAT05,MDH Gold  Pack 1759,Ananda,23.06,pcs,Y,2026-10-05 06:00:00
PRD00761,CAT14,Gillette Regular Fresh Pack 1760,Oleev,29.79,pcs,Y,2026-10-05 06:00:00
PRD00762,CAT34,MTR Gold Fresh Jar 1761,Catch,14.96,250g,Y,2026-10-05 06:00:00
PRD00763,CAT17,Licious Classic  Box 1762,Johnson's,3.65,1L,Y,2026-10-05 06:00:00
PRD00764,CAT35,Sudha Organic Fresh Pouch 1763,Fortune,30.82,500g,Y,2026-10-05 06:00:00
PRD00765,CAT01,Aashirvaad Ultra  Bottle 1764,Frooti,320.97,pcs,N,2026-10-05 06:00:00
PRD00766,CAT36,Clinic Plus Regular  Bottle 1765,ITC,74.15,pcs,Y,2026-10-05 06:00:00
PRD00767,CAT15,Sunpure Gold Natural Pack 1766,Colgate,35.97,250g,Y,2026-10-05 06:00:00
PRD00768,CAT19,Godrej Classic  Pack 1767,Aashirvaad,28.89,500g,Y,2026-10-05 06:00:00
PRD00769,CAT42,Everest Premium  Carton 1768,ITC,37.35,pack,Y,2026-10-05 06:00:00
PRD00770,CAT05,A2B Premium Daily Item 1769,Lakme,59.88,1L,Y,2026-10-05 06:00:00
PRD00771,CAT19,Close-Up Regular Select Pack 1770,Amul,12.65,1L,Y,2026-10-05 06:00:00
PRD00772,CAT43,Pepsi Premium Select Pack 1771,Himalaya,99.77,kg,Y,2026-10-05 06:00:00
PRD00773,CAT39,Parle Lite Select Jar 1772,Sunfeast,69.68,pcs,Y,2026-10-05 06:00:00
PRD00774,CAT05,Parle Ultra  Pouch 1773,Bisleri,69.85,500g,Y,2026-10-05 06:00:00
PRD00775,CAT12,MTR Classic  Pack 1774,Saffola,54.31,pcs,Y,2026-10-05 06:00:00
PRD00776,CAT19,Fortune Premium Select Item 1775,Rin,37.25,500g,Y,2026-10-05 06:00:00
PRD00777,CAT12,Licious Family Pack Fresh Carton 1776,Safal,67.06,pcs,Y,2026-10-05 06:00:00
PRD00778,CAT36,Sunpure Ultra Natural Item 1777,Pedigree,62.34,pcs,Y,2026-10-05 06:00:00
PRD00779,CAT12,Johnson's Family Pack  Box 1778,Himalaya,26.61,kg,N,2026-10-05 06:00:00
PRD00780,CAT18,Dabur Ultra Fresh Jar 1779,Everest,21.84,1L,Y,2026-10-05 06:00:00
PRD00781,CAT43,Lakme Lite Extra Box 1780,ITC,40.11,bottle,Y,2026-10-05 06:00:00
PRD00782,CAT34,Ariel Family Pack Daily Jar 1781,Nestle,147.54,500g,Y,2026-10-05 06:00:00
PRD00783,CAT33,Fresho Lite  Item 1782,Dettol,12.0,1L,Y,2026-10-05 06:00:00
PRD00784,CAT18,Dettol Premium Daily Pouch 1783,Dove,9.77,pcs,Y,2026-10-05 06:00:00
PRD00785,CAT29,Sunfeast Premium Natural Item 1784,Nivea,42.45,500g,Y,2026-10-05 06:00:00
PRD00786,CAT05,Saffola Organic Fresh Item 1785,Dove,38.31,1L,Y,2026-10-05 06:00:00
PRD00787,CAT25,Patanjali Lite Select Bottle 1786,Safal,42.78,pcs,Y,2026-10-05 06:00:00
PRD00788,CAT24,Tata Gold Fresh Item 1787,Dove,45.58,250g,Y,2026-10-05 06:00:00
PRD00789,CAT29,Britannia Lite Select Jar 1788,Close-Up,29.94,pcs,Y,2026-10-05 06:00:00
PRD00790,CAT38,Fresho Regular Extra Jar 1789,Marico,139.89,500g,Y,2026-10-05 06:00:00
PRD00791,CAT33,Dove Classic  Jar 1790,Lakme,8.66,500g,N,2026-10-05 06:00:00
PRD00792,CAT10,Heritage Organic  Pouch 1791,Clinic Plus,17.36,dozen,Y,2026-10-05 06:00:00
PRD00793,CAT37,Huggies Premium Select Jar 1792,A2B,33.35,pcs,Y,2026-10-05 06:00:00
PRD00794,CAT33,Maggi Lite Fresh Box 1793,Thirumala,8.34,1L,Y,2026-10-05 06:00:00
PRD00795,CAT23,Sunpure Regular Select Jar 1794,Parle,31.24,500g,Y,2026-10-05 06:00:00
PRD00796,CAT11,Thirumala Regular Natural Bottle 1795,Marico,163.26,pcs,Y,2026-10-05 06:00:00
PRD00797,CAT24,ITC Lite  Pack 1796,Rasna,37.29,1L,N,2026-10-05 06:00:00
PRD00798,CAT24,Maggi Classic  Item 1797,ITC,45.04,pcs,Y,2026-10-05 06:00:00
PRD00799,CAT07,Coca-Cola Family Pack Extra Box 1798,Sunfeast,11.77,pcs,Y,2026-10-05 06:00:00
PRD00800,CAT21,Dettol Classic Natural Carton 1799,Ariel,21.02,pcs,Y,2026-10-05 06:00:00
PRD00801,CAT20,Patanjali Family Pack Fresh Bottle 1800,Sunfeast,26.11,pack,Y,2026-10-05 06:00:00
PRD00802,CAT10,Godrej Classic  Pack 1801,Vim,27.5,pcs,Y,2026-10-05 06:00:00
PRD00803,CAT25,Sudha Ultra  Pack 1802,Johnson's,115.99,500g,Y,2026-10-05 06:00:00
PRD00804,CAT36,Thirumala Regular  Item 1803,Gowardhan,60.46,pcs,Y,2026-10-05 06:00:00
PRD00805,CAT15,MDH Lite Natural Bottle 1804,Harpic,13.46,pcs,Y,2026-10-05 06:00:00
PRD00806,CAT44,Whiskas Premium Fresh Box 1805,ITC,45.69,pcs,Y,2026-10-05 06:00:00
PRD00807,CAT40,Heritage Gold  Bottle 1806,Colgate,57.31,500g,Y,2026-10-05 06:00:00
PRD00808,CAT40,Sunpure Family Pack Daily Item 1807,Aashirvaad,102.12,pcs,Y,2026-10-05 06:00:00
PRD00809,CAT06,Clinic Plus Classic  Item 1808,ITC,151.79,pcs,Y,2026-10-05 06:00:00
PRD00810,CAT37,Amul Premium Daily Pack 1809,MTR Foods,14.68,pack,Y,2026-10-05 06:00:00
PRD00811,CAT02,Dabur Organic Natural Jar 1810,Lakme,17.64,500g,Y,2026-10-05 06:00:00
PRD00812,CAT12,Marico Classic Fresh Carton 1811,Whiskas,11.8,pcs,Y,2026-10-05 06:00:00
PRD00813,CAT04,Aashirvaad Premium  Pack 1812,Fortune,29.65,500g,Y,2026-10-05 06:00:00
PRD00814,CAT23,Fresho Family Pack  Item 1813,Pampers,55.69,pcs,Y,2026-10-05 06:00:00
PRD00815,CAT13,Fresho Regular  Item 1814,Catch,89.0,1L,Y,2026-10-05 06:00:00
PRD00816,CAT17,Clinic Plus Premium  Pouch 1815,MDH,34.18,pcs,Y,2026-10-05 06:00:00
PRD00817,CAT31,Vim Organic Extra Item 1816,Amul,27.44,kilo,Y,2026-10-05 06:00:00
PRD00818,CAT16,Gowardhan Organic  Box 1817,Parle,41.95,pcs,Y,2026-10-05 06:00:00
PRD00819,CAT41,Patanjali Gold Fresh Box 1818,Surf Excel,17.26,pcs,Y,2026-10-05 06:00:00
PRD00820,CAT26,Rin Gold  Pouch 1819,Harpic,239.99,pack,Y,2026-10-05 06:00:00
PRD00821,CAT28,Lakme Lite Fresh Bottle 1820,Marico,8.61,pcs,Y,2026-10-05 06:00:00
PRD00822,CAT01,Dettol Family Pack  Item 1821,Oleev,43.22,pcs,Y,2026-10-05 06:00:00
PRD00823,CAT12,ITC Organic  Bottle 1822,Rasna,226.16,500g,Y,2026-10-05 06:00:00
PRD00824,CAT37,Dabur Lite  Bottle 1823,Lakme,36.82,1L,Y,2026-10-05 06:00:00
PRD00825,CAT20,Ananda Regular Extra Pouch 1824,Lakme,30.84,pcs,Y,2026-10-05 06:00:00
PRD00826,CAT02,Ananda Family Pack Natural Pouch 1825,Clinic Plus,26.53,pcs,Y,2026-10-05 06:00:00
PRD00827,CAT36,Whiskas Regular Select Box 1826,Ariel,31.11,pcs,Y,2026-10-05 06:00:00
PRD00828,CAT15,Pepsi Premium Natural Pouch 1827,Pampers,125.91,pcs,Y,2026-10-05 06:00:00
PRD00829,CAT38,Fortune Premium Fresh Item 1828,Nestle,5.0,pcs,Y,2026-10-05 06:00:00
PRD00830,CAT22,Sudha Family Pack Natural Carton 1829,MDH,145.49,pcs,Y,2026-10-05 06:00:00
PRD00831,CAT44,Ariel Lite  Item 1830,Surf Excel,10.16,1L,Y,2026-10-05 06:00:00
PRD00832,CAT32,Mother Dairy Lite Fresh Pouch 1831,Ariel,28.79,dozen,Y,2026-10-05 06:00:00
PRD00833,CAT20,Heritage Premium Daily Pouch 1832,Tata,24.87,1L,Y,2026-10-05 06:00:00
PRD00834,CAT36,Sunpure Organic Natural Carton 1833,Huggies,62.16,500g,N,2026-10-05 06:00:00
PRD00835,CAT33,Sunpure Gold  Pack 1834,Parle,8.69,1L,Y,2026-10-05 06:00:00
PRD00836,CAT15,Ariel Regular Natural Pouch 1835,Dabur,55.48,1L,Y,2026-10-05 06:00:00
PRD00837,CAT03,Nestle Regular  Pouch 1836,Maggi,226.3,pack,Y,2026-10-05 06:00:00
PRD00838,CAT29,Dabur Family Pack Fresh Pack 1837,Frooti,10.73,1L,Y,2026-10-05 06:00:00
PRD00839,CAT27,Gillette Premium  Item 1838,Rin,43.41,1L,Y,2026-10-05 06:00:00
PRD00840,CAT05,Fortune Lite  Pouch 1839,Marico,20.17,pcs,Y,2026-10-05 06:00:00
PRD00841,CAT31,Close-Up Premium Natural Pouch 1840,A2B,53.69,500g,Y,2026-10-05 06:00:00
PRD00842,CAT22,Dabur Gold Natural Jar 1841,MTR,37.23,pcs,Y,2026-10-05 06:00:00
PRD00843,CAT35,Pepsi Regular  Item 1842,Mother Dairy,20.55,pcs,Y,2026-10-05 06:00:00
PRD00844,CAT07,Lay's Gold  Carton 1843,Pepsi,56.77,pcs,Y,2026-10-05 06:00:00
PRD00845,CAT06,Pedigree Regular  Box 1844,Nestle,185.66,500g,Y,2026-10-05 06:00:00
PRD00846,CAT26,MDH Organic  Box 1845,Himalaya,30.82,1L,Y,2026-10-05 06:00:00
PRD00847,CAT01,Colgate Regular  Pack 1846,Clinic Plus,69.95,kg,Y,2026-10-05 06:00:00
PRD00848,CAT19,Catch Organic Extra Jar 1847,Mother Dairy,11.43,pcs,Y,2026-10-05 06:00:00
PRD00849,CAT07,Parle Gold Natural Pack 1848,MTR,15.47,pcs,Y,2026-10-05 06:00:00
PRD00850,CAT36,Weikfield Gold Select Box 1849,Dabur,55.99,bottle,Y,2026-10-05 06:00:00
PRD00851,CAT12,Catch Ultra  Pack 1850,Aashirvaad,139.17,kg,Y,2026-10-05 06:00:00
PRD00852,CAT20,Catch Premium Select Carton 1851,Sunfeast,50.4,500g,Y,2026-10-05 06:00:00
PRD00853,CAT23,Oleev Premium  Pouch 1852,A2B,27.61,pcs,Y,2026-10-05 06:00:00
PRD00854,CAT25,Parle Lite  Bottle 1853,Ariel,36.57,500g,Y,2026-10-05 06:00:00
PRD00855,CAT30,Lay's Regular  Pack 1854,Close-Up,11.88,pcs,Y,2026-10-05 06:00:00
PRD00856,CAT29,Sunfeast Regular  Jar 1855,Heritage,63.06,bottle,Y,2026-10-05 06:00:00
PRD00857,CAT31,Licious Classic Natural Bottle 1856,A2B,80.97,250g,N,2026-10-05 06:00:00
PRD00858,CAT18,Amul Ultra Daily Pack 1857,Godrej,24.36,pcs,Y,2026-10-05 06:00:00
PRD00859,CAT41,Frooti Classic Natural Box 1858,Saffola,23.97,bottle,Y,2026-10-05 06:00:00
PRD00860,CAT19,Ananda Classic  Item 1859,Saffola,46.49,1L,Y,2026-10-05 06:00:00
PRD00861,CAT04,Gowardhan Family Pack Select Pack 1860,Britannia,24.7,kg,Y,2026-10-05 06:00:00
PRD00862,CAT01,Licious Organic Extra Bottle 1861,Bisleri,34.48,dozen,Y,2026-10-05 06:00:00
PRD00863,CAT41,Sunfeast Organic  Carton 1862,Dabur,242.2,pcs,Y,2026-10-05 06:00:00
PRD00864,CAT15,Close-Up Lite  Bottle 1863,Rasna,29.3,pcs,Y,2026-10-05 06:00:00
PRD00865,CAT08,Aashirvaad Premium Fresh Item 1864,Ariel,26.51,500g,Y,2026-10-05 06:00:00
PRD00866,CAT15,Parle Ultra  Item 1865,Haldiram's,20.43,kg,Y,2026-10-05 06:00:00
PRD00867,CAT15,Haldiram's Gold Select Pack 1866,Parle,71.51,dozen,Y,2026-10-05 06:00:00
PRD00868,CAT39,Catch Classic  Box 1867,Rin,31.09,1L,Y,2026-10-05 06:00:00
PRD00869,CAT22,Nivea Family Pack  Bottle 1868,Frooti,20.4,pcs,Y,2026-10-05 06:00:00
PRD00870,CAT18,MTR Foods Gold Select Pack 1869,MDH,120.2,pcs,Y,2026-10-05 06:00:00
PRD00871,CAT16,Tata Classic Natural Pack 1870,Nivea,131.32,250g,Y,2026-10-05 06:00:00
PRD00872,CAT02,Dabur Organic Fresh Jar 1871,Aashirvaad,21.32,1L,Y,2026-10-05 06:00:00
PRD00873,CAT36,Himalaya Ultra Daily Item 1872,Patanjali,6.82,500g,Y,2026-10-05 06:00:00
PRD00874,CAT20,Tata Organic Extra Pack 1873,ITC,90.63,500g,Y,2026-10-05 06:00:00
PRD00875,CAT16,Tata Regular  Bottle 1874,Tata,19.76,250g,Y,2026-10-05 06:00:00
PRD00876,CAT03,Dove Ultra Extra Pack 1875,Whiskas,74.56,pack,N,2026-10-05 06:00:00
PRD00877,CAT30,Harpic Premium Daily Pack 1876,Nivea,6.21,pcs,Y,2026-10-05 06:00:00
PRD00878,CAT02,Marico Ultra  Bottle 1877,Colgate,81.72,pcs,Y,2026-10-05 06:00:00
PRD00879,CAT35,Sunpure Classic Fresh Carton 1878,Dabur,12.3,250g,Y,2026-10-05 06:00:00
PRD00880,CAT26,Bisleri Family Pack Extra Jar 1879,Johnson's,70.65,bottle,Y,2026-10-05 06:00:00
PRD00881,CAT05,Godrej Classic Select Pack 1880,Frooti,37.07,pcs,Y,2026-10-05 06:00:00
PRD00882,CAT02,MTR Organic Natural Pack 1881,Tata,15.51,pcs,Y,2026-10-05 06:00:00
PRD00883,CAT20,Rin Premium Fresh Bottle 1882,Pampers,25.37,pcs,Y,2026-10-05 06:00:00
PRD00884,CAT34,Clinic Plus Ultra Daily Carton 1883,Surf Excel,67.88,pcs,Y,2026-10-05 06:00:00
PRD00885,CAT34,ITC Premium  Carton 1884,Sudha,40.26,pcs,Y,2026-10-05 06:00:00
PRD00886,CAT20,Frooti Classic  Jar 1885,Lakme,61.93,1L,Y,2026-10-05 06:00:00
PRD00887,CAT25,Sunfeast Organic Daily Pouch 1886,Licious,216.76,pcs,Y,2026-10-05 06:00:00
PRD00888,CAT20,Tata Organic Select Pouch 1887,Saffola,8.95,1L,Y,2026-10-05 06:00:00
PRD00889,CAT25,Rasna Family Pack Daily Bottle 1888,Catch,156.88,pcs,Y,2026-10-05 06:00:00
PRD00890,CAT14,Colgate Classic Select Carton 1889,Johnson's,40.2,pcs,Y,2026-10-05 06:00:00
PRD00891,CAT44,MDH Premium  Item 1890,Dove,16.3,500g,Y,2026-10-05 06:00:00
PRD00892,CAT43,Saffola Family Pack  Pack 1891,A2B,11.05,500g,Y,2026-10-05 06:00:00
PRD00893,CAT43,Patanjali Lite  Item 1892,Haldiram's,30.87,pcs,Y,2026-10-05 06:00:00
PRD00894,CAT39,Vim Classic Select Pack 1893,Dove,83.89,pack,Y,2026-10-05 06:00:00
PRD00895,CAT12,Heritage Gold Fresh Box 1894,MTR Foods,32.63,pcs,Y,2026-10-05 06:00:00
PRD00896,CAT05,Safal Classic  Bottle 1895,Johnson's,142.6,500g,Y,2026-10-05 06:00:00
PRD00897,CAT02,Johnson's Organic Natural Carton 1896,Maggi,9.91,1L,Y,2026-10-05 06:00:00
PRD00898,CAT16,ITC Family Pack  Carton 1897,Mother Dairy,36.2,bottle,Y,2026-10-05 06:00:00
PRD00899,CAT30,Frooti Organic  Bottle 1898,Nivea,11.86,500g,Y,2026-10-05 06:00:00
PRD00900,CAT43,Lay's Gold  Item 1899,MDH,50.77,500g,N,2026-10-05 06:00:00
PRD00901,CAT38,Huggies Classic Fresh Carton 1900,Safal,81.3,1L,Y,2026-10-05 06:00:00
PRD00902,CAT42,Pampers Regular Select Box 1901,Ariel,25.06,pcs,Y,2026-10-05 06:00:00
PRD00903,CAT24,Gowardhan Family Pack Extra Item 1902,Whiskas,3.51,250g,Y,2026-10-05 06:00:00
PRD00904,CAT30,Pepsi Ultra Select Pack 1903,ITC,43.77,pcs,Y,2026-10-05 06:00:00
PRD00905,CAT37,Lakme Organic  Bottle 1904,Pepsi,54.22,pack,Y,2026-10-05 06:00:00
PRD00906,CAT39,Licious Regular Daily Item 1905,Thirumala,52.66,pcs,Y,2026-10-05 06:00:00
PRD00907,CAT11,Everest Family Pack Fresh Box 1906,Dettol,111.3,dozen,Y,2026-10-05 06:00:00
PRD00908,CAT14,Nestle Regular Fresh Box 1907,Catch,13.96,pcs,Y,2026-10-05 06:00:00
PRD00909,CAT23,ITC Family Pack  Carton 1908,Amul,67.5,bottle,Y,2026-10-05 06:00:00
PRD00910,CAT16,Fortune Gold Fresh Jar 1909,Fortune,107.05,500g,Y,2026-10-05 06:00:00
PRD00911,CAT21,Rin Regular Fresh Jar 1910,Catch,7.38,pcs,N,2026-10-05 06:00:00
PRD00912,CAT04,Dettol Classic Daily Bottle 1911,Dettol,48.8,pcs,Y,2026-10-05 06:00:00
PRD00913,CAT33,Patanjali Organic Extra Carton 1912,Mother Dairy,23.25,pack,Y,2026-10-05 06:00:00
PRD00914,CAT14,Pedigree Regular  Pouch 1913,Parle,34.01,pcs,Y,2026-10-05 06:00:00
PRD00915,CAT19,Ananda Gold  Box 1914,Amul,50.04,pcs,Y,2026-10-05 06:00:00
PRD00916,CAT05,MDH Organic  Carton 1915,Rin,23.61,pcs,N,2026-10-05 06:00:00
PRD00917,CAT36,Sunpure Premium  Pack 1916,Britannia,19.92,dozen,Y,2026-10-05 06:00:00
PRD00918,CAT31,Licious Lite  Pack 1917,Pepsi,37.74,pcs,N,2026-10-05 06:00:00
PRD00919,CAT18,Britannia Family Pack  Box 1918,Vim,13.76,pcs,Y,2026-10-05 06:00:00
PRD00920,CAT44,MDH Lite Fresh Box 1919,Nivea,13.77,kg,Y,2026-10-05 06:00:00
PRD00921,CAT31,Heritage Family Pack Select Jar 1920,Huggies,67.45,bottle,Y,2026-10-05 06:00:00
PRD00922,CAT30,Surf Excel Premium Daily Box 1921,Close-Up,13.01,pcs,Y,2026-10-05 06:00:00
PRD00923,CAT21,Gillette Family Pack  Carton 1922,Close-Up,66.67,bottle,Y,2026-10-05 06:00:00
PRD00924,CAT30,Close-Up Regular Natural Pack 1923,Fresho,55.5,pcs,Y,2026-10-05 06:00:00
PRD00925,CAT41,Thirumala Ultra  Box 1924,Whiskas,7.74,pcs,Y,2026-10-05 06:00:00
PRD00926,CAT04,Nestle Organic  Pack 1925,Whiskas,19.89,pack,Y,2026-10-05 06:00:00
PRD00927,CAT05,Sunpure Lite Daily Jar 1926,Catch,107.2,250g,Y,2026-10-05 06:00:00
PRD00928,CAT41,Fortune Lite Fresh Jar 1927,Lakme,15.13,pcs,Y,2026-10-05 06:00:00
PRD00929,CAT10,Dettol Premium  Bottle 1928,Coca-Cola,24.1,pcs,Y,2026-10-05 06:00:00
PRD00930,CAT27,Safal Gold  Pouch 1929,MDH,55.47,pcs,Y,2026-10-05 06:00:00
PRD00931,CAT16,Sudha Premium Daily Box 1930,Rin,74.07,250g,Y,2026-10-05 06:00:00
PRD00932,CAT30,Nivea Ultra Fresh Bottle 1931,Gowardhan,29.18,dozen,Y,2026-10-05 06:00:00
PRD00933,CAT13,Fresho Organic Natural Bottle 1932,Sunpure,21.38,pcs,Y,2026-10-05 06:00:00
PRD00934,CAT36,Godrej Lite Extra Box 1933,Dabur,131.65,pack,Y,2026-10-05 06:00:00
PRD00935,CAT21,Rasna Organic  Item 1934,Ananda,175.04,pcs,Y,2026-10-05 06:00:00
PRD00936,CAT40,Whiskas Regular Fresh Box 1935,Rasna,88.32,250g,Y,2026-10-05 06:00:00
PRD00937,CAT15,Rasna Classic Extra Item 1936,Thirumala,39.52,pcs,Y,2026-10-05 06:00:00
PRD00938,CAT20,Haldiram's Ultra Natural Carton 1937,Himalaya,17.68,1L,Y,2026-10-05 06:00:00
PRD00939,CAT20,ITC Ultra Fresh Pack 1938,Fresho,17.33,pcs,N,2026-10-05 06:00:00
PRD00940,CAT05,Lay's Lite  Carton 1939,Johnson's,58.57,kg,Y,2026-10-05 06:00:00
PRD00941,CAT32,Sunpure Organic Natural Jar 1940,Vim,53.33,pcs,Y,2026-10-05 06:00:00
PRD00942,CAT06,Maggi Premium Extra Box 1941,Tata,129.21,500g,Y,2026-10-05 06:00:00
PRD00943,CAT30,Godrej Organic Select Bottle 1942,Britannia,65.72,pack,Y,2026-10-05 06:00:00
PRD00944,CAT26,Everest Premium Daily Box 1943,Fresho,9.46,500g,Y,2026-10-05 06:00:00
PRD00945,CAT37,Catch Lite Extra Jar 1944,Ariel,94.33,pcs,Y,2026-10-05 06:00:00
PRD00946,CAT13,Sunfeast Ultra  Carton 1945,Huggies,14.91,500g,Y,2026-10-05 06:00:00
PRD00947,CAT29,Weikfield Gold Fresh Item 1946,Weikfield,25.9,pack,Y,2026-10-05 06:00:00
PRD00948,CAT05,Close-Up Gold Fresh Jar 1947,Gowardhan,45.84,500g,Y,2026-10-05 06:00:00
PRD00949,CAT25,Sudha Gold Natural Jar 1948,Marico,220.54,pcs,Y,2026-10-05 06:00:00
PRD00950,CAT13,Dove Lite Natural Pack 1949,Pampers,601.2,500g,Y,2026-10-05 06:00:00
PRD00951,CAT24,Everest Ultra Select Carton 1950,Rin,63.18,kg,Y,2026-10-05 06:00:00
PRD00952,CAT31,Licious Regular Natural Box 1951,Marico,31.04,pcs,Y,2026-10-05 06:00:00
PRD00953,CAT20,Ariel Ultra Extra Carton 1952,Rin,59.21,500g,Y,2026-10-05 06:00:00
PRD00954,CAT08,Surf Excel Family Pack  Carton 1953,Pepsi,81.36,1L,Y,2026-10-05 06:00:00
PRD00955,CAT09,Marico Classic Extra Pack 1954,Pampers,27.42,pcs,Y,2026-10-05 06:00:00
PRD00956,CAT21,Whiskas Classic Select Pouch 1955,Colgate,184.14,pcs,Y,2026-10-05 06:00:00
PRD00957,CAT20,Colgate Organic  Carton 1956,Godrej,45.02,kg,Y,2026-10-05 06:00:00
PRD00958,CAT15,Sunpure Gold  Pack 1957,Heritage,57.28,pcs,Y,2026-10-05 06:00:00
PRD00959,CAT26,Haldiram's Organic Extra Pack 1958,Pepsi,66.64,250g,Y,2026-10-05 06:00:00
PRD00960,CAT42,Parle Gold  Bottle 1959,Licious,53.49,kilo,Y,2026-10-05 06:00:00
PRD00961,CAT11,Haldiram's Gold Natural Jar 1960,Oleev,77.87,pcs,Y,2026-10-05 06:00:00
PRD00962,CAT37,Tata Premium Extra Box 1961,Johnson's,21.0,pcs,Y,2026-10-05 06:00:00
PRD00963,CAT41,Patanjali Gold  Bottle 1962,Lay's,22.14,bottle,Y,2026-10-05 06:00:00
PRD00964,CAT11,Ananda Classic  Pouch 1963,ITC,13.6,250g,Y,2026-10-05 06:00:00
PRD00965,CAT27,Vim Organic Select Bottle 1964,Clinic Plus,54.36,pcs,Y,2026-10-05 06:00:00
PRD00966,CAT30,Close-Up Organic  Item 1965,Surf Excel,73.78,pcs,Y,2026-10-05 06:00:00
PRD00967,CAT19,Pampers Lite Natural Item 1966,Marico,55.26,1L,Y,2026-10-05 06:00:00
PRD00968,CAT34,Fresho Regular Daily Item 1967,Ananda,165.18,500g,Y,2026-10-05 06:00:00
PRD00969,CAT38,Rasna Premium Daily Pack 1968,Dabur,36.41,500g,Y,2026-10-05 06:00:00
PRD00970,CAT23,Frooti Regular Fresh Pack 1969,Close-Up,66.81,kg,Y,2026-10-05 06:00:00
PRD00971,CAT01,Harpic Organic Fresh Pack 1970,Licious,13.7,500g,Y,2026-10-05 06:00:00
PRD00972,CAT03,Aashirvaad Premium Fresh Box 1971,Dove,25.83,bottle,Y,2026-10-05 06:00:00
PRD00973,CAT03,Clinic Plus Regular Select Jar 1972,Thirumala,68.44,1L,Y,2026-10-05 06:00:00
PRD00974,CAT28,Maggi Regular Extra Box 1973,Harpic,78.59,pcs,Y,2026-10-05 06:00:00
PRD00975,CAT14,Saffola Lite  Carton 1974,Parle,28.09,250g,Y,2026-10-05 06:00:00
PRD00976,CAT30,Bisleri Premium Daily Pack 1975,Ariel,34.31,500g,Y,2026-10-05 06:00:00
PRD00977,CAT05,Catch Gold Daily Jar 1976,Weikfield,9.34,pcs,Y,2026-10-05 06:00:00
PRD00978,CAT15,Nestle Gold  Box 1977,Saffola,26.54,pcs,Y,2026-10-05 06:00:00
PRD00979,CAT38,MDH Premium Select Jar 1978,Ananda,81.56,1L,Y,2026-10-05 06:00:00
PRD00980,CAT14,Godrej Premium  Jar 1979,Vim,61.42,1L,Y,2026-10-05 06:00:00
PRD00981,CAT14,Harpic Premium  Jar 1980,Licious,57.43,dozen,Y,2026-10-05 06:00:00
PRD00982,CAT08,Surf Excel Organic Extra Bottle 1981,Rasna,38.27,pack,Y,2026-10-05 06:00:00
PRD00983,CAT08,Surf Excel Ultra Extra Jar 1982,Parle,36.83,pcs,Y,2026-10-05 06:00:00
PRD00984,CAT19,Lay's Lite  Box 1983,Parle,20.2,250g,Y,2026-10-05 06:00:00
PRD00985,CAT32,Dettol Classic Fresh Pouch 1984,MTR,68.64,pcs,Y,2026-10-05 06:00:00
PRD00986,CAT31,Nivea Gold Select Carton 1985,Dettol,53.46,pcs,Y,2026-10-05 06:00:00
PRD00987,CAT29,Fresho Classic  Box 1986,Dettol,56.99,pcs,Y,2026-10-05 06:00:00
PRD00988,CAT41,Surf Excel Classic Extra Pack 1987,Dabur,22.8,1L,N,2026-10-05 06:00:00
PRD00989,CAT11,Nivea Lite Fresh Carton 1988,Oleev,5.27,pcs,Y,2026-10-05 06:00:00
PRD00990,CAT13,Pedigree Lite Natural Jar 1989,Rin,98.24,500g,Y,2026-10-05 06:00:00
PRD00991,CAT27,Dettol Ultra  Item 1990,Nivea,23.78,pcs,Y,2026-10-05 06:00:00
PRD00992,CAT19,Johnson's Family Pack Daily Jar 1991,Licious,16.84,pcs,Y,2026-10-05 06:00:00
PRD00993,CAT26,Close-Up Regular Daily Item 1992,Sunpure,68.32,kg,Y,2026-10-05 06:00:00
PRD00994,CAT37,Amul Classic  Carton 1993,Vim,25.72,dozen,Y,2026-10-05 06:00:00
PRD00995,CAT09,Huggies Family Pack  Item 1994,Huggies,95.01,250g,Y,2026-10-05 06:00:00
PRD00996,CAT28,Oleev Classic  Box 1995,Rin,63.77,1L,Y,2026-10-05 06:00:00
PRD00997,CAT32,MTR Foods Lite Extra Box 1996,Everest,67.71,250g,Y,2026-10-05 06:00:00
PRD00998,CAT03,Godrej Family Pack  Item 1997,Haldiram's,10.7,250g,Y,2026-10-05 06:00:00
PRD00999,CAT32,Heritage Gold  Carton 1998,Johnson's,108.93,250g,Y,2026-10-05 06:00:00
PRD01000,CAT05,Himalaya Regular Natural Bottle 1999,Clinic Plus,46.3,pcs,Y,2026-10-05 06:00:00
PRD01001,CAT08,Everest Classic  Carton 2000,Vim,26.25,pcs,Y,2026-10-05 06:00:00
PRD01002,CAT14,Saffola Premium  Carton 2001,Sunfeast,41.64,pcs,Y,2026-10-05 06:00:00
PRD01003,CAT03,Maggi Gold Natural Box 2002,Whiskas,7.4,500g,Y,2026-10-05 06:00:00
PRD01004,CAT24,Fresho Family Pack Fresh Jar 2003,Tata,52.87,pcs,Y,2026-10-05 06:00:00
PRD01005,CAT13,Dove Regular Natural Pack 2004,Britannia,14.49,250g,Y,2026-10-05 06:00:00
PRD01006,CAT43,Surf Excel Organic Select Bottle 2005,Gillette,10.83,250g,Y,2026-10-05 06:00:00
PRD01007,CAT29,ITC Organic Extra Carton 2006,Tata,9.3,pcs,Y,2026-10-05 06:00:00
PRD01008,CAT08,Dettol Gold  Pack 2007,Amul,99.63,pcs,N,2026-10-05 06:00:00
PRD01009,CAT42,Frooti Premium  Item 2008,Pepsi,20.77,1L,Y,2026-10-05 06:00:00
PRD01010,CAT31,Dettol Family Pack Extra Pack 2009,Dabur,145.53,pcs,Y,2026-10-05 06:00:00
PRD01011,CAT26,Lakme Organic Natural Pouch 2010,Pedigree,22.6,pcs,Y,2026-10-05 06:00:00
PRD01012,CAT18,Nestle Gold Extra Bottle 2011,Safal,7.87,pack,Y,2026-10-05 06:00:00
PRD01013,CAT18,Surf Excel Organic Extra Item 2012,Rin,13.4,500g,Y,2026-10-05 06:00:00
PRD01014,CAT07,Aashirvaad Ultra Natural Item 2013,Maggi,111.3,pack,Y,2026-10-05 06:00:00
PRD01015,CAT38,MDH Lite Natural Pouch 2014,Close-Up,31.81,pack,Y,2026-10-05 06:00:00
PRD01016,CAT16,Pedigree Classic Select Jar 2015,Harpic,22.34,bottle,Y,2026-10-05 06:00:00
PRD01017,CAT33,Catch Lite Extra Box 2016,Dabur,42.27,pcs,Y,2026-10-05 06:00:00
PRD01018,CAT03,Weikfield Organic  Carton 2017,Thirumala,57.49,pcs,Y,2026-10-05 06:00:00
PRD01019,CAT38,Heritage Premium  Jar 2018,Nestle,100.05,pcs,Y,2026-10-05 06:00:00
PRD01020,CAT04,Coca-Cola Family Pack Extra Carton 2019,Whiskas,134.78,pcs,Y,2026-10-05 06:00:00
PRD01021,CAT36,Coca-Cola Classic Extra Box 2020,Oleev,26.48,500g,Y,2026-10-05 06:00:00
PRD01022,CAT04,Mother Dairy Regular Fresh Item 2021,Harpic,11.1,pack,N,2026-10-05 06:00:00
PRD01023,CAT42,Whiskas Lite Select Bottle 2022,ITC,25.23,kg,Y,2026-10-05 06:00:00
PRD01024,CAT09,Heritage Lite  Bottle 2023,Ananda,46.26,bottle,Y,2026-10-05 06:00:00
PRD01025,CAT40,Rin Family Pack  Carton 2024,Surf Excel,15.37,500g,Y,2026-10-05 06:00:00
PRD01026,CAT17,Gillette Family Pack Natural Item 2025,Sunpure,15.46,1L,Y,2026-10-05 06:00:00
PRD01027,CAT17,Gillette Premium  Bottle 2026,Pepsi,49.87,pcs,Y,2026-10-05 06:00:00
PRD01028,CAT33,Dettol Premium  Carton 2027,Weikfield,35.03,500g,Y,2026-10-05 06:00:00
PRD01029,CAT20,Dove Ultra Daily Jar 2028,Safal,37.69,bottle,Y,2026-10-05 06:00:00
PRD01030,CAT14,Weikfield Family Pack Natural Box 2029,Clinic Plus,18.49,pcs,Y,2026-10-05 06:00:00
PRD01031,CAT22,Heritage Premium Daily Carton 2030,Safal,29.74,500g,Y,2026-10-05 06:00:00
PRD01032,CAT27,Clinic Plus Regular Extra Jar 2031,Maggi,15.93,bottle,Y,2026-10-05 06:00:00
PRD01033,CAT43,Weikfield Regular Extra Item 2032,Vim,81.55,pcs,Y,2026-10-05 06:00:00
PRD01034,CAT03,Harpic Lite  Box 2033,Tata,92.92,dozen,Y,2026-10-05 06:00:00
PRD01035,CAT24,Sunfeast Ultra Natural Jar 2034,Nivea,6.95,pcs,Y,2026-10-05 06:00:00
PRD01036,CAT30,Harpic Premium  Bottle 2035,Godrej,15.85,bottle,Y,2026-10-05 06:00:00
PRD01037,CAT08,Maggi Organic  Box 2036,Coca-Cola,9.52,500g,Y,2026-10-05 06:00:00
PRD01038,CAT22,Lakme Lite Daily Item 2037,Safal,20.39,pcs,Y,2026-10-05 06:00:00
PRD01039,CAT25,Sunpure Organic Daily Bottle 2038,Nestle,33.95,pcs,Y,2026-10-05 06:00:00
PRD01040,CAT10,Heritage Lite Natural Item 2039,Sunfeast,9.93,250g,Y,2026-10-05 06:00:00
PRD01041,CAT29,Saffola Organic  Jar 2040,Oleev,15.96,bottle,Y,2026-10-05 06:00:00
PRD01042,CAT40,Thirumala Classic Extra Bottle 2041,Haldiram's,14.83,1L,Y,2026-10-05 06:00:00
PRD01043,CAT01,Weikfield Gold Extra Item 2042,Bisleri,44.1,kg,Y,2026-10-05 06:00:00
PRD01044,CAT21,Pedigree Premium Select Carton 2043,Pepsi,38.96,pack,Y,2026-10-05 06:00:00
PRD01045,CAT39,Ariel Family Pack  Jar 2044,Gillette,19.11,pcs,Y,2026-10-05 06:00:00
PRD01046,CAT24,Ariel Gold  Item 2045,Maggi,42.91,1L,Y,2026-10-05 06:00:00
PRD01047,CAT09,Gowardhan Regular Select Bottle 2046,Weikfield,22.38,pcs,Y,2026-10-05 06:00:00
PRD01048,CAT44,Nivea Lite Fresh Bottle 2047,Aashirvaad,28.66,500g,Y,2026-10-05 06:00:00
PRD01049,CAT26,Haldiram's Ultra Extra Carton 2048,Bisleri,165.03,pcs,Y,2026-10-05 06:00:00
PRD01050,CAT09,Maggi Gold Select Pouch 2049,Harpic,122.29,pcs,N,2026-10-05 06:00:00
PRD01051,CAT20,Frooti Ultra Natural Jar 2050,Rin,11.36,1L,Y,2026-10-05 06:00:00
PRD01052,CAT35,Everest Lite Daily Pack 2051,Whiskas,77.23,pcs,Y,2026-10-05 06:00:00
PRD01053,CAT36,Lakme Ultra Natural Jar 2052,MTR,75.96,1L,Y,2026-10-05 06:00:00
PRD01054,CAT42,Maggi Gold Natural Jar 2053,Gowardhan,13.02,kg,Y,2026-10-05 06:00:00
PRD01055,CAT36,Surf Excel Regular Extra Pouch 2054,Close-Up,76.47,pcs,Y,2026-10-05 06:00:00
PRD01056,CAT09,Huggies Organic Fresh Carton 2055,Rin,146.08,250g,Y,2026-10-05 06:00:00
PRD01057,CAT22,Vim Premium  Item 2056,Aashirvaad,13.33,1L,Y,2026-10-05 06:00:00
PRD01058,CAT01,Gowardhan Gold  Jar 2057,Ariel,16.03,pcs,Y,2026-10-05 06:00:00
PRD01059,CAT05,Tata Lite Fresh Carton 2058,Frooti,91.46,pack,Y,2026-10-05 06:00:00
PRD01060,CAT09,Ananda Gold Fresh Jar 2059,Coca-Cola,46.73,pcs,Y,2026-10-05 06:00:00
PRD01061,CAT37,Godrej Gold  Jar 2060,Gillette,60.12,pcs,Y,2026-10-05 06:00:00
PRD01062,CAT38,Ananda Ultra Daily Carton 2061,Surf Excel,49.73,pcs,Y,2026-10-05 06:00:00
PRD01063,CAT19,Pampers Premium Natural Carton 2062,Colgate,52.02,500g,Y,2026-10-05 06:00:00
PRD01064,CAT08,Rin Classic Daily Jar 2063,Pedigree,11.09,500g,Y,2026-10-05 06:00:00
PRD01065,CAT42,MTR Foods Organic Daily Pouch 2064,Catch,93.93,pcs,Y,2026-10-05 06:00:00
PRD01066,CAT43,Ananda Ultra  Bottle 2065,MTR Foods,104.86,pcs,Y,2026-10-05 06:00:00
PRD01067,CAT32,Gowardhan Organic Natural Pouch 2066,Surf Excel,29.77,pack,Y,2026-10-05 06:00:00
PRD01068,CAT13,Tata Premium Fresh Pack 2067,Nestle,35.19,bottle,Y,2026-10-05 06:00:00
PRD01069,CAT20,Lakme Family Pack Daily Jar 2068,Parle,9.23,500g,Y,2026-10-05 06:00:00
PRD01070,CAT36,MDH Regular Daily Carton 2069,Fortune,58.14,pcs,Y,2026-10-05 06:00:00
PRD01071,CAT43,Catch Lite Fresh Bottle 2070,Dove,61.24,pcs,Y,2026-10-05 06:00:00
PRD01072,CAT44,Pepsi Classic  Pack 2071,Aashirvaad,34.61,bottle,Y,2026-10-05 06:00:00
PRD01073,CAT37,Everest Classic Select Item 2072,Thirumala,100.68,pcs,Y,2026-10-05 06:00:00
PRD01074,CAT30,Vim Ultra Fresh Pack 2073,Thirumala,27.09,pcs,Y,2026-10-05 06:00:00
PRD01075,CAT10,Coca-Cola Ultra  Box 2074,Britannia,60.83,500g,Y,2026-10-05 06:00:00
PRD01076,CAT31,Clinic Plus Gold  Pack 2075,Weikfield,14.62,250g,Y,2026-10-05 06:00:00
PRD01077,CAT25,Parle Premium Fresh Bottle 2076,Weikfield,35.83,500g,Y,2026-10-05 06:00:00
PRD01078,CAT29,Ananda Regular  Carton 2077,Mother Dairy,31.28,pcs,Y,2026-10-05 06:00:00
PRD01079,CAT24,MDH Regular Daily Pack 2078,Pampers,44.83,250g,Y,2026-10-05 06:00:00
PRD01080,CAT39,Pedigree Classic  Bottle 2079,Maggi,26.24,1L,Y,2026-10-05 06:00:00
PRD01081,CAT21,Pampers Organic  Box 2080,Pampers,32.51,250g,Y,2026-10-05 06:00:00
PRD01082,CAT41,Fortune Lite Natural Box 2081,Himalaya,76.97,pcs,Y,2026-10-05 06:00:00
PRD01083,CAT09,MTR Ultra Daily Carton 2082,Weikfield,24.7,pack,Y,2026-10-05 06:00:00
PRD01084,CAT42,Lakme Family Pack  Item 2083,MDH,8.62,500g,Y,2026-10-05 06:00:00
PRD01085,CAT42,Weikfield Regular Extra Pack 2084,Pedigree,176.73,500g,Y,2026-10-05 06:00:00
PRD01086,CAT02,Fresho Lite  Jar 2085,Nivea,126.89,500g,Y,2026-10-05 06:00:00
PRD01087,CAT04,Licious Regular Select Carton 2086,Lay's,11.44,pcs,Y,2026-10-05 06:00:00
PRD01088,CAT08,Surf Excel Organic Fresh Pouch 2087,Lay's,68.08,pcs,Y,2026-10-05 06:00:00
PRD01089,CAT32,Catch Ultra  Pouch 2088,Colgate,23.27,pcs,Y,2026-10-05 06:00:00
PRD01090,CAT14,Heritage Regular Extra Bottle 2089,Amul,46.39,500g,Y,2026-10-05 06:00:00
PRD01091,CAT13,Britannia Ultra Daily Box 2090,Dove,47.69,500g,Y,2026-10-05 06:00:00
PRD01092,CAT21,Whiskas Classic  Pack 2091,Heritage,29.64,250g,Y,2026-10-05 06:00:00
PRD01093,CAT24,Oleev Premium  Pack 2092,MDH,18.08,pcs,Y,2026-10-05 06:00:00
PRD01094,CAT18,Weikfield Lite Select Carton 2093,Safal,19.66,kg,Y,2026-10-05 06:00:00
PRD01095,CAT40,Harpic Lite Select Jar 2094,Nestle,16.05,pcs,Y,2026-10-05 06:00:00
PRD01096,CAT26,Heritage Classic  Item 2095,Ariel,17.31,500g,Y,2026-10-05 06:00:00
PRD01097,CAT32,Clinic Plus Regular  Item 2096,Whiskas,34.45,pcs,Y,2026-10-05 06:00:00
PRD01098,CAT44,Aashirvaad Premium  Carton 2097,Britannia,19.22,1L,Y,2026-10-05 06:00:00
PRD01099,CAT33,Godrej Classic Daily Box 2098,Johnson's,67.62,250g,Y,2026-10-05 06:00:00
PRD01100,CAT31,Dettol Organic Extra Jar 2099,Dabur,139.56,kg,Y,2026-10-05 06:00:00
PRD01101,CAT18,Bisleri Organic Natural Item 2100,Pampers,21.71,pcs,Y,2026-10-05 06:00:00
PRD01102,CAT35,Gowardhan Classic  Jar 2101,Fortune,45.4,pcs,Y,2026-10-05 06:00:00
PRD01103,CAT12,Catch Classic  Jar 2102,Frooti,57.38,250g,Y,2026-10-05 06:00:00
PRD01104,CAT25,Sunpure Classic Natural Pouch 2103,Haldiram's,55.97,250g,Y,2026-10-05 06:00:00
PRD01105,CAT31,Harpic Ultra Fresh Pouch 2104,Weikfield,39.19,kg,Y,2026-10-05 06:00:00
PRD01106,CAT10,Dove Ultra Extra Bottle 2105,Tata,71.41,pcs,Y,2026-10-05 06:00:00
PRD01107,CAT34,Bisleri Premium Extra Pack 2106,Godrej,56.49,250g,Y,2026-10-05 06:00:00
PRD01108,CAT03,Pampers Lite  Jar 2107,Aashirvaad,12.01,pcs,Y,2026-10-05 06:00:00
PRD01109,CAT39,Bisleri Ultra  Box 2108,Parle,80.02,500g,Y,2026-10-05 06:00:00
PRD01110,CAT08,Rasna Regular  Pouch 2109,Licious,81.33,pcs,Y,2026-10-05 06:00:00
PRD01111,CAT32,A2B Gold  Item 2110,MTR,18.41,1L,Y,2026-10-05 06:00:00
PRD01112,CAT43,Amul Organic  Box 2111,Close-Up,37.87,1L,Y,2026-10-05 06:00:00
PRD01113,CAT29,Patanjali Regular Daily Bottle 2112,Lakme,67.69,pcs,Y,2026-10-05 06:00:00
PRD01114,CAT22,Fresho Gold  Pack 2113,Heritage,30.31,pcs,Y,2026-10-05 06:00:00
PRD01115,CAT20,Fortune Ultra Daily Item 2114,A2B,96.13,500g,Y,2026-10-05 06:00:00
PRD01116,CAT06,Pepsi Premium Extra Jar 2115,Clinic Plus,307.2,pcs,Y,2026-10-05 06:00:00
PRD01117,CAT43,Johnson's Classic Fresh Jar 2116,MTR Foods,18.04,pcs,Y,2026-10-05 06:00:00
PRD01118,CAT29,Aashirvaad Ultra  Pack 2117,Harpic,10.56,pcs,Y,2026-10-05 06:00:00
PRD01119,CAT42,Catch Family Pack Natural Box 2118,Saffola,48.11,pack,Y,2026-10-05 06:00:00
PRD01120,CAT17,Maggi Lite  Box 2119,Harpic,70.06,500g,Y,2026-10-05 06:00:00
PRD01121,CAT31,Lakme Classic Daily Box 2120,Dettol,29.73,pcs,Y,2026-10-05 06:00:00
PRD01122,CAT34,Gillette Family Pack Natural Pouch 2121,MTR,135.36,kg,Y,2026-10-05 06:00:00
PRD01123,CAT38,Weikfield Ultra  Pouch 2122,Himalaya,10.97,pcs,N,2026-10-05 06:00:00
PRD01124,CAT37,Huggies Regular Natural Bottle 2123,Marico,68.28,250g,Y,2026-10-05 06:00:00
PRD01125,CAT04,Coca-Cola Premium Natural Pack 2124,A2B,21.22,500g,Y,2026-10-05 06:00:00
PRD01126,CAT02,Ananda Lite Select Box 2125,Pedigree,171.99,kg,Y,2026-10-05 06:00:00
PRD01127,CAT12,Thirumala Regular  Jar 2126,Haldiram's,219.92,500g,Y,2026-10-05 06:00:00
PRD01128,CAT35,Catch Regular Extra Bottle 2127,Sudha,18.36,250g,Y,2026-10-05 06:00:00
PRD01129,CAT06,Rin Regular Fresh Bottle 2128,Ananda,22.32,pcs,Y,2026-10-05 06:00:00
PRD01130,CAT08,Johnson's Classic  Jar 2129,Dettol,79.33,kg,Y,2026-10-05 06:00:00
PRD01131,CAT21,Nivea Classic Fresh Carton 2130,Dove,25.83,pcs,Y,2026-10-05 06:00:00
PRD01132,CAT35,Heritage Gold Daily Box 2131,Lay's,35.13,500g,Y,2026-10-05 06:00:00
PRD01133,CAT15,Catch Classic  Item 2132,Frooti,37.44,pcs,Y,2026-10-05 06:00:00
PRD01134,CAT07,Sunpure Premium Select Carton 2133,Close-Up,6.5,kg,Y,2026-10-05 06:00:00
PRD01135,CAT15,Ariel Lite  Pouch 2134,Gowardhan,36.15,250g,Y,2026-10-05 06:00:00
PRD01136,CAT06,Godrej Family Pack  Box 2135,Nestle,19.67,pcs,Y,2026-10-05 06:00:00
PRD01137,CAT17,Bisleri Lite Fresh Pack 2136,Lay's,23.48,pcs,Y,2026-10-05 06:00:00
PRD01138,CAT04,Clinic Plus Classic Select Box 2137,Lay's,134.19,500g,Y,2026-10-05 06:00:00
PRD01139,CAT22,Whiskas Premium Daily Carton 2138,Bisleri,11.81,pcs,Y,2026-10-05 06:00:00
PRD01140,CAT32,Sudha Gold  Bottle 2139,Aashirvaad,76.09,pcs,Y,2026-10-05 06:00:00
PRD01141,CAT22,Coca-Cola Gold  Jar 2140,Haldiram's,28.47,dozen,Y,2026-10-05 06:00:00
PRD01142,CAT27,Catch Family Pack Natural Item 2141,Tata,28.45,1L,Y,2026-10-05 06:00:00
PRD01143,CAT15,Fortune Family Pack Daily Item 2142,Sunpure,74.54,kg,Y,2026-10-05 06:00:00
PRD01144,CAT44,Godrej Regular Daily Item 2143,Pedigree,49.7,500g,Y,2026-10-05 06:00:00
PRD01145,CAT22,Weikfield Lite Natural Bottle 2144,Harpic,61.16,250g,Y,2026-10-05 06:00:00
PRD01146,CAT28,Close-Up Family Pack  Item 2145,Oleev,87.48,500g,Y,2026-10-05 06:00:00
PRD01147,CAT42,MTR Foods Regular  Jar 2146,Godrej,27.16,pcs,Y,2026-10-05 06:00:00
PRD01148,CAT38,Pedigree Ultra Fresh Pouch 2147,Coca-Cola,21.09,500g,Y,2026-10-05 06:00:00
PRD01149,CAT09,Pampers Gold Select Jar 2148,Heritage,13.78,500g,Y,2026-10-05 06:00:00
PRD01150,CAT34,Gowardhan Regular  Pouch 2149,Oleev,17.41,dozen,Y,2026-10-05 06:00:00
PRD01151,CAT36,Godrej Organic Daily Pouch 2150,Surf Excel,520.19,500g,Y,2026-10-05 06:00:00
PRD01152,CAT09,Bisleri Regular Natural Bottle 2151,Vim,112.19,pack,Y,2026-10-05 06:00:00
PRD01153,CAT15,Ananda Family Pack  Pouch 2152,Rasna,10.85,1L,Y,2026-10-05 06:00:00
PRD01154,CAT20,Licious Gold Extra Pack 2153,A2B,11.13,500g,Y,2026-10-05 06:00:00
PRD01155,CAT08,Fortune Classic Fresh Pack 2154,Whiskas,56.47,500g,N,2026-10-05 06:00:00
PRD01156,CAT28,Lay's Gold  Box 2155,Sudha,59.89,pcs,Y,2026-10-05 06:00:00
PRD01157,CAT19,Nivea Classic Daily Bottle 2156,Gowardhan,59.98,pcs,Y,2026-10-05 06:00:00
PRD01158,CAT16,Sudha Regular  Bottle 2157,Parle,29.09,250g,Y,2026-10-05 06:00:00
PRD01159,CAT11,Rasna Family Pack Extra Pack 2158,Pepsi,32.69,bottle,Y,2026-10-05 06:00:00
PRD01160,CAT42,Ariel Gold Select Item 2159,Safal,49.16,pcs,Y,2026-10-05 06:00:00
PRD01161,CAT08,Mother Dairy Premium  Pouch 2160,Bisleri,39.54,kg,Y,2026-10-05 06:00:00
PRD01162,CAT33,Ariel Gold  Jar 2161,Rin,4.97,pcs,Y,2026-10-05 06:00:00
PRD01163,CAT10,Whiskas Premium  Item 2162,Ariel,29.76,500g,Y,2026-10-05 06:00:00
PRD01164,CAT18,Coca-Cola Ultra  Pouch 2163,Pampers,17.01,pcs,Y,2026-10-05 06:00:00
PRD01165,CAT35,Bisleri Premium Fresh Item 2164,Huggies,42.85,pcs,Y,2026-10-05 06:00:00
PRD01166,CAT43,Patanjali Family Pack Extra Carton 2165,MDH,537.39,pcs,Y,2026-10-05 06:00:00
PRD01167,CAT03,Close-Up Gold Daily Carton 2166,Rasna,50.94,500g,Y,2026-10-05 06:00:00
PRD01168,CAT40,Dettol Gold  Pouch 2167,Frooti,27.6,pcs,N,2026-10-05 06:00:00
PRD01169,CAT27,Weikfield Ultra  Jar 2168,Frooti,83.9,pcs,Y,2026-10-05 06:00:00
PRD01170,CAT28,Rasna Regular Extra Pouch 2169,Rin,56.51,pcs,Y,2026-10-05 06:00:00
PRD01171,CAT06,Ariel Classic Daily Bottle 2170,Saffola,53.41,pcs,Y,2026-10-05 06:00:00
PRD01172,CAT14,Gowardhan Gold  Item 2171,MTR,63.19,pcs,Y,2026-10-05 06:00:00
PRD01173,CAT07,Dabur Organic  Pouch 2172,Safal,232.97,1L,Y,2026-10-05 06:00:00
PRD01174,CAT10,Harpic Gold Extra Pouch 2173,Fortune,13.23,pack,Y,2026-10-05 06:00:00
PRD01175,CAT15,Nivea Premium  Item 2174,Dove,56.05,pcs,Y,2026-10-05 06:00:00
PRD01176,CAT31,Close-Up Gold  Carton 2175,Gillette,15.9,pcs,Y,2026-10-05 06:00:00
PRD01177,CAT29,Rasna Organic Select Box 2176,Rasna,60.34,250g,Y,2026-10-05 06:00:00
PRD01178,CAT42,A2B Premium Select Pack 2177,Pedigree,16.01,pcs,Y,2026-10-05 06:00:00
PRD01179,CAT17,Sudha Family Pack Select Box 2178,Johnson's,25.14,kilo,Y,2026-10-05 06:00:00
PRD01180,CAT29,Ariel Classic Select Pack 2179,Colgate,28.06,pcs,Y,2026-10-05 06:00:00
PRD01181,CAT44,Godrej Family Pack Daily Carton 2180,Licious,88.08,pcs,Y,2026-10-05 06:00:00
PRD01182,CAT15,Dove Ultra Select Box 2181,Licious,83.65,pcs,Y,2026-10-05 06:00:00
PRD01183,CAT26,Dabur Premium  Pouch 2182,Heritage,11.93,pcs,Y,2026-10-05 06:00:00
PRD01184,CAT12,Pedigree Classic  Bottle 2183,Pepsi,38.45,pack,Y,2026-10-05 06:00:00
PRD01185,CAT25,MTR Foods Lite Natural Bottle 2184,Pampers,19.32,pcs,Y,2026-10-05 06:00:00
PRD01186,CAT41,MTR Classic  Bottle 2185,Saffola,11.79,dozen,Y,2026-10-05 06:00:00
PRD01187,CAT05,MTR Foods Ultra Fresh Carton 2186,Ariel,30.1,pcs,Y,2026-10-05 06:00:00
PRD01188,CAT04,Pampers Organic Natural Pouch 2187,A2B,27.73,kg,Y,2026-10-05 06:00:00
PRD01189,CAT44,ITC Organic Daily Bottle 2188,Godrej,325.07,pcs,Y,2026-10-05 06:00:00
PRD01190,CAT41,Johnson's Family Pack  Box 2189,Dettol,54.04,pcs,Y,2026-10-05 06:00:00
PRD01191,CAT31,Johnson's Family Pack Fresh Box 2190,Godrej,10.59,1L,Y,2026-10-05 06:00:00
PRD01192,CAT03,Huggies Regular Select Jar 2191,Coca-Cola,22.01,pcs,Y,2026-10-05 06:00:00
PRD01193,CAT03,Maggi Classic Daily Bottle 2192,Sunpure,91.77,pack,N,2026-10-05 06:00:00
PRD01194,CAT26,Ananda Gold  Pack 2193,Nivea,239.75,500g,Y,2026-10-05 06:00:00
PRD01195,CAT17,Whiskas Organic Natural Carton 2194,Nestle,8.78,250g,Y,2026-10-05 06:00:00
PRD01196,CAT10,Johnson's Premium  Bottle 2195,Ananda,6.74,pcs,Y,2026-10-05 06:00:00
PRD01197,CAT02,Marico Premium  Carton 2196,Nestle,197.13,1L,Y,2026-10-05 06:00:00
PRD01198,CAT24,Lay's Family Pack Select Item 2197,Thirumala,51.97,1L,Y,2026-10-05 06:00:00
PRD01199,CAT11,Aashirvaad Ultra Daily Box 2198,Rin,16.75,250g,Y,2026-10-05 06:00:00
PRD01200,CAT24,Dove Premium Select Bottle 2199,Frooti,59.21,pcs,Y,2026-10-05 06:00:00
PRD01201,CAT35,Lakme Ultra  Carton 2200,MTR,3.41,kg,Y,2026-10-05 06:00:00
PRD01202,CAT23,Heritage Gold Extra Bottle 2201,MTR,36.71,dozen,Y,2026-10-05 06:00:00
PRD01203,CAT32,Amul Lite Fresh Pack 2202,Mother Dairy,49.16,bottle,Y,2026-10-05 06:00:00
PRD01204,CAT23,Britannia Lite  Jar 2203,Close-Up,84.09,1L,Y,2026-10-05 06:00:00
PRD01205,CAT34,Britannia Regular Daily Jar 2204,Saffola,14.69,500g,Y,2026-10-05 06:00:00
PRD01206,CAT41,Amul Gold  Box 2205,Weikfield,39.53,pcs,Y,2026-10-05 06:00:00
PRD01207,CAT19,Oleev Organic Natural Jar 2206,Maggi,15.91,kg,Y,2026-10-05 06:00:00
PRD01208,CAT02,Bisleri Organic Daily Pouch 2207,Dettol,46.06,kg,Y,2026-10-05 06:00:00
PRD01209,CAT02,Amul Classic  Pouch 2208,A2B,16.35,pcs,Y,2026-10-05 06:00:00
PRD01210,CAT15,Himalaya Regular Natural Carton 2209,Marico,25.35,500g,Y,2026-10-05 06:00:00
PRD01211,CAT21,ITC Lite Daily Bottle 2210,Patanjali,14.94,bottle,Y,2026-10-05 06:00:00
PRD01212,CAT35,Bisleri Premium Fresh Pack 2211,Frooti,65.76,pcs,Y,2026-10-05 06:00:00
PRD01213,CAT05,Dettol Classic  Pouch 2212,Gowardhan,79.25,pcs,Y,2026-10-05 06:00:00
PRD01214,CAT43,Himalaya Regular  Carton 2213,Weikfield,29.63,dozen,Y,2026-10-05 06:00:00
PRD01215,CAT27,Whiskas Ultra Fresh Jar 2214,Rasna,37.88,pack,Y,2026-10-05 06:00:00
PRD01216,CAT24,Rin Organic Extra Carton 2215,Haldiram's,9.94,bottle,Y,2026-10-05 06:00:00
PRD01217,CAT07,Mother Dairy Regular Extra Jar 2216,Pampers,27.95,pcs,Y,2026-10-05 06:00:00
PRD01218,CAT06,Clinic Plus Premium Extra Item 2217,Whiskas,34.98,pcs,Y,2026-10-05 06:00:00
PRD01219,CAT33,Godrej Classic Select Jar 2218,Dettol,387.11,1L,Y,2026-10-05 06:00:00
PRD01220,CAT17,Ananda Lite Daily Carton 2219,Lakme,13.45,500g,Y,2026-10-05 06:00:00
PRD01221,CAT42,Parle Organic Natural Pouch 2220,Bisleri,136.7,pcs,N,2026-10-05 06:00:00
PRD01222,CAT30,Pampers Premium Fresh Pack 2221,Himalaya,89.76,bottle,Y,2026-10-05 06:00:00
PRD01223,CAT08,Himalaya Classic Select Jar 2222,Frooti,47.11,bottle,Y,2026-10-05 06:00:00
PRD01224,CAT40,Everest Regular  Pouch 2223,Nivea,178.17,pcs,Y,2026-10-05 06:00:00
PRD01225,CAT07,Pepsi Family Pack Natural Box 2224,Frooti,51.16,pcs,Y,2026-10-05 06:00:00
PRD01226,CAT06,Patanjali Ultra  Jar 2225,Bisleri,51.95,pcs,Y,2026-10-05 06:00:00
PRD01227,CAT04,Rasna Lite Extra Jar 2226,Dove,34.89,500g,Y,2026-10-05 06:00:00
PRD01228,CAT01,Dabur Lite Daily Carton 2227,Britannia,110.08,pcs,Y,2026-10-05 06:00:00
PRD01229,CAT15,Godrej Lite Daily Pack 2228,Dove,98.18,500g,Y,2026-10-05 06:00:00
PRD01230,CAT31,Thirumala Lite Natural Pack 2229,Vim,20.84,500g,Y,2026-10-05 06:00:00
PRD01231,CAT25,Oleev Classic  Item 2230,Britannia,11.16,bottle,Y,2026-10-05 06:00:00
PRD01232,CAT33,Rasna Family Pack  Carton 2231,Dabur,30.49,pcs,Y,2026-10-05 06:00:00
PRD01233,CAT35,Sunpure Premium Extra Box 2232,Dabur,17.81,1L,Y,2026-10-05 06:00:00
PRD01234,CAT05,Lakme Regular Extra Pouch 2233,Licious,34.56,250g,Y,2026-10-05 06:00:00
PRD01235,CAT05,A2B Ultra Extra Pack 2234,Dabur,111.46,1L,Y,2026-10-05 06:00:00
PRD01236,CAT36,Saffola Ultra Select Pack 2235,Amul,24.25,kg,Y,2026-10-05 06:00:00
PRD01237,CAT17,Saffola Gold  Pouch 2236,Lakme,35.21,1L,Y,2026-10-05 06:00:00
PRD01238,CAT14,Sudha Organic Extra Pouch 2237,Huggies,38.56,bottle,Y,2026-10-05 06:00:00
PRD01239,CAT29,Britannia Regular Select Carton 2238,Close-Up,78.54,pcs,Y,2026-10-05 06:00:00
PRD01240,CAT08,Rasna Gold Extra Item 2239,Sudha,4.84,1L,Y,2026-10-05 06:00:00
PRD01241,CAT34,Frooti Family Pack Natural Jar 2240,Godrej,21.2,500g,Y,2026-10-05 06:00:00
PRD01242,CAT40,Amul Premium Daily Bottle 2241,Maggi,44.26,dozen,Y,2026-10-05 06:00:00
PRD01243,CAT01,Ariel Classic Natural Box 2242,Frooti,107.78,pcs,Y,2026-10-05 06:00:00
PRD01244,CAT29,Lakme Ultra  Pouch 2243,Licious,23.51,pcs,Y,2026-10-05 06:00:00
PRD01245,CAT36,Godrej Lite Fresh Bottle 2244,Dabur,6.76,1L,Y,2026-10-05 06:00:00
PRD01246,CAT37,Lakme Regular Natural Pack 2245,Huggies,63.93,pcs,Y,2026-10-05 06:00:00
PRD01247,CAT29,Gillette Organic Daily Bottle 2246,Patanjali,20.66,1L,Y,2026-10-05 06:00:00
PRD01248,CAT05,Frooti Regular Natural Carton 2247,Coca-Cola,12.54,dozen,Y,2026-10-05 06:00:00
PRD01249,CAT32,Bisleri Ultra Extra Pack 2248,Gowardhan,20.87,kg,Y,2026-10-05 06:00:00
PRD01250,CAT24,Huggies Gold Daily Carton 2249,Close-Up,31.0,pcs,Y,2026-10-05 06:00:00
PRD01251,CAT19,Harpic Ultra Daily Pouch 2250,Fresho,21.24,pcs,Y,2026-10-05 06:00:00
PRD01252,CAT12,Vim Organic Daily Pack 2251,Patanjali,5.03,1L,Y,2026-10-05 06:00:00
PRD01253,CAT01,Sudha Gold Extra Carton 2252,Licious,82.05,1L,Y,2026-10-05 06:00:00
PRD01254,CAT07,Amul Gold Select Bottle 2253,Harpic,115.28,1L,Y,2026-10-05 06:00:00
PRD01255,CAT17,Maggi Regular Extra Box 2254,MTR,65.78,250g,Y,2026-10-05 06:00:00
PRD01256,CAT34,Godrej Premium Select Item 2255,Saffola,13.15,1L,Y,2026-10-05 06:00:00
PRD01257,CAT43,Frooti Gold  Pack 2256,Johnson's,30.53,pcs,Y,2026-10-05 06:00:00
PRD01258,CAT07,Heritage Ultra Extra Carton 2257,MTR Foods,36.38,pack,Y,2026-10-05 06:00:00
PRD01259,CAT17,Marico Classic Extra Jar 2258,MTR Foods,62.73,pcs,Y,2026-10-05 06:00:00
PRD01260,CAT03,Haldiram's Ultra Natural Box 2259,Catch,66.79,pcs,Y,2026-10-05 06:00:00
PRD01261,CAT29,Johnson's Ultra Natural Item 2260,Sudha,18.9,250g,Y,2026-10-05 06:00:00
PRD01262,CAT22,Dettol Classic Natural Carton 2261,Rasna,39.4,500g,Y,2026-10-05 06:00:00
PRD01263,CAT38,Rasna Lite  Carton 2262,Marico,55.23,250g,Y,2026-10-05 06:00:00
PRD01264,CAT43,Himalaya Regular Natural Jar 2263,Britannia,135.67,500g,Y,2026-10-05 06:00:00
PRD01265,CAT29,Whiskas Family Pack Extra Item 2264,Catch,69.0,pcs,Y,2026-10-05 06:00:00
PRD01266,CAT42,Gowardhan Ultra Extra Jar 2265,Rasna,74.45,pcs,Y,2026-10-05 06:00:00
PRD01267,CAT05,Lay's Gold Natural Bottle 2266,Bisleri,39.47,1L,Y,2026-10-05 06:00:00
PRD01268,CAT30,Marico Organic  Item 2267,Catch,130.24,pcs,Y,2026-10-05 06:00:00
PRD01269,CAT23,Coca-Cola Regular Daily Box 2268,Bisleri,52.92,250g,Y,2026-10-05 06:00:00
PRD01270,CAT21,Parle Ultra Fresh Pouch 2269,Amul,16.86,pack,Y,2026-10-05 06:00:00
PRD01271,CAT26,MTR Foods Organic Fresh Bottle 2270,Fortune,129.42,500g,Y,2026-10-05 06:00:00
PRD01272,CAT21,Oleev Regular Extra Bottle 2271,Coca-Cola,68.59,bottle,Y,2026-10-05 06:00:00
PRD01273,CAT20,Coca-Cola Gold  Pack 2272,Huggies,24.56,pack,Y,2026-10-05 06:00:00
PRD01274,CAT23,Catch Lite Fresh Jar 2273,Harpic,23.77,bottle,Y,2026-10-05 06:00:00
PRD01275,CAT04,Frooti Classic Daily Pack 2274,Pepsi,47.79,1L,Y,2026-10-05 06:00:00
PRD01276,CAT21,Bisleri Classic  Item 2275,Sudha,55.53,pcs,Y,2026-10-05 06:00:00
PRD01277,CAT21,Licious Family Pack  Item 2276,Licious,43.71,500g,Y,2026-10-05 06:00:00
PRD01278,CAT01,Oleev Organic  Item 2277,Ariel,48.43,250g,Y,2026-10-05 06:00:00
PRD01279,CAT15,Godrej Gold  Jar 2278,Thirumala,169.01,pcs,Y,2026-10-05 06:00:00
PRD01280,CAT17,Licious Organic Fresh Pack 2279,Britannia,96.0,250g,Y,2026-10-05 06:00:00
PRD01281,CAT14,Mother Dairy Ultra Extra Jar 2280,MTR Foods,43.45,500g,Y,2026-10-05 06:00:00
PRD01282,CAT19,Maggi Gold  Item 2281,Fresho,85.39,pcs,Y,2026-10-05 06:00:00
PRD01283,CAT34,Britannia Regular Natural Carton 2282,Heritage,14.45,1L,Y,2026-10-05 06:00:00
PRD01284,CAT06,Close-Up Family Pack Fresh Pouch 2283,Bisleri,52.36,pcs,Y,2026-10-05 06:00:00
PRD01285,CAT06,Rin Gold  Pouch 2284,Thirumala,186.49,pcs,Y,2026-10-05 06:00:00
PRD01286,CAT05,Nivea Family Pack Select Pouch 2285,Clinic Plus,30.08,bottle,Y,2026-10-05 06:00:00
PRD01287,CAT07,Marico Ultra Natural Bottle 2286,Gillette,17.07,500g,Y,2026-10-05 06:00:00
PRD01288,CAT33,Pampers Lite  Bottle 2287,Johnson's,20.35,500g,Y,2026-10-05 06:00:00
PRD01289,CAT13,Colgate Regular Select Box 2288,Frooti,13.73,pcs,Y,2026-10-05 06:00:00
PRD01290,CAT01,Lay's Ultra  Item 2289,Ananda,18.06,500g,Y,2026-10-05 06:00:00
PRD01291,CAT13,Pedigree Gold Natural Box 2290,Huggies,26.22,pcs,Y,2026-10-05 06:00:00
PRD01292,CAT43,Close-Up Premium Extra Carton 2291,Sunpure,10.33,250g,Y,2026-10-05 06:00:00
PRD01293,CAT27,Close-Up Ultra  Carton 2292,Safal,37.12,pack,Y,2026-10-05 06:00:00
PRD01294,CAT07,Vim Ultra Daily Carton 2293,Thirumala,82.44,pack,Y,2026-10-05 06:00:00
PRD01295,CAT03,Amul Regular Daily Bottle 2294,ITC,16.17,pcs,N,2026-10-05 06:00:00
PRD01296,CAT25,Licious Organic Select Pack 2295,Amul,143.65,1L,Y,2026-10-05 06:00:00
PRD01297,CAT33,Coca-Cola Organic Select Pack 2296,Heritage,57.96,pack,Y,2026-10-05 06:00:00
PRD01298,CAT40,Godrej Classic Select Jar 2297,Parle,92.53,pcs,Y,2026-10-05 06:00:00
PRD01299,CAT17,Mother Dairy Ultra Fresh Jar 2298,Vim,20.25,pcs,Y,2026-10-05 06:00:00
PRD01300,CAT14,Everest Ultra Select Pack 2299,Everest,78.97,pack,Y,2026-10-05 06:00:00
PRD01301,CAT37,Sunpure Classic  Pack 2300,Mother Dairy,13.7,pack,Y,2026-10-05 06:00:00
PRD01302,CAT23,Himalaya Classic Extra Pouch 2301,Everest,81.55,500g,Y,2026-10-05 06:00:00
PRD01303,CAT24,Rin Ultra Extra Pack 2302,Vim,42.72,pcs,N,2026-10-05 06:00:00
PRD01304,CAT29,Parle Premium  Item 2303,Haldiram's,60.22,500g,Y,2026-10-05 06:00:00
PRD01305,CAT38,Pampers Premium  Item 2304,Himalaya,12.7,500g,Y,2026-10-05 06:00:00
PRD01306,CAT27,Himalaya Ultra  Jar 2305,Everest,16.35,500g,Y,2026-10-05 06:00:00
PRD01307,CAT38,Rin Premium Daily Item 2306,Amul,62.65,500g,Y,2026-10-05 06:00:00
PRD01308,CAT40,Lay's Premium Extra Pack 2307,Close-Up,15.59,1L,Y,2026-10-05 06:00:00
PRD01309,CAT23,Haldiram's Organic Fresh Carton 2308,Sudha,55.53,250g,Y,2026-10-05 06:00:00
PRD01310,CAT31,Sudha Family Pack Natural Bottle 2309,Sudha,10.69,250g,Y,2026-10-05 06:00:00
PRD01311,CAT36,Frooti Premium Natural Item 2310,MTR Foods,78.52,1L,N,2026-10-05 06:00:00
PRD01312,CAT17,Thirumala Gold  Box 2311,Pedigree,12.07,pcs,Y,2026-10-05 06:00:00
PRD01313,CAT37,Oleev Organic  Pouch 2312,MDH,0.0,500g,Y,2026-10-05 06:00:00
PRD01314,CAT03,Close-Up Gold Daily Carton 2313,Lakme,64.27,pcs,Y,2026-10-05 06:00:00
PRD01315,CAT36,Godrej Organic  Item 2314,Dove,19.55,500g,Y,2026-10-05 06:00:00
PRD01316,CAT05,Oleev Lite Select Carton 2315,Vim,61.8,dozen,N,2026-10-05 06:00:00
PRD01317,CAT15,Rin Lite  Pack 2316,Britannia,46.27,1L,Y,2026-10-05 06:00:00
PRD01318,CAT06,Clinic Plus Classic Daily Bottle 2317,Close-Up,22.53,pcs,Y,2026-10-05 06:00:00
PRD01319,CAT10,Gowardhan Ultra Natural Pack 2318,Mother Dairy,14.77,pcs,Y,2026-10-05 06:00:00
PRD01320,CAT32,Marico Premium  Box 2319,Godrej,6.26,pcs,Y,2026-10-05 06:00:00
PRD01321,CAT23,Close-Up Ultra Daily Box 2320,Rasna,50.13,pcs,Y,2026-10-05 06:00:00
PRD01322,CAT17,Licious Premium Daily Item 2321,Dettol,8.95,500g,Y,2026-10-05 06:00:00
PRD01323,CAT20,Mother Dairy Organic Natural Item 2322,Ananda,39.88,pcs,Y,2026-10-05 06:00:00
PRD01324,CAT44,Coca-Cola Ultra  Bottle 2323,MTR,28.87,pcs,Y,2026-10-05 06:00:00
PRD01325,CAT41,Ananda Lite  Item 2324,Colgate,67.44,pcs,Y,2026-10-05 06:00:00
PRD01326,CAT15,Ariel Family Pack  Box 2325,Gillette,27.89,1L,Y,2026-10-05 06:00:00
PRD01327,CAT44,Oleev Classic Daily Pack 2326,Pampers,27.21,1L,Y,2026-10-05 06:00:00
PRD01328,CAT22,Gillette Classic Natural Carton 2327,Dabur,70.72,pack,Y,2026-10-05 06:00:00
PRD01329,CAT06,Marico Premium  Box 2328,Everest,49.48,pcs,N,2026-10-05 06:00:00
PRD01330,CAT04,MTR Foods Gold  Pack 2329,Weikfield,48.64,pack,Y,2026-10-05 06:00:00
PRD01331,CAT23,Gillette Lite Natural Pouch 2330,Colgate,55.83,1L,Y,2026-10-05 06:00:00
PRD01332,CAT44,Ananda Regular Extra Jar 2331,Safal,9.19,pcs,Y,2026-10-05 06:00:00
PRD01333,CAT19,Dabur Premium Select Box 2332,Everest,72.32,pcs,Y,2026-10-05 06:00:00
PRD01334,CAT31,Catch Gold Fresh Item 2333,Sudha,63.51,500g,Y,2026-10-05 06:00:00
PRD01335,CAT44,Gillette Family Pack Fresh Pouch 2334,Nestle,14.66,500g,Y,2026-10-05 06:00:00
PRD01336,CAT03,Frooti Family Pack Daily Pouch 2335,Tata,29.38,pcs,Y,2026-10-05 06:00:00
PRD01337,CAT28,Pepsi Regular Natural Jar 2336,Dettol,35.33,pack,Y,2026-10-05 06:00:00
PRD01338,CAT03,Clinic Plus Ultra  Item 2337,Gowardhan,32.43,pcs,Y,2026-10-05 06:00:00
PRD01339,CAT14,Pedigree Gold Extra Box 2338,Tata,49.43,500g,Y,2026-10-05 06:00:00
PRD01340,CAT18,Heritage Ultra Natural Bottle 2339,Gillette,132.72,500g,Y,2026-10-05 06:00:00
PRD01341,CAT27,Amul Organic  Item 2340,Godrej,96.89,500g,Y,2026-10-05 06:00:00
PRD01342,CAT10,Lakme Regular Daily Box 2341,Amul,11.23,bottle,Y,2026-10-05 06:00:00
PRD01343,CAT15,Catch Classic Select Pack 2342,Whiskas,64.06,dozen,Y,2026-10-05 06:00:00
PRD01344,CAT19,Pedigree Family Pack  Pouch 2343,Clinic Plus,121.03,pcs,Y,2026-10-05 06:00:00
PRD01345,CAT09,Himalaya Regular Select Jar 2344,Aashirvaad,51.84,500g,Y,2026-10-05 06:00:00
PRD01346,CAT04,Parle Classic  Pouch 2345,Thirumala,97.7,pack,Y,2026-10-05 06:00:00
PRD01347,CAT15,Weikfield Classic  Carton 2346,Pepsi,223.87,pcs,Y,2026-10-05 06:00:00
PRD01348,CAT08,Maggi Gold  Pack 2347,Ariel,91.96,1L,Y,2026-10-05 06:00:00
PRD01349,CAT01,Harpic Family Pack Daily Item 2348,Gillette,45.8,dozen,N,2026-10-05 06:00:00
PRD01350,CAT07,Britannia Organic Extra Pouch 2349,Ariel,93.75,1L,Y,2026-10-05 06:00:00
PRD01351,CAT31,Lakme Ultra  Box 2350,Licious,41.7,pcs,Y,2026-10-05 06:00:00
PRD01352,CAT18,Fortune Classic  Pack 2351,Godrej,37.39,pack,Y,2026-10-05 06:00:00
PRD01353,CAT12,MTR Foods Family Pack  Bottle 2352,Fresho,26.68,dozen,Y,2026-10-05 06:00:00
PRD01354,CAT30,Sudha Premium Natural Pouch 2353,Thirumala,149.47,250g,Y,2026-10-05 06:00:00
PRD01355,CAT33,Everest Organic Natural Carton 2354,Frooti,17.52,500g,Y,2026-10-05 06:00:00
PRD01356,CAT07,MDH Premium Fresh Pouch 2355,Lakme,145.35,kg,Y,2026-10-05 06:00:00
PRD01357,CAT28,Britannia Classic Fresh Item 2356,Gillette,57.39,dozen,Y,2026-10-05 06:00:00
PRD01358,CAT03,Patanjali Classic  Jar 2357,MTR,10.39,kg,Y,2026-10-05 06:00:00
PRD01359,CAT43,Fortune Organic Daily Pack 2358,Pepsi,50.95,500g,Y,2026-10-05 06:00:00
PRD01360,CAT06,Pedigree Lite  Pouch 2359,Catch,5.53,250g,Y,2026-10-05 06:00:00
PRD01361,CAT31,Everest Organic  Carton 2360,Close-Up,64.26,1L,Y,2026-10-05 06:00:00
PRD01362,CAT38,Marico Regular Extra Jar 2361,Himalaya,81.18,pcs,Y,2026-10-05 06:00:00
PRD01363,CAT15,Weikfield Organic  Pack 2362,Rin,21.47,500g,N,2026-10-05 06:00:00
PRD01364,CAT07,Ananda Gold Select Pouch 2363,Parle,40.9,250g,Y,2026-10-05 06:00:00
PRD01365,CAT43,Haldiram's Gold Extra Box 2364,Bisleri,212.46,bottle,N,2026-10-05 06:00:00
PRD01366,CAT30,Fresho Regular Natural Carton 2365,Sudha,23.22,bottle,Y,2026-10-05 06:00:00
PRD01367,CAT27,MTR Organic Select Carton 2366,Vim,14.11,pcs,Y,2026-10-05 06:00:00
PRD01368,CAT17,Catch Regular Daily Pouch 2367,Godrej,138.86,500g,Y,2026-10-05 06:00:00
PRD01369,CAT18,Pampers Lite Select Carton 2368,Maggi,214.08,500g,Y,2026-10-05 06:00:00
PRD01370,CAT22,Johnson's Ultra Natural Bottle 2369,Parle,36.72,bottle,Y,2026-10-05 06:00:00
PRD01371,CAT26,Rin Organic  Jar 2370,Oleev,90.95,pcs,Y,2026-10-05 06:00:00
PRD01372,CAT27,Britannia Ultra  Pouch 2371,Pedigree,122.4,250g,Y,2026-10-05 06:00:00
PRD01373,CAT40,Maggi Ultra  Box 2372,Coca-Cola,18.76,1L,Y,2026-10-05 06:00:00
PRD01374,CAT24,Fortune Lite Natural Item 2373,Sunpure,23.65,kg,Y,2026-10-05 06:00:00
PRD01375,CAT08,Oleev Ultra  Item 2374,Colgate,110.81,500g,N,2026-10-05 06:00:00
PRD01376,CAT21,Britannia Family Pack Natural Pack 2375,Saffola,166.75,1L,Y,2026-10-05 06:00:00
PRD01377,CAT29,Maggi Ultra Natural Pouch 2376,Heritage,60.74,dozen,Y,2026-10-05 06:00:00
PRD01378,CAT43,Mother Dairy Lite Fresh Carton 2377,Oleev,16.58,250g,Y,2026-10-05 06:00:00
PRD01379,CAT21,Colgate Classic Select Pouch 2378,Catch,218.84,pcs,Y,2026-10-05 06:00:00
PRD01380,CAT03,Safal Lite  Jar 2379,Nivea,22.69,pcs,Y,2026-10-05 06:00:00
PRD01381,CAT31,Parle Family Pack  Bottle 2380,Mother Dairy,27.07,pack,Y,2026-10-05 06:00:00
PRD01382,CAT27,Heritage Classic Fresh Item 2381,Licious,49.8,pcs,Y,2026-10-05 06:00:00
PRD01383,CAT27,Catch Organic  Carton 2382,Rin,148.23,250g,Y,2026-10-05 06:00:00
PRD01384,CAT09,Tata Regular Natural Carton 2383,Amul,78.93,250g,Y,2026-10-05 06:00:00
PRD01385,CAT33,Vim Organic  Carton 2384,ITC,53.16,dozen,Y,2026-10-05 06:00:00
PRD01386,CAT33,Oleev Lite  Jar 2385,Safal,55.53,500g,Y,2026-10-05 06:00:00
PRD01387,CAT26,Oleev Organic  Box 2386,Haldiram's,38.06,250g,Y,2026-10-05 06:00:00
PRD01388,CAT28,Pedigree Premium Natural Pouch 2387,Surf Excel,60.48,pcs,Y,2026-10-05 06:00:00
PRD01389,CAT44,Huggies Gold Natural Pouch 2388,Harpic,3.76,500g,Y,2026-10-05 06:00:00
PRD01390,CAT43,Frooti Lite  Item 2389,Gowardhan,28.02,pcs,Y,2026-10-05 06:00:00
PRD01391,CAT31,Rasna Organic Extra Carton 2390,Clinic Plus,45.48,pack,Y,2026-10-05 06:00:00
PRD01392,CAT01,Nivea Classic Daily Bottle 2391,Pedigree,12.99,pack,Y,2026-10-05 06:00:00
PRD01393,CAT20,Himalaya Organic  Pack 2392,Rasna,51.82,pcs,Y,2026-10-05 06:00:00
PRD01394,CAT12,Haldiram's Classic Extra Pouch 2393,Everest,30.45,pcs,Y,2026-10-05 06:00:00
PRD01395,CAT17,Everest Premium Select Box 2394,Marico,177.67,250g,Y,2026-10-05 06:00:00
PRD01396,CAT15,Dove Organic Select Carton 2395,Sudha,150.76,250g,Y,2026-10-05 06:00:00
PRD01397,CAT34,Frooti Gold  Bottle 2396,Coca-Cola,24.07,1L,N,2026-10-05 06:00:00
PRD01398,CAT16,Johnson's Lite Extra Bottle 2397,Fortune,31.95,dozen,Y,2026-10-05 06:00:00
PRD01399,CAT04,MTR Foods Lite Daily Pack 2398,Pampers,34.24,bottle,Y,2026-10-05 06:00:00
PRD01400,CAT08,Aashirvaad Ultra Select Box 2399,Sunfeast,24.37,500g,Y,2026-10-05 06:00:00
PRD01401,CAT34,Rasna Classic  Jar 2400,Heritage,43.62,pcs,Y,2026-10-05 06:00:00
PRD01402,CAT25,Dettol Organic Natural Box 2401,Frooti,18.5,1L,Y,2026-10-05 06:00:00
PRD01403,CAT15,Dabur Regular Natural Pouch 2402,Parle,13.23,pack,Y,2026-10-05 06:00:00
PRD01404,CAT28,MTR Foods Premium Fresh Pack 2403,Vim,64.1,500g,Y,2026-10-05 06:00:00
PRD01405,CAT09,Sunfeast Family Pack  Bottle 2404,Dabur,64.49,250g,Y,2026-10-05 06:00:00
PRD01406,CAT02,Britannia Lite Daily Jar 2405,Pedigree,17.75,pcs,Y,2026-10-05 06:00:00
PRD01407,CAT17,MTR Gold  Item 2406,Ariel,81.93,kg,N,2026-10-05 06:00:00
PRD01408,CAT10,Everest Premium Daily Pouch 2407,Dove,20.73,250g,Y,2026-10-05 06:00:00
PRD01409,CAT09,Lay's Ultra  Box 2408,Rasna,45.96,500g,Y,2026-10-05 06:00:00
PRD01410,CAT31,Frooti Classic Fresh Bottle 2409,Tata,76.58,500g,Y,2026-10-05 06:00:00
PRD01411,CAT02,Close-Up Premium Natural Pack 2410,Aashirvaad,35.51,pcs,Y,2026-10-05 06:00:00
PRD01412,CAT24,Everest Lite Daily Pouch 2411,Sunpure,55.11,pack,Y,2026-10-05 06:00:00
PRD01413,CAT19,Pedigree Ultra Extra Pouch 2412,Lakme,22.99,250g,Y,2026-10-05 06:00:00
PRD01414,CAT17,Catch Gold  Bottle 2413,Dove,30.67,1L,Y,2026-10-05 06:00:00
PRD01415,CAT43,Ariel Premium Fresh Pack 2414,Parle,30.41,pcs,Y,2026-10-05 06:00:00
PRD01416,CAT10,Tata Ultra Daily Carton 2415,Vim,18.69,pcs,Y,2026-10-05 06:00:00
PRD01417,CAT28,Frooti Ultra  Bottle 2416,Britannia,31.22,500g,Y,2026-10-05 06:00:00
PRD01418,CAT38,MTR Foods Premium  Bottle 2417,Sunfeast,9.08,pcs,Y,2026-10-05 06:00:00
PRD01419,CAT28,Weikfield Ultra Natural Carton 2418,Surf Excel,23.52,500g,Y,2026-10-05 06:00:00
PRD01420,CAT01,Harpic Premium Fresh Carton 2419,Himalaya,28.32,pcs,Y,2026-10-05 06:00:00
PRD01421,CAT03,Licious Organic Daily Bottle 2420,Heritage,29.06,pcs,Y,2026-10-05 06:00:00
PRD01422,CAT15,Whiskas Classic Natural Bottle 2421,Coca-Cola,29.45,1L,Y,2026-10-05 06:00:00
PRD01423,CAT10,A2B Classic  Pack 2422,Oleev,34.62,bottle,Y,2026-10-05 06:00:00
PRD01424,CAT21,Whiskas Family Pack  Item 2423,Lay's,56.35,500g,Y,2026-10-05 06:00:00
PRD01425,CAT37,Mother Dairy Ultra Natural Bottle 2424,Fresho,80.4,250g,Y,2026-10-05 06:00:00
PRD01426,CAT15,Bisleri Gold  Box 2425,Vim,20.39,pcs,Y,2026-10-05 06:00:00
PRD01427,CAT23,Rasna Regular Natural Jar 2426,Colgate,12.39,500g,Y,2026-10-05 06:00:00
PRD01428,CAT14,Colgate Lite Fresh Carton 2427,Rasna,14.33,kg,Y,2026-10-05 06:00:00
PRD01429,CAT15,Tata Ultra Select Carton 2428,Sudha,23.61,pcs,Y,2026-10-05 06:00:00
PRD01430,CAT10,Nestle Ultra Daily Pack 2429,Vim,26.66,pcs,Y,2026-10-05 06:00:00
PRD01431,CAT09,Haldiram's Organic  Item 2430,Rin,18.3,pcs,Y,2026-10-05 06:00:00
PRD01432,CAT44,Catch Organic Daily Bottle 2431,Surf Excel,11.4,500g,Y,2026-10-05 06:00:00
PRD01433,CAT39,Mother Dairy Gold Select Box 2432,Himalaya,24.28,250g,Y,2026-10-05 06:00:00
PRD01434,CAT05,Safal Regular Extra Pouch 2433,Heritage,43.09,pcs,Y,2026-10-05 06:00:00
PRD01435,CAT25,Maggi Lite  Pouch 2434,Everest,62.52,pcs,Y,2026-10-05 06:00:00
PRD01436,CAT42,Pampers Lite  Box 2435,Safal,22.16,bottle,Y,2026-10-05 06:00:00
PRD01437,CAT26,Frooti Gold Select Carton 2436,Parle,25.24,500g,Y,2026-10-05 06:00:00
PRD01438,CAT08,Lay's Gold Natural Item 2437,ITC,15.89,500g,Y,2026-10-05 06:00:00
PRD01439,CAT22,Johnson's Classic  Box 2438,Maggi,35.58,kg,Y,2026-10-05 06:00:00
PRD01440,CAT25,Thirumala Gold  Carton 2439,Tata,17.05,pcs,Y,2026-10-05 06:00:00
PRD01441,CAT12,Parle Organic Select Box 2440,Marico,61.3,bottle,Y,2026-10-05 06:00:00
PRD01442,CAT09,Rin Ultra  Carton 2441,Gowardhan,7.34,dozen,Y,2026-10-05 06:00:00
PRD01443,CAT10,Dabur Classic  Pack 2442,Pedigree,26.48,pcs,Y,2026-10-05 06:00:00
PRD01444,CAT10,Nestle Ultra Daily Pouch 2443,Maggi,47.99,500g,N,2026-10-05 06:00:00
PRD01445,CAT09,Fortune Lite  Box 2444,Maggi,43.18,500g,Y,2026-10-05 06:00:00
PRD01446,CAT26,Dove Family Pack  Pouch 2445,ITC,413.12,bottle,Y,2026-10-05 06:00:00
PRD01447,CAT35,Sunpure Family Pack Natural Pack 2446,Coca-Cola,50.14,pcs,Y,2026-10-05 06:00:00
PRD01448,CAT27,Sunpure Organic Extra Bottle 2447,Dabur,14.83,pack,Y,2026-10-05 06:00:00
PRD01449,CAT31,Maggi Gold Daily Pack 2448,Ariel,33.59,dozen,Y,2026-10-05 06:00:00
PRD01450,CAT19,Britannia Organic  Box 2449,Maggi,7.4,pack,Y,2026-10-05 06:00:00
PRD01451,CAT43,Dettol Lite Daily Carton 2450,Mother Dairy,34.04,bottle,Y,2026-10-05 06:00:00
PRD01452,CAT38,Patanjali Classic  Bottle 2451,Tata,17.29,250g,Y,2026-10-05 06:00:00
PRD01453,CAT06,A2B Family Pack Natural Carton 2452,Pedigree,83.42,bottle,Y,2026-10-05 06:00:00
PRD01454,CAT15,Clinic Plus Lite Select Bottle 2453,Harpic,22.32,pcs,Y,2026-10-05 06:00:00
PRD01455,CAT29,Oleev Premium Select Jar 2454,Fortune,32.95,250g,Y,2026-10-05 06:00:00
PRD01456,CAT05,Parle Organic  Pouch 2455,Licious,20.66,250g,Y,2026-10-05 06:00:00
PRD01457,CAT14,Harpic Family Pack Extra Carton 2456,Ariel,175.03,500g,Y,2026-10-05 06:00:00
PRD01458,CAT02,Licious Premium Daily Pouch 2457,Coca-Cola,27.41,pcs,Y,2026-10-05 06:00:00
PRD01459,CAT23,Pampers Organic  Pouch 2458,Gillette,190.43,1L,Y,2026-10-05 06:00:00
PRD01460,CAT44,Gowardhan Premium Daily Box 2459,Dettol,76.15,pcs,Y,2026-10-05 06:00:00
PRD01461,CAT19,Rin Organic Fresh Carton 2460,Clinic Plus,56.48,500g,N,2026-10-05 06:00:00
PRD01462,CAT24,Heritage Ultra Extra Pack 2461,Sudha,51.0,500g,N,2026-10-05 06:00:00
PRD01463,CAT20,Vim Ultra  Jar 2462,Godrej,52.17,dozen,Y,2026-10-05 06:00:00
PRD01464,CAT27,Pedigree Gold Extra Carton 2463,Johnson's,6.46,pcs,Y,2026-10-05 06:00:00
PRD01465,CAT24,MTR Foods Family Pack  Jar 2464,Himalaya,28.47,pack,Y,2026-10-05 06:00:00
PRD01466,CAT17,Whiskas Classic  Carton 2465,Harpic,78.31,pcs,Y,2026-10-05 06:00:00
PRD01467,CAT25,Ariel Gold Select Bottle 2466,Weikfield,35.02,500g,Y,2026-10-05 06:00:00
PRD01468,CAT31,Parle Family Pack  Pack 2467,Frooti,10.33,500g,Y,2026-10-05 06:00:00
PRD01469,CAT28,Clinic Plus Lite Extra Item 2468,Safal,34.91,1L,Y,2026-10-05 06:00:00
PRD01470,CAT28,Godrej Regular  Jar 2469,Fresho,169.64,pack,Y,2026-10-05 06:00:00
PRD01471,CAT22,Catch Classic  Item 2470,Parle,112.42,250g,Y,2026-10-05 06:00:00
PRD01472,CAT05,MDH Family Pack Natural Item 2471,Vim,34.61,250g,Y,2026-10-05 06:00:00
PRD01473,CAT44,Pedigree Organic  Bottle 2472,Britannia,86.17,500g,N,2026-10-05 06:00:00
PRD01474,CAT42,Johnson's Organic  Carton 2473,Patanjali,26.32,250g,Y,2026-10-05 06:00:00
PRD01475,CAT08,Coca-Cola Regular  Pack 2474,Nestle,7.9,500g,Y,2026-10-05 06:00:00
PRD01476,CAT38,A2B Gold  Carton 2475,Rin,15.93,pcs,Y,2026-10-05 06:00:00
PRD01477,CAT28,MDH Premium Select Box 2476,ITC,149.4,bottle,Y,2026-10-05 06:00:00
PRD01478,CAT12,Colgate Family Pack Fresh Jar 2477,Huggies,28.6,bottle,Y,2026-10-05 06:00:00
PRD01479,CAT25,Pepsi Classic  Pack 2478,Frooti,29.4,pcs,Y,2026-10-05 06:00:00
PRD01480,CAT38,Amul Ultra  Bottle 2479,Frooti,27.94,bottle,Y,2026-10-05 06:00:00
PRD01481,CAT44,Gillette Family Pack  Pouch 2480,MTR,203.1,250g,Y,2026-10-05 06:00:00
PRD01482,CAT15,Licious Family Pack Daily Pack 2481,A2B,158.12,500g,Y,2026-10-05 06:00:00
PRD01483,CAT44,Ariel Family Pack Extra Bottle 2482,MDH,269.59,pcs,Y,2026-10-05 06:00:00
PRD01484,CAT41,Rin Classic  Pack 2483,Pepsi,31.72,dozen,Y,2026-10-05 06:00:00
PRD01485,CAT34,Licious Ultra Daily Item 2484,Heritage,47.75,250g,Y,2026-10-05 06:00:00
PRD01486,CAT13,Pepsi Gold  Jar 2485,Frooti,9.35,500g,Y,2026-10-05 06:00:00
PRD01487,CAT08,Sunfeast Premium  Carton 2486,Gillette,138.27,1L,Y,2026-10-05 06:00:00
PRD01488,CAT13,Britannia Ultra Natural Item 2487,ITC,12.79,1L,Y,2026-10-05 06:00:00
PRD01489,CAT36,Tata Classic Select Pack 2488,Dabur,44.48,500g,Y,2026-10-05 06:00:00
PRD01490,CAT06,Coca-Cola Ultra  Bottle 2489,Tata,13.63,1L,N,2026-10-05 06:00:00
PRD01491,CAT38,Everest Regular  Item 2490,Sunfeast,21.54,500g,Y,2026-10-05 06:00:00
PRD01492,CAT32,Oleev Ultra Natural Box 2491,Thirumala,17.23,1L,Y,2026-10-05 06:00:00
PRD01493,CAT21,Fresho Organic  Carton 2492,Lay's,21.18,bottle,Y,2026-10-05 06:00:00
PRD01494,CAT44,Vim Classic Fresh Bottle 2493,Sunpure,22.53,dozen,Y,2026-10-05 06:00:00
PRD01495,CAT44,Maggi Classic Fresh Box 2494,Aashirvaad,22.34,250g,Y,2026-10-05 06:00:00
PRD01496,CAT07,Pedigree Organic Daily Jar 2495,Oleev,77.48,kg,Y,2026-10-05 06:00:00
PRD01497,CAT26,Patanjali Premium  Pouch 2496,Lakme,13.54,pack,Y,2026-10-05 06:00:00
PRD01498,CAT15,Catch Classic Extra Jar 2497,Patanjali,44.63,pcs,Y,2026-10-05 06:00:00
PRD01499,CAT42,Frooti Ultra Select Pouch 2498,Pedigree,109.53,kg,Y,2026-10-05 06:00:00
PRD01500,CAT23,Sunpure Regular Fresh Pouch 2499,Vim,23.06,pcs,Y,2026-10-05 06:00:00
PRD01501,CAT38,Huggies Regular  Pouch 2500,Surf Excel,19.18,pcs,N,2026-10-05 06:00:00
PRD01502,CAT41,Huggies Family Pack Extra Bottle 2501,Mother Dairy,29.74,1L,Y,2026-10-05 06:00:00
PRD01503,CAT15,Sudha Gold Daily Jar 2502,Close-Up,105.82,500g,Y,2026-10-05 06:00:00
PRD01504,CAT40,Himalaya Lite  Item 2503,Harpic,43.58,500g,Y,2026-10-05 06:00:00
PRD01505,CAT16,Nestle Family Pack  Jar 2504,Britannia,22.69,pack,Y,2026-10-05 06:00:00
PRD01506,CAT32,Sunpure Lite Select Bottle 2505,Rin,56.57,pcs,Y,2026-10-05 06:00:00
PRD01507,CAT37,Britannia Regular Natural Pouch 2506,Johnson's,13.57,dozen,Y,2026-10-05 06:00:00
PRD01508,CAT18,Sudha Lite  Jar 2507,Nivea,67.57,500g,Y,2026-10-05 06:00:00
PRD01509,CAT20,Dabur Ultra Fresh Carton 2508,Tata,52.87,kg,N,2026-10-05 06:00:00
PRD01510,CAT02,Aashirvaad Ultra Fresh Pouch 2509,Maggi,27.74,500g,Y,2026-10-05 06:00:00
PRD01511,CAT23,Johnson's Regular  Item 2510,Sunpure,17.21,1L,Y,2026-10-05 06:00:00
PRD01512,CAT30,Rasna Regular Natural Bottle 2511,Godrej,16.48,500g,Y,2026-10-05 06:00:00
PRD01513,CAT03,Catch Premium  Pack 2512,Saffola,59.22,250g,Y,2026-10-05 06:00:00
PRD01514,CAT39,Haldiram's Regular Extra Bottle 2513,Colgate,110.62,pcs,Y,2026-10-05 06:00:00
PRD01515,CAT01,Sudha Premium  Bottle 2514,Patanjali,20.62,500g,Y,2026-10-05 06:00:00
PRD01516,CAT41,Lay's Family Pack Natural Bottle 2515,MDH,55.29,pcs,N,2026-10-05 06:00:00
PRD01517,CAT22,Ananda Organic  Carton 2516,Rin,5.59,1L,Y,2026-10-05 06:00:00
PRD01518,CAT29,Pedigree Ultra Natural Pouch 2517,Licious,21.62,dozen,N,2026-10-05 06:00:00
PRD01519,CAT14,Pampers Premium Daily Pouch 2518,Dabur,35.59,pcs,Y,2026-10-05 06:00:00
PRD01520,CAT28,Rasna Regular Natural Item 2519,Johnson's,16.14,1L,Y,2026-10-05 06:00:00
PRD01521,CAT21,Lay's Ultra  Box 2520,Frooti,15.75,250g,Y,2026-10-05 06:00:00
PRD01522,CAT32,Gowardhan Gold Select Pack 2521,Heritage,20.07,pcs,Y,2026-10-05 06:00:00
PRD01523,CAT06,Nivea Classic Fresh Jar 2522,Godrej,47.61,pcs,Y,2026-10-05 06:00:00
PRD01524,CAT01,Sunpure Regular  Box 2523,Catch,30.92,pcs,Y,2026-10-05 06:00:00
PRD01525,CAT21,Dettol Classic Extra Pack 2524,Oleev,4.88,pcs,Y,2026-10-05 06:00:00
PRD01526,CAT04,MTR Family Pack Fresh Pack 2525,Weikfield,5.43,pcs,N,2026-10-05 06:00:00
PRD01527,CAT03,Pedigree Ultra  Item 2526,Tata,21.2,500g,Y,2026-10-05 06:00:00
PRD01528,CAT30,MTR Premium Daily Item 2527,Colgate,55.25,500g,Y,2026-10-05 06:00:00
PRD01529,CAT31,Rin Premium Extra Pouch 2528,Coca-Cola,3.09,pack,Y,2026-10-05 06:00:00
PRD01530,CAT34,Lay's Lite Natural Bottle 2529,MTR Foods,23.34,pack,Y,2026-10-05 06:00:00
PRD01531,CAT19,Catch Ultra Natural Pack 2530,Haldiram's,22.79,pack,Y,2026-10-05 06:00:00
PRD01532,CAT20,Oleev Classic  Pack 2531,Frooti,127.68,1L,N,2026-10-05 06:00:00
PRD01533,CAT23,Catch Premium Extra Bottle 2532,Thirumala,25.88,pcs,Y,2026-10-05 06:00:00
PRD01534,CAT40,MDH Classic  Box 2533,Surf Excel,51.66,500g,Y,2026-10-05 06:00:00
PRD01535,CAT25,Britannia Classic Natural Bottle 2534,Vim,41.56,pcs,Y,2026-10-05 06:00:00
PRD01536,CAT15,Licious Premium  Pouch 2535,Frooti,5.38,1L,Y,2026-10-05 06:00:00
PRD01537,CAT38,Oleev Ultra  Pouch 2536,Marico,73.07,kg,Y,2026-10-05 06:00:00
PRD01538,CAT23,Saffola Ultra Daily Box 2537,Clinic Plus,44.43,pcs,Y,2026-10-05 06:00:00
PRD01539,CAT02,Dabur Lite Fresh Box 2538,Whiskas,57.83,500g,Y,2026-10-05 06:00:00
PRD01540,CAT15,Pampers Regular Extra Jar 2539,Whiskas,1253.4,1L,Y,2026-10-05 06:00:00
PRD01541,CAT44,Surf Excel Ultra  Pack 2540,Catch,5.61,pack,Y,2026-10-05 06:00:00
PRD01542,CAT35,ITC Classic  Pouch 2541,Thirumala,172.82,pcs,Y,2026-10-05 06:00:00
PRD01543,CAT10,Johnson's Classic Daily Pouch 2542,Johnson's,28.26,pcs,Y,2026-10-05 06:00:00
PRD01544,CAT14,Sunfeast Regular Fresh Pack 2543,Dettol,47.4,bottle,Y,2026-10-05 06:00:00
PRD01545,CAT27,MDH Ultra Daily Pack 2544,Colgate,35.13,pcs,Y,2026-10-05 06:00:00
PRD01546,CAT14,Aashirvaad Ultra Natural Pouch 2545,Whiskas,24.98,1L,Y,2026-10-05 06:00:00
PRD01547,CAT35,Rin Premium  Item 2546,Gowardhan,21.91,bottle,Y,2026-10-05 06:00:00
PRD01548,CAT33,Close-Up Premium  Bottle 2547,Rasna,49.23,kg,Y,2026-10-05 06:00:00
PRD01549,CAT01,Tata Classic Select Bottle 2548,Weikfield,9.34,pcs,Y,2026-10-05 06:00:00
PRD01550,CAT34,Pepsi Family Pack Natural Box 2549,Himalaya,71.92,500g,Y,2026-10-05 06:00:00
PRD01551,CAT19,Haldiram's Lite  Carton 2550,Catch,25.16,pcs,Y,2026-10-05 06:00:00
PRD01552,CAT24,Saffola Family Pack  Item 2551,Parle,13.24,1L,Y,2026-10-05 06:00:00
PRD01553,CAT42,Heritage Family Pack  Bottle 2552,MTR Foods,24.41,1L,Y,2026-10-05 06:00:00
PRD01554,CAT04,Colgate Family Pack Extra Pack 2553,Whiskas,113.46,dozen,Y,2026-10-05 06:00:00
PRD01555,CAT36,Fortune Gold Fresh Box 2554,A2B,22.61,500g,Y,2026-10-05 06:00:00
PRD01556,CAT13,Bisleri Gold Natural Carton 2555,Britannia,50.53,1L,Y,2026-10-05 06:00:00
PRD01557,CAT32,A2B Regular Extra Bottle 2556,Patanjali,18.96,500g,Y,2026-10-05 06:00:00
PRD01558,CAT09,Nestle Classic Extra Item 2557,Fortune,72.39,pcs,Y,2026-10-05 06:00:00
PRD01559,CAT39,Sunfeast Family Pack Extra Carton 2558,Whiskas,67.83,pcs,Y,2026-10-05 06:00:00
PRD01560,CAT16,Coca-Cola Ultra Natural Pouch 2559,MTR Foods,193.2,pcs,Y,2026-10-05 06:00:00
PRD01561,CAT03,Huggies Gold  Bottle 2560,Haldiram's,31.25,pack,Y,2026-10-05 06:00:00
PRD01562,CAT20,Heritage Classic Natural Pouch 2561,Amul,66.81,500g,Y,2026-10-05 06:00:00
PRD01563,CAT10,MTR Foods Classic Fresh Pouch 2562,Close-Up,39.98,pcs,Y,2026-10-05 06:00:00
PRD01564,CAT22,Clinic Plus Organic Select Pack 2563,Catch,117.48,500g,Y,2026-10-05 06:00:00
PRD01565,CAT03,Lakme Lite  Bottle 2564,Pampers,19.16,pcs,Y,2026-10-05 06:00:00
PRD01566,CAT11,Gowardhan Classic Natural Pack 2565,Heritage,71.56,pcs,Y,2026-10-05 06:00:00
PRD01567,CAT25,Heritage Organic Select Pouch 2566,Colgate,30.72,pack,Y,2026-10-05 06:00:00
PRD01568,CAT42,Ananda Regular Daily Pack 2567,Gillette,34.54,kg,Y,2026-10-05 06:00:00
PRD01569,CAT08,Weikfield Classic Extra Item 2568,Sunpure,39.75,pcs,Y,2026-10-05 06:00:00
PRD01570,CAT09,Ariel Family Pack Natural Pouch 2569,Thirumala,45.93,250g,Y,2026-10-05 06:00:00
PRD01571,CAT15,Harpic Family Pack  Box 2570,Pepsi,32.96,500g,Y,2026-10-05 06:00:00
PRD01572,CAT32,Bisleri Classic  Jar 2571,Ananda,44.4,500g,Y,2026-10-05 06:00:00
PRD01573,CAT03,Heritage Organic Natural Bottle 2572,Mother Dairy,151.46,250g,Y,2026-10-05 06:00:00
PRD01574,CAT04,MTR Foods Premium  Pack 2573,Safal,88.85,pcs,Y,2026-10-05 06:00:00
PRD01575,CAT30,Heritage Gold  Carton 2574,Surf Excel,80.02,pcs,Y,2026-10-05 06:00:00
PRD01576,CAT13,Lay's Gold Extra Pouch 2575,A2B,24.29,pcs,Y,2026-10-05 06:00:00
PRD01577,CAT44,Himalaya Organic Extra Pack 2576,Patanjali,16.44,pcs,Y,2026-10-05 06:00:00
PRD01578,CAT21,Patanjali Regular Fresh Pouch 2577,ITC,86.47,pcs,Y,2026-10-05 06:00:00
PRD01579,CAT41,Ananda Ultra Select Jar 2578,Sunpure,80.51,pcs,N,2026-10-05 06:00:00
PRD01580,CAT19,Safal Regular  Pouch 2579,Clinic Plus,137.74,500g,Y,2026-10-05 06:00:00
PRD01581,CAT39,Amul Organic  Carton 2580,Whiskas,21.25,250g,Y,2026-10-05 06:00:00
PRD01582,CAT22,Himalaya Premium Natural Pouch 2581,Pedigree,29.77,pcs,Y,2026-10-05 06:00:00
PRD01583,CAT20,Tata Premium Natural Item 2582,A2B,8.37,pcs,Y,2026-10-05 06:00:00
PRD01584,CAT37,A2B Ultra  Pack 2583,Rasna,25.71,pcs,Y,2026-10-05 06:00:00
PRD01585,CAT31,Vim Organic Natural Jar 2584,Saffola,89.74,bottle,Y,2026-10-05 06:00:00
PRD01586,CAT10,Gowardhan Organic Select Bottle 2585,Pedigree,24.05,pcs,Y,2026-10-05 06:00:00
PRD01587,CAT18,Pampers Lite  Bottle 2586,Saffola,65.13,bottle,N,2026-10-05 06:00:00
PRD01588,CAT43,Maggi Lite Select Carton 2587,Heritage,30.83,500g,Y,2026-10-05 06:00:00
PRD01589,CAT39,MTR Organic  Box 2588,Harpic,48.99,kg,Y,2026-10-05 06:00:00
PRD01590,CAT20,A2B Gold  Item 2589,Dove,13.03,500g,Y,2026-10-05 06:00:00
PRD01591,CAT18,Aashirvaad Premium  Jar 2590,Dove,39.52,pcs,Y,2026-10-05 06:00:00
PRD01592,CAT11,Licious Family Pack Select Pack 2591,Haldiram's,3.0,500g,Y,2026-10-05 06:00:00
PRD01593,CAT22,Dove Gold Select Carton 2592,Surf Excel,30.93,1L,Y,2026-10-05 06:00:00
PRD01594,CAT44,Clinic Plus Organic  Bottle 2593,Huggies,8.44,1L,Y,2026-10-05 06:00:00
PRD01595,CAT18,Whiskas Organic Extra Bottle 2594,Fortune,108.35,500g,Y,2026-10-05 06:00:00
PRD01596,CAT34,Sunfeast Lite  Bottle 2595,Bisleri,73.68,pcs,Y,2026-10-05 06:00:00
PRD01597,CAT23,Nivea Premium Extra Carton 2596,Nivea,55.7,1L,Y,2026-10-05 06:00:00
PRD01598,CAT01,Catch Lite Fresh Bottle 2597,Britannia,143.87,kg,Y,2026-10-05 06:00:00
PRD01599,CAT10,Pampers Regular  Item 2598,Licious,15.58,kg,Y,2026-10-05 06:00:00
PRD01600,CAT01,Huggies Family Pack Natural Item 2599,Lay's,176.38,1L,Y,2026-10-05 06:00:00
PRD01601,CAT38,Ariel Family Pack  Pack 2600,Britannia,84.69,pcs,Y,2026-10-05 06:00:00
PRD01602,CAT39,Catch Ultra Extra Pouch 2601,Clinic Plus,29.58,pcs,Y,2026-10-05 06:00:00
PRD01603,CAT09,Dove Classic Daily Bottle 2602,MDH,101.7,pack,Y,2026-10-05 06:00:00
PRD01604,CAT31,Marico Classic Fresh Pouch 2603,Haldiram's,13.52,pack,Y,2026-10-05 06:00:00
PRD01605,CAT07,Tata Regular  Bottle 2604,Britannia,17.43,kg,Y,2026-10-05 06:00:00
PRD01606,CAT17,Clinic Plus Family Pack Natural Bottle 2605,Amul,21.16,1L,Y,2026-10-05 06:00:00
PRD01607,CAT35,Sunfeast Ultra Fresh Pack 2606,Whiskas,22.74,bottle,Y,2026-10-05 06:00:00
PRD01608,CAT37,Britannia Ultra Fresh Item 2607,Himalaya,14.14,pack,Y,2026-10-05 06:00:00
PRD01609,CAT18,Marico Family Pack  Pouch 2608,Johnson's,110.03,1L,Y,2026-10-05 06:00:00
PRD01610,CAT33,Tata Ultra  Box 2609,Pedigree,28.99,250g,Y,2026-10-05 06:00:00
PRD01611,CAT04,Gillette Classic  Pouch 2610,Licious,50.26,pcs,Y,2026-10-05 06:00:00
PRD01612,CAT23,Aashirvaad Ultra Fresh Pack 2611,Close-Up,21.9,1L,Y,2026-10-05 06:00:00
PRD01613,CAT11,Lakme Ultra Fresh Carton 2612,Weikfield,7.11,kg,Y,2026-10-05 06:00:00
PRD01614,CAT09,Godrej Premium  Pouch 2613,MTR,46.67,pcs,Y,2026-10-05 06:00:00
PRD01615,CAT30,Pepsi Gold Extra Box 2614,Pepsi,6.55,250g,Y,2026-10-05 06:00:00
PRD01616,CAT08,Sudha Gold Fresh Carton 2615,Dabur,34.41,pcs,N,2026-10-05 06:00:00
PRD01617,CAT40,Frooti Lite Extra Pack 2616,Mother Dairy,10.68,pack,Y,2026-10-05 06:00:00
PRD01618,CAT05,Sudha Premium Natural Item 2617,Mother Dairy,218.89,250g,N,2026-10-05 06:00:00
PRD01619,CAT12,Lay's Gold Extra Carton 2618,Ananda,83.12,kg,Y,2026-10-05 06:00:00
PRD01620,CAT01,Dettol Organic Daily Jar 2619,Sunpure,40.25,250g,Y,2026-10-05 06:00:00
PRD01621,CAT15,Rin Gold Daily Pouch 2620,Sudha,114.13,500g,Y,2026-10-05 06:00:00
PRD01622,CAT25,Catch Regular  Jar 2621,Heritage,17.09,pcs,Y,2026-10-05 06:00:00
PRD01623,CAT18,Godrej Classic  Pack 2622,Colgate,59.69,pack,Y,2026-10-05 06:00:00
PRD01624,CAT38,Clinic Plus Organic Extra Box 2623,Marico,43.81,500g,Y,2026-10-05 06:00:00
PRD01625,CAT42,Close-Up Lite Select Jar 2624,Everest,46.41,250g,Y,2026-10-05 06:00:00
PRD01626,CAT26,MDH Organic Extra Box 2625,Dettol,115.02,pcs,Y,2026-10-05 06:00:00
PRD01627,CAT40,Lay's Organic  Box 2626,Nivea,70.76,bottle,Y,2026-10-05 06:00:00
PRD01628,CAT03,Sudha Family Pack Select Jar 2627,Dabur,47.46,500g,Y,2026-10-05 06:00:00
PRD01629,CAT22,Parle Premium  Pouch 2628,Tata,8.25,bottle,Y,2026-10-05 06:00:00
PRD01630,CAT26,Marico Regular Select Pouch 2629,Gillette,15.42,250g,Y,2026-10-05 06:00:00
PRD01631,CAT19,Safal Ultra Natural Box 2630,Frooti,32.77,pcs,Y,2026-10-05 06:00:00
PRD01632,CAT44,ITC Classic Fresh Jar 2631,Lakme,39.81,1L,Y,2026-10-05 06:00:00
PRD01633,CAT44,Ariel Organic Extra Carton 2632,Pedigree,13.23,bottle,Y,2026-10-05 06:00:00
PRD01634,CAT39,Rasna Lite Daily Pouch 2633,Nivea,320.7,pack,Y,2026-10-05 06:00:00
PRD01635,CAT36,Haldiram's Gold Natural Pouch 2634,Weikfield,143.27,500g,Y,2026-10-05 06:00:00
PRD01636,CAT21,Amul Premium  Item 2635,Godrej,62.92,kg,Y,2026-10-05 06:00:00
PRD01637,CAT41,Dettol Classic  Jar 2636,MTR,39.05,pcs,Y,2026-10-05 06:00:00
PRD01638,CAT26,Rin Regular Daily Jar 2637,Rin,30.24,500g,Y,2026-10-05 06:00:00
PRD01639,CAT13,Himalaya Ultra Daily Item 2638,MDH,15.54,250g,Y,2026-10-05 06:00:00
PRD01640,CAT36,Nestle Classic  Pouch 2639,Vim,39.24,pcs,Y,2026-10-05 06:00:00
PRD01641,CAT24,Weikfield Lite  Jar 2640,Frooti,46.15,500g,Y,2026-10-05 06:00:00
PRD01642,CAT41,Surf Excel Classic  Bottle 2641,Catch,11.97,250g,Y,2026-10-05 06:00:00
PRD01643,CAT26,Weikfield Gold  Jar 2642,Haldiram's,49.44,1L,Y,2026-10-05 06:00:00
PRD01644,CAT21,Pepsi Ultra Fresh Bottle 2643,Vim,31.83,pcs,N,2026-10-05 06:00:00
PRD01645,CAT18,Weikfield Classic Extra Box 2644,Heritage,6.57,1L,Y,2026-10-05 06:00:00
PRD01646,CAT15,Oleev Organic Natural Box 2645,Gowardhan,16.87,1L,Y,2026-10-05 06:00:00
PRD01647,CAT15,Coca-Cola Classic Fresh Carton 2646,Marico,25.22,1L,Y,2026-10-05 06:00:00
PRD01648,CAT06,Tata Organic Select Box 2647,Britannia,200.12,pack,Y,2026-10-05 06:00:00
PRD01649,CAT43,Tata Ultra Fresh Pack 2648,Licious,60.39,pcs,Y,2026-10-05 06:00:00
PRD01650,CAT31,Rin Classic Extra Pack 2649,Dabur,11.0,250g,Y,2026-10-05 06:00:00
PRD01651,CAT28,Lakme Organic  Jar 2650,Close-Up,56.68,250g,Y,2026-10-05 06:00:00
PRD01652,CAT08,Gillette Classic  Pouch 2651,Dabur,9.09,250g,Y,2026-10-05 06:00:00
PRD01653,CAT29,Oleev Organic Daily Pouch 2652,Marico,96.97,500g,Y,2026-10-05 06:00:00
PRD01654,CAT21,MTR Foods Classic Extra Jar 2653,ITC,23.95,500g,Y,2026-10-05 06:00:00
PRD01655,CAT17,Godrej Classic  Item 2654,Huggies,33.64,500g,Y,2026-10-05 06:00:00
PRD01656,CAT24,Aashirvaad Ultra Extra Item 2655,Weikfield,120.69,250g,N,2026-10-05 06:00:00
PRD01657,CAT36,Fresho Family Pack  Jar 2656,Pedigree,11.49,500g,Y,2026-10-05 06:00:00
PRD01658,CAT31,Marico Premium  Jar 2657,Godrej,10.41,pcs,Y,2026-10-05 06:00:00
PRD01659,CAT34,Gowardhan Ultra  Jar 2658,Sunpure,21.64,1L,Y,2026-10-05 06:00:00
PRD01660,CAT02,Haldiram's Organic  Pouch 2659,Sudha,93.18,pack,Y,2026-10-05 06:00:00
PRD01661,CAT42,MDH Family Pack Extra Bottle 2660,Parle,9.32,pcs,Y,2026-10-05 06:00:00
PRD01662,CAT03,Bisleri Classic Daily Item 2661,Johnson's,3.0,dozen,Y,2026-10-05 06:00:00
PRD01663,CAT30,Gowardhan Family Pack  Pouch 2662,Thirumala,24.38,pcs,Y,2026-10-05 06:00:00
PRD01664,CAT08,Pampers Regular Natural Jar 2663,Safal,60.13,500g,Y,2026-10-05 06:00:00
PRD01665,CAT07,Colgate Organic  Jar 2664,Oleev,107.8,1L,Y,2026-10-05 06:00:00
PRD01666,CAT12,MTR Foods Classic Natural Pouch 2665,A2B,24.12,pcs,Y,2026-10-05 06:00:00
PRD01667,CAT19,Sunpure Regular  Carton 2666,Sudha,25.27,bottle,Y,2026-10-05 06:00:00
PRD01668,CAT26,Clinic Plus Ultra Daily Pack 2667,Lakme,103.39,500g,Y,2026-10-05 06:00:00
PRD01669,CAT28,Johnson's Premium Select Jar 2668,Himalaya,6.8,pcs,Y,2026-10-05 06:00:00
PRD01670,CAT15,Dabur Ultra Select Item 2669,Pepsi,25.8,250g,Y,2026-10-05 06:00:00
PRD01671,CAT14,Marico Regular Extra Item 2670,Vim,43.44,1L,Y,2026-10-05 06:00:00
PRD01672,CAT14,Licious Family Pack Daily Pack 2671,Coca-Cola,54.83,dozen,Y,2026-10-05 06:00:00
PRD01673,CAT03,Britannia Lite  Jar 2672,Everest,23.13,500g,Y,2026-10-05 06:00:00
PRD01674,CAT29,Ariel Lite Extra Bottle 2673,Huggies,37.75,pcs,Y,2026-10-05 06:00:00
PRD01675,CAT06,Aashirvaad Ultra Extra Pouch 2674,Vim,3.9,pcs,Y,2026-10-05 06:00:00
PRD01676,CAT23,Thirumala Family Pack  Item 2675,Pampers,20.24,250g,Y,2026-10-05 06:00:00
PRD01677,CAT28,Haldiram's Premium Natural Carton 2676,Rasna,55.05,1L,Y,2026-10-05 06:00:00
PRD01678,CAT14,Catch Premium Select Item 2677,Fortune,15.12,dozen,Y,2026-10-05 06:00:00
PRD01679,CAT14,Patanjali Family Pack  Jar 2678,Mother Dairy,38.59,250g,Y,2026-10-05 06:00:00
PRD01680,CAT20,Ariel Lite  Item 2679,Frooti,54.72,kg,Y,2026-10-05 06:00:00
PRD01681,CAT13,Everest Gold Extra Jar 2680,Harpic,26.89,dozen,Y,2026-10-05 06:00:00
PRD01682,CAT27,Nestle Family Pack  Pack 2681,Catch,42.67,500g,Y,2026-10-05 06:00:00
PRD01683,CAT35,Frooti Gold  Pack 2682,Britannia,15.39,pcs,Y,2026-10-05 06:00:00
PRD01684,CAT02,Marico Premium Fresh Carton 2683,Close-Up,30.39,pcs,Y,2026-10-05 06:00:00
PRD01685,CAT41,Ananda Classic Extra Pouch 2684,Pepsi,63.38,pcs,Y,2026-10-05 06:00:00
PRD01686,CAT40,Coca-Cola Classic  Item 2685,Surf Excel,42.15,500g,Y,2026-10-05 06:00:00
PRD01687,CAT24,Gillette Lite  Carton 2686,Gowardhan,21.59,pcs,Y,2026-10-05 06:00:00
PRD01688,CAT29,Dabur Organic Natural Carton 2687,Rasna,44.78,pcs,Y,2026-10-05 06:00:00
PRD01689,CAT03,Thirumala Organic Natural Item 2688,Oleev,69.63,pcs,Y,2026-10-05 06:00:00
PRD01690,CAT04,Rasna Gold Natural Carton 2689,Pampers,5.78,pcs,Y,2026-10-05 06:00:00
PRD01691,CAT02,Ananda Lite  Pouch 2690,Pepsi,103.87,500g,Y,2026-10-05 06:00:00
PRD01692,CAT20,Pepsi Regular  Item 2691,Sunpure,27.04,pcs,Y,2026-10-05 06:00:00
PRD01693,CAT15,ITC Gold Select Pack 2692,Parle,53.67,500g,Y,2026-10-05 06:00:00
PRD01694,CAT32,Frooti Regular  Bottle 2693,Bisleri,107.5,pcs,N,2026-10-05 06:00:00
PRD01695,CAT42,Mother Dairy Premium  Item 2694,Sunpure,10.65,pack,Y,2026-10-05 06:00:00
PRD01696,CAT01,Ananda Organic  Item 2695,Nestle,19.33,pcs,Y,2026-10-05 06:00:00
PRD01697,CAT38,Licious Family Pack  Item 2696,Patanjali,28.23,bottle,Y,2026-10-05 06:00:00
PRD01698,CAT35,Amul Gold  Jar 2697,MDH,18.08,1L,Y,2026-10-05 06:00:00
PRD01699,CAT07,MTR Foods Ultra Select Jar 2698,Tata,174.42,500g,Y,2026-10-05 06:00:00
PRD01700,CAT13,Sudha Family Pack  Pack 2699,Godrej,16.93,500g,Y,2026-10-05 06:00:00
PRD01701,CAT01,Lay's Ultra Extra Bottle 2700,Catch,22.2,500g,Y,2026-10-05 06:00:00
PRD01702,CAT14,Mother Dairy Gold  Pouch 2701,Everest,43.99,pcs,Y,2026-10-05 06:00:00
PRD01703,CAT29,Pepsi Family Pack  Jar 2702,Aashirvaad,12.4,250g,Y,2026-10-05 06:00:00
PRD01704,CAT03,Heritage Ultra Natural Bottle 2703,MTR,25.63,kg,Y,2026-10-05 06:00:00
PRD01705,CAT24,Amul Lite Daily Item 2704,Saffola,48.7,kg,N,2026-10-05 06:00:00
PRD01706,CAT01,Pedigree Classic Natural Carton 2705,Sunpure,27.12,250g,Y,2026-10-05 06:00:00
PRD01707,CAT10,Saffola Lite Extra Carton 2706,Harpic,33.65,500g,Y,2026-10-05 06:00:00
PRD01708,CAT13,Marico Lite Fresh Item 2707,Sunfeast,22.73,500g,Y,2026-10-05 06:00:00
PRD01709,CAT36,Dabur Classic  Jar 2708,Catch,9.36,1L,Y,2026-10-05 06:00:00
PRD01710,CAT09,Sunpure Family Pack Extra Pack 2709,Godrej,48.88,pack,Y,2026-10-05 06:00:00
PRD01711,CAT14,Coca-Cola Premium  Jar 2710,Pepsi,177.58,500g,Y,2026-10-05 06:00:00
PRD01712,CAT36,MTR Ultra Daily Bottle 2711,Coca-Cola,37.21,bottle,Y,2026-10-05 06:00:00
PRD01713,CAT10,Godrej Regular Extra Item 2712,Ananda,44.82,pcs,Y,2026-10-05 06:00:00
PRD01714,CAT40,Harpic Premium  Pack 2713,Coca-Cola,68.27,500g,Y,2026-10-05 06:00:00
PRD01715,CAT23,Ananda Premium Extra Pouch 2714,Pedigree,11.68,dozen,Y,2026-10-05 06:00:00
PRD01716,CAT35,Surf Excel Classic Daily Jar 2715,Catch,169.4,kg,Y,2026-10-05 06:00:00
PRD01717,CAT07,Rin Regular Select Pack 2716,Huggies,43.91,250g,Y,2026-10-05 06:00:00
PRD01718,CAT42,Everest Regular Daily Carton 2717,Oleev,158.96,pcs,Y,2026-10-05 06:00:00
PRD01719,CAT35,Surf Excel Regular Daily Item 2718,Rin,18.92,pcs,Y,2026-10-05 06:00:00
PRD01720,CAT02,Mother Dairy Organic Daily Bottle 2719,Heritage,187.96,pcs,Y,2026-10-05 06:00:00
PRD01721,CAT15,Fresho Lite  Bottle 2720,Heritage,73.53,250g,Y,2026-10-05 06:00:00
PRD01722,CAT09,Ariel Family Pack  Bottle 2721,Everest,60.2,500g,Y,2026-10-05 06:00:00
PRD01723,CAT17,Lay's Lite Extra Pack 2722,Johnson's,45.18,1L,Y,2026-10-05 06:00:00
PRD01724,CAT39,Gowardhan Regular  Bottle 2723,Dettol,29.26,500g,Y,2026-10-05 06:00:00
PRD01725,CAT18,Catch Lite Natural Box 2724,Sunpure,107.82,500g,Y,2026-10-05 06:00:00
PRD01726,CAT15,Dabur Regular  Item 2725,MTR Foods,41.53,1L,Y,2026-10-05 06:00:00
PRD01727,CAT18,Frooti Premium Fresh Pack 2726,Haldiram's,6.23,bottle,Y,2026-10-05 06:00:00
PRD01728,CAT24,Surf Excel Family Pack Extra Bottle 2727,Nestle,13.39,pcs,Y,2026-10-05 06:00:00
PRD01729,CAT23,Coca-Cola Regular Daily Box 2728,Catch,30.96,pack,Y,2026-10-05 06:00:00
PRD01730,CAT12,Nivea Gold  Pouch 2729,Johnson's,48.38,500g,Y,2026-10-05 06:00:00
PRD01731,CAT23,Johnson's Lite  Bottle 2730,Everest,34.78,250g,Y,2026-10-05 06:00:00
PRD01732,CAT21,Sunpure Family Pack Daily Pouch 2731,Clinic Plus,109.63,kg,Y,2026-10-05 06:00:00
PRD01733,CAT26,Close-Up Family Pack Fresh Item 2732,Safal,6.32,pcs,Y,2026-10-05 06:00:00
PRD01734,CAT08,Catch Organic Daily Pack 2733,Harpic,41.65,pcs,Y,2026-10-05 06:00:00
PRD01735,CAT30,Parle Organic Daily Pouch 2734,Licious,7.13,pcs,Y,2026-10-05 06:00:00
PRD01736,CAT34,Lay's Premium Select Item 2735,Licious,72.51,pcs,Y,2026-10-05 06:00:00
PRD01737,CAT02,Britannia Family Pack  Bottle 2736,Pepsi,33.62,250g,Y,2026-10-05 06:00:00
PRD01738,CAT05,Pedigree Organic Extra Carton 2737,Britannia,53.39,pcs,Y,2026-10-05 06:00:00
PRD01739,CAT31,Sudha Classic Extra Bottle 2738,Godrej,16.82,pcs,Y,2026-10-05 06:00:00
PRD01740,CAT33,Mother Dairy Classic  Jar 2739,Marico,115.76,250g,Y,2026-10-05 06:00:00
PRD01741,CAT04,Catch Organic Daily Pack 2740,Gillette,93.46,1L,Y,2026-10-05 06:00:00
PRD01742,CAT06,Sunfeast Ultra Daily Jar 2741,Surf Excel,61.88,500g,Y,2026-10-05 06:00:00
PRD01743,CAT23,Dove Premium Extra Jar 2742,Sunfeast,32.57,1L,Y,2026-10-05 06:00:00
PRD01744,CAT19,Colgate Gold Extra Carton 2743,Ariel,61.67,250g,N,2026-10-05 06:00:00
PRD01745,CAT43,Huggies Premium Extra Bottle 2744,Clinic Plus,19.37,pcs,N,2026-10-05 06:00:00
PRD01746,CAT08,Oleev Gold Select Pack 2745,Fortune,79.04,1L,N,2026-10-05 06:00:00
PRD01747,CAT39,Ananda Regular Extra Jar 2746,Lay's,161.5,pack,Y,2026-10-05 06:00:00
PRD01748,CAT13,Marico Premium  Bottle 2747,Sunpure,95.92,500g,Y,2026-10-05 06:00:00
PRD01749,CAT01,Fresho Regular  Box 2748,Safal,18.98,250g,Y,2026-10-05 06:00:00
PRD01750,CAT06,Vim Ultra Daily Carton 2749,Licious,50.67,pack,Y,2026-10-05 06:00:00
PRD01751,CAT07,Rasna Classic Natural Jar 2750,Ariel,11.43,pack,Y,2026-10-05 06:00:00
PRD01752,CAT27,Tata Regular  Item 2751,Fortune,61.26,1L,Y,2026-10-05 06:00:00
PRD01753,CAT15,Gowardhan Regular Extra Pouch 2752,Clinic Plus,54.9,250g,Y,2026-10-05 06:00:00
PRD01754,CAT34,Britannia Regular Natural Pack 2753,MDH,6.8,250g,Y,2026-10-05 06:00:00
PRD01755,CAT23,MTR Foods Classic Daily Pack 2754,Bisleri,12.86,250g,Y,2026-10-05 06:00:00
PRD01756,CAT24,Haldiram's Lite  Jar 2755,Ananda,28.37,500g,Y,2026-10-05 06:00:00
PRD01757,CAT15,Close-Up Lite Daily Box 2756,Frooti,27.92,pcs,Y,2026-10-05 06:00:00
PRD01758,CAT35,Sunfeast Ultra Select Box 2757,Patanjali,12.32,pcs,Y,2026-10-05 06:00:00
PRD01759,CAT04,Tata Classic Natural Box 2758,Britannia,51.94,pcs,Y,2026-10-05 06:00:00
PRD01760,CAT44,Rin Family Pack  Bottle 2759,Johnson's,45.89,500g,Y,2026-10-05 06:00:00
PRD01761,CAT37,MDH Ultra Extra Pouch 2760,Bisleri,30.73,500g,Y,2026-10-05 06:00:00
PRD01762,CAT17,MTR Classic Daily Bottle 2761,Patanjali,18.54,kg,Y,2026-10-05 06:00:00
PRD01763,CAT31,Dove Classic Select Pack 2762,Close-Up,94.05,kg,Y,2026-10-05 06:00:00
PRD01764,CAT38,Himalaya Classic  Pack 2763,Patanjali,162.37,250g,Y,2026-10-05 06:00:00
PRD01765,CAT10,ITC Classic  Bottle 2764,Fresho,23.68,dozen,Y,2026-10-05 06:00:00
PRD01766,CAT27,Lay's Lite  Box 2765,Lakme,21.1,dozen,Y,2026-10-05 06:00:00
PRD01767,CAT42,Dettol Gold Extra Box 2766,Lay's,56.95,bottle,Y,2026-10-05 06:00:00
PRD01768,CAT06,Dettol Family Pack  Box 2767,Maggi,26.52,pcs,Y,2026-10-05 06:00:00
PRD01769,CAT06,Dabur Classic  Carton 2768,MDH,32.28,500g,Y,2026-10-05 06:00:00
PRD01770,CAT15,Sudha Lite Natural Bottle 2769,Lakme,71.21,500g,Y,2026-10-05 06:00:00
PRD01771,CAT04,Ariel Regular Natural Bottle 2770,Weikfield,6.56,pcs,Y,2026-10-05 06:00:00
PRD01772,CAT40,Ariel Family Pack Extra Box 2771,MTR Foods,119.88,pack,Y,2026-10-05 06:00:00
PRD01773,CAT07,Huggies Gold Fresh Pack 2772,ITC,39.07,pcs,Y,2026-10-05 06:00:00
PRD01774,CAT26,Ananda Ultra Daily Bottle 2773,Johnson's,25.27,500g,Y,2026-10-05 06:00:00
PRD01775,CAT31,MTR Ultra  Pack 2774,Johnson's,33.77,pcs,Y,2026-10-05 06:00:00
PRD01776,CAT02,Sunfeast Ultra Extra Pack 2775,Pepsi,35.38,500g,Y,2026-10-05 06:00:00
PRD01777,CAT28,Lakme Gold Fresh Pack 2776,Oleev,7.71,1L,Y,2026-10-05 06:00:00
PRD01778,CAT42,Pepsi Gold  Pack 2777,Lakme,140.53,250g,Y,2026-10-05 06:00:00
PRD01779,CAT13,Surf Excel Premium Natural Pouch 2778,Britannia,37.99,pcs,Y,2026-10-05 06:00:00
PRD01780,CAT18,Maggi Family Pack Fresh Box 2779,ITC,54.53,1L,Y,2026-10-05 06:00:00
PRD01781,CAT30,Pepsi Lite  Jar 2780,Harpic,86.18,250g,Y,2026-10-05 06:00:00
PRD01782,CAT11,Parle Regular  Box 2781,Close-Up,14.6,250g,Y,2026-10-05 06:00:00
PRD01783,CAT13,Rin Gold Fresh Item 2782,Amul,56.04,pcs,Y,2026-10-05 06:00:00
PRD01784,CAT24,Safal Premium Select Bottle 2783,Close-Up,28.76,pcs,Y,2026-10-05 06:00:00
PRD01785,CAT29,Oleev Gold Extra Box 2784,Thirumala,78.42,pcs,Y,2026-10-05 06:00:00
PRD01786,CAT05,Lay's Premium Natural Jar 2785,Dabur,5.4,250g,Y,2026-10-05 06:00:00
PRD01787,CAT35,MDH Ultra Extra Box 2786,Rin,33.48,500g,Y,2026-10-05 06:00:00
PRD01788,CAT19,Saffola Gold Extra Box 2787,Britannia,21.27,pcs,Y,2026-10-05 06:00:00
PRD01789,CAT13,Frooti Classic Extra Item 2788,Rin,54.0,pcs,Y,2026-10-05 06:00:00
PRD01790,CAT05,Maggi Classic Fresh Item 2789,Pampers,55.87,250g,Y,2026-10-05 06:00:00
PRD01791,CAT44,Bisleri Lite Extra Box 2790,Fortune,19.36,1L,Y,2026-10-05 06:00:00
PRD01792,CAT14,Dove Regular  Pouch 2791,Parle,19.28,500g,Y,2026-10-05 06:00:00
PRD01793,CAT38,MTR Foods Lite Daily Carton 2792,Himalaya,33.13,1L,N,2026-10-05 06:00:00
PRD01794,CAT22,Oleev Ultra Daily Item 2793,Vim,16.33,pcs,Y,2026-10-05 06:00:00
PRD01795,CAT09,Dove Family Pack  Pouch 2794,Tata,78.08,pcs,Y,2026-10-05 06:00:00
PRD01796,CAT40,Bisleri Lite Extra Box 2795,Frooti,26.25,500g,Y,2026-10-05 06:00:00
PRD01797,CAT26,Nivea Premium Natural Bottle 2796,Dabur,3.0,pcs,N,2026-10-05 06:00:00
PRD01798,CAT05,Lay's Organic Natural Bottle 2797,Fortune,26.12,bottle,Y,2026-10-05 06:00:00
PRD01799,CAT29,MTR Premium Fresh Box 2798,Ananda,14.37,1L,Y,2026-10-05 06:00:00
PRD01800,CAT22,Sunfeast Ultra Extra Carton 2799,Everest,8.43,250g,Y,2026-10-05 06:00:00
PRD01801,CAT03,Johnson's Classic Daily Jar 2800,Nivea,12.02,pcs,Y,2026-10-05 06:00:00
PRD01802,CAT28,Licious Family Pack Select Carton 2801,Gillette,40.39,pcs,Y,2026-10-05 06:00:00
PRD01803,CAT38,Rin Ultra  Carton 2802,Britannia,121.0,pcs,Y,2026-10-05 06:00:00
PRD01804,CAT14,Catch Organic Select Pack 2803,Clinic Plus,48.51,250g,Y,2026-10-05 06:00:00
PRD01805,CAT14,Thirumala Classic  Pack 2804,Fresho,21.2,pcs,Y,2026-10-05 06:00:00
PRD01806,CAT43,Colgate Family Pack Natural Item 2805,Colgate,55.16,500g,Y,2026-10-05 06:00:00
PRD01807,CAT11,Ariel Organic  Item 2806,Nestle,24.21,250g,Y,2026-10-05 06:00:00
PRD01808,CAT09,Dettol Ultra Select Pack 2807,Oleev,19.59,dozen,N,2026-10-05 06:00:00
PRD01809,CAT38,Johnson's Family Pack  Pack 2808,Gowardhan,12.95,pcs,Y,2026-10-05 06:00:00
PRD01810,CAT44,Pepsi Organic Fresh Pouch 2809,Coca-Cola,7.56,pcs,Y,2026-10-05 06:00:00
PRD01811,CAT06,Gillette Premium Fresh Carton 2810,Amul,25.77,pcs,Y,2026-10-05 06:00:00
PRD01812,CAT01,Ariel Ultra Extra Pouch 2811,Everest,42.19,250g,Y,2026-10-05 06:00:00
PRD01813,CAT25,Everest Family Pack Daily Item 2812,Saffola,33.55,pcs,Y,2026-10-05 06:00:00
PRD01814,CAT16,Ananda Premium  Box 2813,Everest,25.17,1L,Y,2026-10-05 06:00:00
PRD01815,CAT15,Colgate Family Pack  Jar 2814,Lay's,15.62,1L,Y,2026-10-05 06:00:00
PRD01816,CAT34,Weikfield Ultra Select Pack 2815,Godrej,63.27,pcs,N,2026-10-05 06:00:00
PRD01817,CAT17,Gillette Lite  Item 2816,Clinic Plus,11.19,pcs,Y,2026-10-05 06:00:00
PRD01818,CAT03,Saffola Ultra Extra Item 2817,Pampers,73.58,500g,Y,2026-10-05 06:00:00
PRD01819,CAT03,Nivea Regular Extra Pouch 2818,Oleev,14.85,pcs,Y,2026-10-05 06:00:00
PRD01820,CAT37,Vim Ultra Extra Jar 2819,Himalaya,18.59,pcs,Y,2026-10-05 06:00:00
PRD01821,CAT17,Heritage Classic Natural Pouch 2820,MDH,9.78,500g,Y,2026-10-05 06:00:00
PRD01822,CAT38,Catch Premium Fresh Pack 2821,Heritage,23.31,250g,Y,2026-10-05 06:00:00
PRD01823,CAT01,Ariel Premium  Box 2822,Licious,88.04,pcs,Y,2026-10-05 06:00:00
PRD01824,CAT07,Clinic Plus Gold Natural Pack 2823,Pedigree,58.21,1L,Y,2026-10-05 06:00:00
PRD01825,CAT26,Tata Ultra Natural Bottle 2824,Gillette,88.29,pcs,Y,2026-10-05 06:00:00
PRD01826,CAT39,Marico Regular  Box 2825,Pepsi,58.55,250g,Y,2026-10-05 06:00:00
PRD01827,CAT19,Himalaya Classic Daily Carton 2826,Weikfield,13.55,pack,Y,2026-10-05 06:00:00
PRD01828,CAT30,Marico Gold  Pouch 2827,Godrej,27.17,pack,Y,2026-10-05 06:00:00
PRD01829,CAT43,Saffola Gold Natural Carton 2828,Safal,18.13,500g,Y,2026-10-05 06:00:00
PRD01830,CAT14,Parle Ultra Fresh Jar 2829,Dove,121.21,1L,Y,2026-10-05 06:00:00
PRD01831,CAT13,Frooti Regular  Pouch 2830,Ananda,12.46,pack,Y,2026-10-05 06:00:00
PRD01832,CAT20,Ariel Regular  Item 2831,Dabur,81.8,pcs,Y,2026-10-05 06:00:00
PRD01833,CAT26,Maggi Ultra Natural Carton 2832,Nivea,81.75,1L,Y,2026-10-05 06:00:00
PRD01834,CAT27,Gillette Organic Natural Pack 2833,Haldiram's,189.93,pack,Y,2026-10-05 06:00:00
PRD01835,CAT25,Harpic Lite  Pouch 2834,Coca-Cola,25.31,500g,Y,2026-10-05 06:00:00
PRD01836,CAT09,Fortune Lite  Bottle 2835,Harpic,69.48,500g,Y,2026-10-05 06:00:00
PRD01837,CAT41,Clinic Plus Classic  Carton 2836,Frooti,285.28,250g,Y,2026-10-05 06:00:00
PRD01838,CAT12,Maggi Premium Extra Box 2837,Frooti,20.99,pcs,Y,2026-10-05 06:00:00
PRD01839,CAT10,Colgate Regular  Carton 2838,Parle,9.19,500g,Y,2026-10-05 06:00:00
PRD01840,CAT06,Rin Regular  Jar 2839,Amul,6.74,pcs,Y,2026-10-05 06:00:00
PRD01841,CAT34,Colgate Premium  Pack 2840,Clinic Plus,69.51,pcs,Y,2026-10-05 06:00:00
PRD01842,CAT41,Maggi Gold Daily Box 2841,Himalaya,6.72,pcs,Y,2026-10-05 06:00:00
PRD01843,CAT19,Maggi Lite  Item 2842,Ananda,26.18,500g,Y,2026-10-05 06:00:00
PRD01844,CAT06,Vim Classic  Item 2843,Sunpure,54.25,pcs,N,2026-10-05 06:00:00
PRD01845,CAT02,Oleev Family Pack Select Item 2844,Catch,43.24,1L,Y,2026-10-05 06:00:00
PRD01846,CAT15,Dabur Classic  Carton 2845,MDH,53.67,500g,Y,2026-10-05 06:00:00
PRD01847,CAT17,Weikfield Premium Extra Item 2846,Rin,44.7,pcs,Y,2026-10-05 06:00:00
PRD01848,CAT16,Safal Ultra  Item 2847,Pampers,115.7,pcs,Y,2026-10-05 06:00:00
PRD01849,CAT28,Colgate Premium  Carton 2848,Safal,15.53,pcs,Y,2026-10-05 06:00:00
PRD01850,CAT21,Surf Excel Lite Daily Pack 2849,Heritage,19.9,500g,Y,2026-10-05 06:00:00
PRD01851,CAT08,Weikfield Regular  Item 2850,Colgate,18.26,pcs,Y,2026-10-05 06:00:00
PRD01852,CAT10,Lay's Ultra Natural Box 2851,Johnson's,77.26,250g,Y,2026-10-05 06:00:00
PRD01853,CAT10,Coca-Cola Lite  Item 2852,Nivea,82.3,pcs,Y,2026-10-05 06:00:00
PRD01854,CAT10,Heritage Premium Daily Jar 2853,Amul,54.93,500g,Y,2026-10-05 06:00:00
PRD01855,CAT09,Dabur Ultra  Carton 2854,Sunfeast,106.18,250g,Y,2026-10-05 06:00:00
PRD01856,CAT28,Pampers Premium  Pack 2855,Close-Up,12.68,500g,Y,2026-10-05 06:00:00
PRD01857,CAT24,Safal Family Pack Natural Jar 2856,A2B,164.1,1L,Y,2026-10-05 06:00:00
PRD01858,CAT19,Ariel Gold Extra Jar 2857,Ananda,144.16,pack,Y,2026-10-05 06:00:00
PRD01859,CAT33,Harpic Gold Natural Bottle 2858,Pampers,70.96,pcs,Y,2026-10-05 06:00:00
PRD01860,CAT04,Vim Lite Daily Bottle 2859,Sudha,181.93,dozen,Y,2026-10-05 06:00:00
PRD01861,CAT03,Surf Excel Regular  Bottle 2860,Catch,8.24,bottle,Y,2026-10-05 06:00:00
PRD01862,CAT42,Surf Excel Gold Extra Carton 2861,Frooti,22.83,pcs,Y,2026-10-05 06:00:00
PRD01863,CAT12,MTR Ultra  Item 2862,Haldiram's,18.88,bottle,Y,2026-10-05 06:00:00
PRD01864,CAT18,Parle Family Pack  Bottle 2863,MDH,70.06,250g,Y,2026-10-05 06:00:00
PRD01865,CAT23,Himalaya Family Pack Fresh Jar 2864,Harpic,14.22,kg,Y,2026-10-05 06:00:00
PRD01866,CAT20,Thirumala Family Pack Daily Pouch 2865,Whiskas,72.37,250g,Y,2026-10-05 06:00:00
PRD01867,CAT06,Dettol Ultra Select Pack 2866,Frooti,125.65,250g,Y,2026-10-05 06:00:00
PRD01868,CAT34,Sunpure Classic Extra Jar 2867,Johnson's,68.42,pcs,Y,2026-10-05 06:00:00
PRD01869,CAT42,MTR Gold  Jar 2868,Rasna,47.25,500g,Y,2026-10-05 06:00:00
PRD01870,CAT02,Gillette Classic Select Bottle 2869,Harpic,15.04,pcs,Y,2026-10-05 06:00:00
PRD01871,CAT30,Pedigree Classic  Pack 2870,Dettol,17.08,pcs,Y,2026-10-05 06:00:00
PRD01872,CAT09,Bisleri Organic  Jar 2871,Nestle,112.69,dozen,Y,2026-10-05 06:00:00
PRD01873,CAT27,Fresho Gold  Box 2872,Godrej,73.8,pcs,Y,2026-10-05 06:00:00
PRD01874,CAT42,Dabur Regular Daily Pouch 2873,Amul,35.34,250g,Y,2026-10-05 06:00:00
PRD01875,CAT34,Sunpure Organic  Pack 2874,Fresho,25.13,pcs,Y,2026-10-05 06:00:00
PRD01876,CAT40,Thirumala Organic Extra Box 2875,MDH,5.91,pcs,Y,2026-10-05 06:00:00
PRD01877,CAT24,Saffola Ultra Select Box 2876,Clinic Plus,13.96,500g,Y,2026-10-05 06:00:00
PRD01878,CAT17,Close-Up Organic Extra Pouch 2877,Haldiram's,204.44,pcs,Y,2026-10-05 06:00:00
PRD01879,CAT29,ITC Gold Extra Item 2878,Vim,11.56,dozen,Y,2026-10-05 06:00:00
PRD01880,CAT36,Surf Excel Ultra Extra Bottle 2879,Heritage,43.4,pcs,Y,2026-10-05 06:00:00
PRD01881,CAT12,Fortune Gold  Item 2880,Whiskas,90.62,pcs,Y,2026-10-05 06:00:00
PRD01882,CAT31,Everest Premium  Bottle 2881,Bisleri,11.83,pcs,Y,2026-10-05 06:00:00
PRD01883,CAT09,Rasna Premium  Bottle 2882,Pampers,43.22,pcs,Y,2026-10-05 06:00:00
PRD01884,CAT19,Nivea Regular  Box 2883,Coca-Cola,85.13,pcs,Y,2026-10-05 06:00:00
PRD01885,CAT17,Lakme Classic  Jar 2884,Harpic,37.01,500g,Y,2026-10-05 06:00:00
PRD01886,CAT02,Saffola Family Pack Extra Pack 2885,Vim,483.75,500g,Y,2026-10-05 06:00:00
PRD01887,CAT40,Himalaya Family Pack Extra Pouch 2886,Gowardhan,8.15,pcs,N,2026-10-05 06:00:00
PRD01888,CAT05,Godrej Regular  Carton 2887,Marico,94.9,pcs,Y,2026-10-05 06:00:00
PRD01889,CAT39,Britannia Organic  Bottle 2888,Close-Up,31.33,pack,Y,2026-10-05 06:00:00
PRD01890,CAT16,Rin Regular Select Bottle 2889,Thirumala,73.31,500g,Y,2026-10-05 06:00:00
PRD01891,CAT17,Clinic Plus Premium  Pack 2890,Britannia,54.44,500g,Y,2026-10-05 06:00:00
PRD01892,CAT27,Johnson's Ultra  Bottle 2891,Whiskas,18.92,250g,Y,2026-10-05 06:00:00
PRD01893,CAT07,Vim Gold Fresh Jar 2892,Ananda,44.97,250g,Y,2026-10-05 06:00:00
PRD01894,CAT08,Gowardhan Family Pack  Pouch 2893,Fresho,6.87,250g,Y,2026-10-05 06:00:00
PRD01895,CAT08,Rasna Family Pack Extra Bottle 2894,Pedigree,62.99,pack,Y,2026-10-05 06:00:00
PRD01896,CAT23,Johnson's Gold  Bottle 2895,Safal,47.86,pcs,Y,2026-10-05 06:00:00
PRD01897,CAT32,Godrej Family Pack Select Pouch 2896,Parle,65.03,pcs,Y,2026-10-05 06:00:00
PRD01898,CAT43,Rasna Regular Fresh Box 2897,A2B,94.85,500g,Y,2026-10-05 06:00:00
PRD01899,CAT18,Tata Premium  Pack 2898,Huggies,50.95,pack,Y,2026-10-05 06:00:00
PRD01900,CAT38,Thirumala Regular Natural Carton 2899,Saffola,41.82,pcs,Y,2026-10-05 06:00:00
PRD01901,CAT12,Everest Premium Natural Bottle 2900,Himalaya,16.56,1L,Y,2026-10-05 06:00:00
PRD01902,CAT15,Harpic Organic Natural Box 2901,Huggies,19.28,250g,Y,2026-10-05 06:00:00
PRD01903,CAT28,Dettol Regular  Jar 2902,Sunpure,106.49,500g,N,2026-10-05 06:00:00
PRD01904,CAT38,Mother Dairy Lite Daily Jar 2903,Parle,133.31,pcs,N,2026-10-05 06:00:00
PRD01905,CAT31,Colgate Classic  Carton 2904,Patanjali,29.54,pcs,N,2026-10-05 06:00:00
PRD01906,CAT09,Colgate Classic Natural Pack 2905,Lay's,38.15,pcs,Y,2026-10-05 06:00:00
PRD01907,CAT08,Nestle Regular  Bottle 2906,Heritage,16.21,pcs,Y,2026-10-05 06:00:00
PRD01908,CAT19,Weikfield Organic Select Box 2907,Harpic,105.16,pcs,Y,2026-10-05 06:00:00
PRD01909,CAT08,Nestle Family Pack  Box 2908,Rin,66.61,250g,Y,2026-10-05 06:00:00
PRD01910,CAT34,Gowardhan Organic Natural Pouch 2909,Lakme,210.0,bottle,Y,2026-10-05 06:00:00
PRD01911,CAT04,Harpic Family Pack  Jar 2910,Surf Excel,16.6,1L,Y,2026-10-05 06:00:00
PRD01912,CAT31,Rasna Lite Natural Bottle 2911,Nivea,26.04,1L,Y,2026-10-05 06:00:00
PRD01913,CAT38,Whiskas Regular  Pouch 2912,Dabur,45.07,500g,Y,2026-10-05 06:00:00
PRD01914,CAT03,Colgate Regular Select Pack 2913,MDH,65.49,pcs,Y,2026-10-05 06:00:00
PRD01915,CAT35,Gillette Classic Daily Box 2914,Himalaya,30.14,pcs,Y,2026-10-05 06:00:00
PRD01916,CAT19,Godrej Premium Fresh Pouch 2915,Coca-Cola,16.68,pcs,Y,2026-10-05 06:00:00
PRD01917,CAT43,Bisleri Lite  Jar 2916,Nestle,80.9,250g,Y,2026-10-05 06:00:00
PRD01918,CAT29,Sunpure Classic Natural Box 2917,Saffola,70.04,dozen,Y,2026-10-05 06:00:00
PRD01919,CAT10,Aashirvaad Family Pack Select Pack 2918,Dove,16.04,500g,Y,2026-10-05 06:00:00
PRD01920,CAT12,Sunfeast Classic Fresh Pouch 2919,Rin,123.95,500g,Y,2026-10-05 06:00:00
PRD01921,CAT30,Sudha Ultra Select Jar 2920,Marico,104.92,500g,N,2026-10-05 06:00:00
PRD01922,CAT30,Pampers Regular Daily Bottle 2921,Ananda,41.3,500g,Y,2026-10-05 06:00:00
PRD01923,CAT18,Bisleri Ultra Extra Jar 2922,Aashirvaad,39.32,1L,Y,2026-10-05 06:00:00
PRD01924,CAT24,Saffola Gold  Jar 2923,Marico,60.26,250g,Y,2026-10-05 06:00:00
PRD01925,CAT32,MDH Gold Extra Pack 2924,Clinic Plus,16.85,250g,Y,2026-10-05 06:00:00
PRD01926,CAT09,Weikfield Family Pack Fresh Jar 2925,Licious,37.6,1L,Y,2026-10-05 06:00:00
PRD01927,CAT24,Pampers Organic  Pouch 2926,Nivea,5.27,500g,Y,2026-10-05 06:00:00
PRD01928,CAT26,Dabur Regular Extra Pack 2927,Johnson's,80.54,kg,Y,2026-10-05 06:00:00
PRD01929,CAT03,Mother Dairy Gold Fresh Carton 2928,Dettol,8.98,250g,Y,2026-10-05 06:00:00
PRD01930,CAT23,Vim Organic Natural Carton 2929,Oleev,141.61,500g,Y,2026-10-05 06:00:00
PRD01931,CAT11,Thirumala Classic Daily Carton 2930,ITC,27.19,500g,Y,2026-10-05 06:00:00
PRD01932,CAT10,Dettol Ultra Fresh Jar 2931,Sudha,30.25,pack,N,2026-10-05 06:00:00
PRD01933,CAT36,Coca-Cola Ultra Daily Bottle 2932,Saffola,20.8,500g,Y,2026-10-05 06:00:00
PRD01934,CAT13,Mother Dairy Classic  Pack 2933,Johnson's,28.24,500g,Y,2026-10-05 06:00:00
PRD01935,CAT29,Nestle Lite Fresh Bottle 2934,Safal,131.19,pcs,Y,2026-10-05 06:00:00
PRD01936,CAT38,Gillette Organic Select Jar 2935,Thirumala,3.9,pack,Y,2026-10-05 06:00:00
PRD01937,CAT13,Fresho Premium Daily Pack 2936,Mother Dairy,115.5,500g,N,2026-10-05 06:00:00
PRD01938,CAT26,ITC Gold  Box 2937,Thirumala,49.61,1L,Y,2026-10-05 06:00:00
PRD01939,CAT20,Ananda Ultra  Jar 2938,Sunpure,12.35,bottle,Y,2026-10-05 06:00:00
PRD01940,CAT05,Sunpure Premium Extra Carton 2939,Aashirvaad,13.9,kg,N,2026-10-05 06:00:00
PRD01941,CAT20,Nestle Premium  Box 2940,Maggi,165.46,pack,Y,2026-10-05 06:00:00
PRD01942,CAT14,Nivea Ultra  Bottle 2941,Pedigree,15.63,pcs,Y,2026-10-05 06:00:00
PRD01943,CAT14,Fresho Regular  Bottle 2942,Pedigree,12.96,500g,Y,2026-10-05 06:00:00
PRD01944,CAT08,Thirumala Gold Daily Item 2943,Johnson's,101.86,pcs,Y,2026-10-05 06:00:00
PRD01945,CAT13,Huggies Classic Fresh Bottle 2944,Close-Up,49.64,pcs,N,2026-10-05 06:00:00
PRD01946,CAT24,Licious Classic Daily Pouch 2945,Sudha,15.73,bottle,Y,2026-10-05 06:00:00
PRD01947,CAT15,Surf Excel Regular Natural Carton 2946,Colgate,44.48,bottle,Y,2026-10-05 06:00:00
PRD01948,CAT01,Ariel Organic Daily Bottle 2947,Godrej,14.54,500g,Y,2026-10-05 06:00:00
PRD01949,CAT22,Patanjali Gold  Pack 2948,Colgate,98.57,pcs,Y,2026-10-05 06:00:00
PRD01950,CAT34,Patanjali Ultra Extra Bottle 2949,Vim,95.13,pcs,Y,2026-10-05 06:00:00
PRD01951,CAT40,Godrej Premium Extra Pouch 2950,Parle,59.07,500g,Y,2026-10-05 06:00:00
PRD01952,CAT03,MTR Classic Natural Pouch 2951,Licious,50.68,pcs,Y,2026-10-05 06:00:00
PRD01953,CAT26,Vim Family Pack Daily Box 2952,Himalaya,178.59,1L,Y,2026-10-05 06:00:00
PRD01954,CAT14,Licious Gold Natural Bottle 2953,Britannia,36.59,1L,Y,2026-10-05 06:00:00
PRD01955,CAT41,MDH Regular Fresh Item 2954,Clinic Plus,12.63,bottle,Y,2026-10-05 06:00:00
PRD01956,CAT08,MTR Foods Premium  Jar 2955,Aashirvaad,54.85,pcs,Y,2026-10-05 06:00:00
PRD01957,CAT16,Safal Lite Fresh Pouch 2956,MTR Foods,239.23,500g,Y,2026-10-05 06:00:00
PRD01958,CAT42,Gowardhan Ultra Natural Carton 2957,Dove,14.68,pack,Y,2026-10-05 06:00:00
PRD01959,CAT21,Rasna Classic Daily Carton 2958,Britannia,26.43,500g,Y,2026-10-05 06:00:00
PRD01960,CAT10,Rin Organic  Bottle 2959,Saffola,53.24,pcs,N,2026-10-05 06:00:00
PRD01961,CAT25,Safal Ultra Fresh Item 2960,MTR Foods,34.87,pcs,Y,2026-10-05 06:00:00
PRD01962,CAT38,Heritage Lite Fresh Pack 2961,MTR,15.12,pack,Y,2026-10-05 06:00:00
PRD01963,CAT22,A2B Gold Extra Jar 2962,Rasna,100.45,250g,Y,2026-10-05 06:00:00
PRD01964,CAT04,Parle Organic  Box 2963,Amul,295.31,bottle,Y,2026-10-05 06:00:00
PRD01965,CAT04,A2B Classic Extra Bottle 2964,Oleev,43.66,pcs,Y,2026-10-05 06:00:00
PRD01966,CAT30,Everest Organic Natural Jar 2965,Ananda,16.22,250g,Y,2026-10-05 06:00:00
PRD01967,CAT02,Vim Classic  Jar 2966,Thirumala,9.08,1L,Y,2026-10-05 06:00:00
PRD01968,CAT29,Godrej Classic Natural Bottle 2967,Sudha,46.16,pcs,Y,2026-10-05 06:00:00
PRD01969,CAT43,Nivea Regular Extra Jar 2968,Johnson's,98.84,dozen,Y,2026-10-05 06:00:00
PRD01970,CAT36,Nestle Premium  Jar 2969,Fortune,56.13,1L,Y,2026-10-05 06:00:00
PRD01971,CAT21,Rin Gold  Bottle 2970,Marico,36.52,bottle,Y,2026-10-05 06:00:00
PRD01972,CAT21,Dabur Ultra Natural Pouch 2971,Ariel,21.53,pack,N,2026-10-05 06:00:00
PRD01973,CAT21,Dove Classic  Pack 2972,Rasna,13.7,pcs,Y,2026-10-05 06:00:00
PRD01974,CAT04,Pedigree Gold Select Carton 2973,ITC,77.58,500g,Y,2026-10-05 06:00:00
PRD01975,CAT01,Parle Family Pack Extra Carton 2974,Sunfeast,83.3,500g,Y,2026-10-05 06:00:00
PRD01976,CAT26,Everest Gold Fresh Pack 2975,Catch,9.11,250g,Y,2026-10-05 06:00:00
PRD01977,CAT02,Rasna Regular Fresh Pack 2976,Rin,153.06,1L,Y,2026-10-05 06:00:00
PRD01978,CAT09,Dove Organic Natural Pack 2977,Ananda,61.35,250g,Y,2026-10-05 06:00:00
PRD01979,CAT18,Bisleri Organic Daily Item 2978,Marico,128.98,pcs,Y,2026-10-05 06:00:00
PRD01980,CAT42,Nestle Lite  Bottle 2979,Haldiram's,10.94,250g,N,2026-10-05 06:00:00
PRD01981,CAT41,Dabur Ultra  Item 2980,MTR,10.71,pcs,Y,2026-10-05 06:00:00
PRD01982,CAT11,Bisleri Organic Fresh Pack 2981,Frooti,32.01,pcs,Y,2026-10-05 06:00:00
PRD01983,CAT25,Dove Regular  Pouch 2982,Everest,57.54,pack,Y,2026-10-05 06:00:00
PRD01984,CAT26,Surf Excel Premium Select Carton 2983,Dabur,184.33,pcs,Y,2026-10-05 06:00:00
PRD01985,CAT36,Safal Family Pack Extra Item 2984,Whiskas,69.09,pcs,Y,2026-10-05 06:00:00
PRD01986,CAT42,Fortune Lite Daily Carton 2985,Oleev,29.42,pcs,Y,2026-10-05 06:00:00
PRD01987,CAT35,Heritage Ultra Fresh Jar 2986,Haldiram's,14.53,500g,Y,2026-10-05 06:00:00
PRD01988,CAT38,Gillette Organic  Bottle 2987,Pampers,110.72,pcs,Y,2026-10-05 06:00:00
PRD01989,CAT03,Sunpure Lite Daily Carton 2988,Godrej,15.36,250g,Y,2026-10-05 06:00:00
PRD01990,CAT41,Himalaya Lite Select Pack 2989,Haldiram's,158.48,250g,Y,2026-10-05 06:00:00
PRD01991,CAT35,Dettol Gold  Box 2990,Aashirvaad,28.33,pcs,Y,2026-10-05 06:00:00
PRD01992,CAT40,Godrej Lite Extra Pack 2991,Gowardhan,153.17,500g,Y,2026-10-05 06:00:00
PRD01993,CAT22,MTR Family Pack  Item 2992,Dove,67.43,pcs,Y,2026-10-05 06:00:00
PRD01994,CAT08,Close-Up Gold Natural Jar 2993,Heritage,32.35,250g,Y,2026-10-05 06:00:00
PRD01995,CAT15,Bisleri Lite Select Jar 2994,Godrej,22.93,500g,Y,2026-10-05 06:00:00
PRD01996,CAT07,Vim Ultra  Item 2995,Close-Up,26.93,pcs,Y,2026-10-05 06:00:00
PRD01997,CAT19,Johnson's Premium  Box 2996,Godrej,53.81,pcs,Y,2026-10-05 06:00:00
PRD01998,CAT40,Mother Dairy Family Pack Natural Pouch 2997,Safal,39.23,pcs,Y,2026-10-05 06:00:00
PRD01999,CAT42,Weikfield Premium  Box 2998,Whiskas,21.45,250g,Y,2026-10-05 06:00:00
PRD02000,CAT17,Whiskas Organic Fresh Bottle 2999,Nivea,31.53,pcs,Y,2026-10-05 06:00:00
PRD02001,CAT01,Weikfield Regular  Pouch 3000,Thirumala,39.28,pcs,Y,2026-10-05 06:00:00
PRD02002,CAT99,Britannia Gold Fresh Pack 3001,Everest,5.39,pcs,N,2026-10-05 06:00:00
PRD02003,CAT13,Whiskas Family Pack Natural Bottle 3002,Huggies,55.28,kg,Y,2026-10-05 06:00:00
PRD02004,CAT29,Maggi Classic Natural Jar 3003,Everest,15.15,250g,Y,2026-10-05 06:00:00
PRD02005,CAT41,Pedigree Organic  Box 3004,Tata,12.96,pcs,Y,2026-10-05 06:00:00
PRD02006,CAT42,Surf Excel Regular  Pack 3005,Weikfield,8.02,pcs,Y,2026-10-05 06:00:00
PRD02007,CAT06,Gillette Ultra Natural Bottle 3006,Patanjali,7.28,pack,Y,2026-10-05 06:00:00
PRD02008,CAT05,Himalaya Ultra Fresh Pouch 3007,Dabur,10.81,pcs,Y,2026-10-05 06:00:00
PRD02009,CAT34,Parle Organic  Box 3008,Dettol,19.33,dozen,Y,2026-10-05 06:00:00
PRD02010,CAT11,Everest Family Pack  Pouch 3009,MTR,212.29,pcs,Y,2026-10-05 06:00:00
PRD02011,CAT09,Sunpure Family Pack  Pack 3010,Dettol,22.8,pcs,N,2026-10-05 06:00:00
PRD02012,CAT38,Lay's Premium Daily Pack 3011,Surf Excel,42.95,250g,Y,2026-10-05 06:00:00
PRD02013,CAT40,Britannia Family Pack Fresh Pack 3012,Heritage,0.0,1L,Y,2026-10-05 06:00:00
PRD02014,CAT41,MDH Family Pack Select Item 3013,Sudha,41.18,dozen,Y,2026-10-05 06:00:00
PRD02015,CAT09,Fresho Family Pack  Bottle 3014,Catch,34.13,pack,Y,2026-10-05 06:00:00
PRD02016,CAT08,Sunfeast Family Pack Extra Bottle 3015,Oleev,12.48,500g,Y,2026-10-05 06:00:00
PRD02017,CAT44,Surf Excel Gold  Box 3016,Nivea,135.08,250g,Y,2026-10-05 06:00:00
PRD02018,CAT40,Dove Lite Fresh Pack 3017,Parle,186.14,pack,Y,2026-10-05 06:00:00
PRD02019,CAT03,Thirumala Gold Fresh Pouch 3018,Ananda,8.05,500g,Y,2026-10-05 06:00:00
PRD02020,CAT13,Fresho Lite  Pouch 3019,Licious,14.56,pcs,Y,2026-10-05 06:00:00
PRD02021,CAT19,Oleev Gold Select Item 3020,Marico,28.45,pcs,Y,2026-10-05 06:00:00
PRD02022,CAT34,Mother Dairy Family Pack  Box 3021,Coca-Cola,15.36,pcs,Y,2026-10-05 06:00:00
PRD02023,CAT32,Nestle Ultra  Bottle 3022,Close-Up,57.71,pack,Y,2026-10-05 06:00:00
PRD02024,CAT16,MTR Classic Natural Pack 3023,Dettol,19.0,500g,Y,2026-10-05 06:00:00
PRD02025,CAT36,Nestle Classic Extra Carton 3024,MTR Foods,256.86,pcs,Y,2026-10-05 06:00:00
PRD02026,CAT18,MDH Family Pack Extra Jar 3025,MDH,106.86,pack,Y,2026-10-05 06:00:00
PRD02027,CAT14,ITC Premium Natural Item 3026,Everest,44.31,pcs,Y,2026-10-05 06:00:00
PRD02028,CAT30,MTR Foods Family Pack Natural Jar 3027,Dettol,92.23,1L,Y,2026-10-05 06:00:00
PRD02029,CAT02,Catch Gold Daily Carton 3028,Surf Excel,99.02,bottle,Y,2026-10-05 06:00:00
PRD02030,CAT13,Tata Ultra Natural Carton 3029,Whiskas,22.03,500g,Y,2026-10-05 06:00:00
PRD02031,CAT27,Tata Classic Select Item 3030,Pepsi,17.56,pcs,Y,2026-10-05 06:00:00
PRD02032,CAT17,Bisleri Ultra  Pack 3031,Pampers,39.26,500g,Y,2026-10-05 06:00:00
PRD02033,CAT31,Oleev Organic  Item 3032,Pedigree,79.48,250g,Y,2026-10-05 06:00:00
PRD02034,CAT15,Sunpure Lite  Bottle 3033,Mother Dairy,41.48,500g,Y,2026-10-05 06:00:00
PRD02035,CAT20,Oleev Organic Fresh Jar 3034,Johnson's,8.85,pcs,Y,2026-10-05 06:00:00
PRD02036,CAT05,Saffola Gold  Box 3035,Nestle,17.77,pcs,Y,2026-10-05 06:00:00
PRD02037,CAT07,Gillette Organic Fresh Jar 3036,Pepsi,34.24,250g,Y,2026-10-05 06:00:00
PRD02038,CAT18,Nivea Gold Natural Jar 3037,Dettol,34.19,500g,Y,2026-10-05 06:00:00
PRD02039,CAT11,Harpic Regular Daily Bottle 3038,A2B,216.0,250g,Y,2026-10-05 06:00:00
PRD02040,CAT32,Rin Organic Extra Box 3039,Godrej,10.51,1L,Y,2026-10-05 06:00:00
PRD02041,CAT27,Huggies Organic  Carton 3040,Colgate,57.69,1L,Y,2026-10-05 06:00:00
PRD02042,CAT26,Vim Regular  Bottle 3041,Parle,139.8,bottle,Y,2026-10-05 06:00:00
PRD02043,CAT37,Marico Organic  Item 3042,Clinic Plus,282.68,pcs,Y,2026-10-05 06:00:00
PRD02044,CAT28,Whiskas Regular Extra Jar 3043,MTR Foods,25.43,pcs,Y,2026-10-05 06:00:00
PRD02045,CAT02,Fortune Gold Extra Pouch 3044,Colgate,56.96,1L,Y,2026-10-05 06:00:00
PRD02046,CAT20,Marico Classic Fresh Bottle 3045,Surf Excel,61.12,pcs,Y,2026-10-05 06:00:00
PRD02047,CAT04,Vim Classic Extra Box 3046,ITC,43.64,1L,Y,2026-10-05 06:00:00
PRD02048,CAT13,Lay's Gold Fresh Carton 3047,Licious,33.48,dozen,Y,2026-10-05 06:00:00
PRD02049,CAT24,Mother Dairy Organic Fresh Pouch 3048,ITC,54.18,bottle,Y,2026-10-05 06:00:00
PRD02050,CAT38,Tata Classic  Pouch 3049,ITC,3.75,1L,Y,2026-10-05 06:00:00
PRD02051,CAT40,Harpic Organic Select Item 3050,Nestle,67.62,bottle,Y,2026-10-05 06:00:00
PRD02052,CAT29,Clinic Plus Ultra Natural Box 3051,Pepsi,41.0,pcs,Y,2026-10-05 06:00:00
PRD02053,CAT36,Ariel Classic  Item 3052,Gillette,29.96,500g,Y,2026-10-05 06:00:00
PRD02054,CAT02,Everest Family Pack  Carton 3053,MTR Foods,230.94,500g,Y,2026-10-05 06:00:00
PRD02055,CAT41,Pepsi Organic  Item 3054,Surf Excel,19.94,pcs,Y,2026-10-05 06:00:00
PRD02056,CAT18,Dettol Ultra Natural Pouch 3055,Ananda,25.46,pcs,Y,2026-10-05 06:00:00
PRD02057,CAT08,Catch Family Pack Extra Pouch 3056,Lay's,219.73,bottle,Y,2026-10-05 06:00:00
PRD02058,CAT15,Sudha Ultra Natural Carton 3057,Coca-Cola,17.31,250g,Y,2026-10-05 06:00:00
PRD02059,CAT41,Sudha Gold Daily Pack 3058,Patanjali,22.31,1L,Y,2026-10-05 06:00:00
PRD02060,CAT17,Dove Ultra  Bottle 3059,Bisleri,32.06,pcs,Y,2026-10-05 06:00:00
PRD02061,CAT23,Pampers Premium  Bottle 3060,Catch,78.0,500g,Y,2026-10-05 06:00:00
PRD02062,CAT02,Surf Excel Premium  Jar 3061,Clinic Plus,44.12,kg,Y,2026-10-05 06:00:00
PRD02063,CAT06,Close-Up Family Pack Select Carton 3062,A2B,11.43,1L,Y,2026-10-05 06:00:00
PRD02064,CAT29,Weikfield Family Pack Fresh Pouch 3063,Sunpure,22.67,1L,Y,2026-10-05 06:00:00
PRD02065,CAT27,Heritage Regular Select Carton 3064,MTR Foods,21.19,bottle,Y,2026-10-05 06:00:00
PRD02066,CAT37,Colgate Classic  Pack 3065,Tata,34.14,1L,Y,2026-10-05 06:00:00
PRD02067,CAT34,Amul Lite  Carton 3066,Nivea,53.69,1L,Y,2026-10-05 06:00:00
PRD02068,CAT18,Nestle Lite  Pack 3067,Coca-Cola,53.32,pcs,Y,2026-10-05 06:00:00
PRD02069,CAT42,Close-Up Gold Daily Bottle 3068,MTR,7.4,500g,Y,2026-10-05 06:00:00
PRD02070,CAT10,Thirumala Lite  Box 3069,Thirumala,95.35,250g,Y,2026-10-05 06:00:00
PRD02071,CAT38,Oleev Family Pack  Bottle 3070,Haldiram's,45.94,pcs,Y,2026-10-05 06:00:00
PRD02072,CAT44,Vim Premium  Pack 3071,Britannia,127.24,1L,Y,2026-10-05 06:00:00
PRD02073,CAT17,Fresho Gold Extra Bottle 3072,Huggies,54.59,pcs,Y,2026-10-05 06:00:00
PRD02074,CAT13,Close-Up Premium Extra Pouch 3073,Fresho,98.61,pcs,Y,2026-10-05 06:00:00
PRD02075,CAT42,Mother Dairy Lite Fresh Pouch 3074,Nestle,55.7,500g,Y,2026-10-05 06:00:00
PRD02076,CAT27,Thirumala Organic  Box 3075,Pepsi,122.93,pcs,Y,2026-10-05 06:00:00
PRD02077,CAT02,Amul Classic Select Bottle 3076,Parle,58.56,bottle,Y,2026-10-05 06:00:00
PRD02078,CAT34,Sunpure Family Pack Fresh Item 3077,Aashirvaad,33.51,pcs,Y,2026-10-05 06:00:00
PRD02079,CAT31,Gillette Organic Extra Pouch 3078,Harpic,282.93,1L,Y,2026-10-05 06:00:00
PRD02080,CAT23,Ariel Family Pack Daily Jar 3079,Tata,81.46,pcs,Y,2026-10-05 06:00:00
PRD02081,CAT07,Tata Premium Select Pouch 3080,Weikfield,61.34,pcs,Y,2026-10-05 06:00:00
PRD02082,CAT38,Parle Classic Fresh Jar 3081,Thirumala,11.6,500g,Y,2026-10-05 06:00:00
PRD02083,CAT33,Dettol Family Pack  Bottle 3082,Marico,11.48,bottle,Y,2026-10-05 06:00:00
PRD02084,CAT12,Lakme Regular Extra Jar 3083,Johnson's,47.63,500g,Y,2026-10-05 06:00:00
PRD02085,CAT12,Vim Premium  Box 3084,Safal,41.72,pack,Y,2026-10-05 06:00:00
PRD02086,CAT19,Catch Lite Extra Box 3085,Haldiram's,21.06,pcs,Y,2026-10-05 06:00:00
PRD02087,CAT09,Rin Lite Daily Pouch 3086,Rin,41.55,pcs,Y,2026-10-05 06:00:00
PRD02088,CAT10,Safal Regular Extra Pack 3087,Maggi,152.9,250g,Y,2026-10-05 06:00:00
PRD02089,CAT17,Licious Ultra Select Bottle 3088,Bisleri,68.43,500g,Y,2026-10-05 06:00:00
PRD02090,CAT40,Thirumala Regular Extra Carton 3089,Pepsi,13.11,500g,Y,2026-10-05 06:00:00
PRD02091,CAT39,Sunpure Gold Daily Box 3090,Everest,33.1,pcs,Y,2026-10-05 06:00:00
PRD02092,CAT41,Frooti Classic Extra Pack 3091,Amul,17.73,pcs,Y,2026-10-05 06:00:00
PRD02093,CAT10,Pepsi Lite  Pouch 3092,Surf Excel,25.82,500g,Y,2026-10-05 06:00:00
PRD02094,CAT12,Gillette Classic Select Bottle 3093,Whiskas,25.22,bottle,Y,2026-10-05 06:00:00
PRD02095,CAT15,Colgate Lite Daily Pouch 3094,Sudha,23.81,pcs,Y,2026-10-05 06:00:00
PRD02096,CAT31,Tata Premium Natural Box 3095,Ananda,11.83,kg,Y,2026-10-05 06:00:00
PRD02097,CAT15,Sunfeast Gold  Carton 3096,Tata,32.63,pcs,Y,2026-10-05 06:00:00
PRD02098,CAT28,A2B Premium  Box 3097,Patanjali,22.1,500g,Y,2026-10-05 06:00:00
PRD02099,CAT04,Vim Classic Daily Item 3098,Sunpure,3.0,pcs,Y,2026-10-05 06:00:00
PRD02100,CAT36,Johnson's Lite Extra Box 3099,Rin,232.22,500g,Y,2026-10-05 06:00:00
PRD02101,CAT01,Haldiram's Regular  Carton 3100,Patanjali,97.5,pcs,Y,2026-10-05 06:00:00
PRD02102,CAT44,Licious Ultra  Carton 3101,Maggi,26.08,pcs,Y,2026-10-05 06:00:00
PRD02103,CAT34,Frooti Classic  Bottle 3102,Maggi,37.22,dozen,Y,2026-10-05 06:00:00
PRD02104,CAT17,Sudha Family Pack  Item 3103,Bisleri,12.75,250g,Y,2026-10-05 06:00:00
PRD02105,CAT39,Ananda Classic  Pouch 3104,Saffola,168.37,250g,Y,2026-10-05 06:00:00
PRD02106,CAT38,Harpic Gold  Carton 3105,Catch,201.86,pcs,Y,2026-10-05 06:00:00
PRD02107,CAT44,Patanjali Regular  Jar 3106,MTR Foods,42.14,kg,Y,2026-10-05 06:00:00
PRD02108,CAT33,Himalaya Family Pack Extra Jar 3107,Godrej,91.94,500g,Y,2026-10-05 06:00:00
PRD02109,CAT21,A2B Classic  Jar 3108,Marico,42.85,pack,Y,2026-10-05 06:00:00
PRD02110,CAT26,MTR Regular  Item 3109,Tata,10.99,pcs,Y,2026-10-05 06:00:00
PRD02111,CAT36,Sunpure Lite Extra Bottle 3110,MDH,25.26,pcs,N,2026-10-05 06:00:00
PRD02112,CAT05,Oleev Premium Daily Carton 3111,Britannia,41.21,dozen,Y,2026-10-05 06:00:00
PRD02113,CAT33,Sudha Family Pack Natural Box 3112,Rin,24.31,500g,Y,2026-10-05 06:00:00
PRD02114,CAT01,Whiskas Gold  Box 3113,Gowardhan,30.06,bottle,Y,2026-10-05 06:00:00
PRD02115,CAT06,MTR Organic Natural Jar 3114,Parle,33.71,pcs,Y,2026-10-05 06:00:00
PRD02116,CAT37,Weikfield Lite  Carton 3115,Pepsi,34.03,500g,Y,2026-10-05 06:00:00
PRD02117,CAT02,Saffola Organic Daily Pack 3116,Thirumala,38.36,pack,Y,2026-10-05 06:00:00
PRD02118,CAT05,Sudha Organic Select Bottle 3117,Amul,14.09,1L,Y,2026-10-05 06:00:00
PRD02119,CAT26,Fresho Family Pack Natural Item 3118,Amul,19.2,250g,Y,2026-10-05 06:00:00
PRD02120,CAT41,Rin Gold  Jar 3119,Frooti,11.52,pcs,Y,2026-10-05 06:00:00
PRD02121,CAT13,Sudha Classic  Box 3120,MDH,88.24,pcs,Y,2026-10-05 06:00:00
PRD02122,CAT12,Parle Organic  Bottle 3121,Everest,5.5,pcs,Y,2026-10-05 06:00:00
PRD02123,CAT05,Tata Organic  Jar 3122,Harpic,103.36,500g,Y,2026-10-05 06:00:00
PRD02124,CAT02,MTR Foods Gold  Jar 3123,Lay's,127.45,pack,Y,2026-10-05 06:00:00
PRD02125,CAT04,MDH Ultra Select Bottle 3124,Fortune,27.88,500g,Y,2026-10-05 06:00:00
PRD02126,CAT27,Licious Ultra Natural Box 3125,Lakme,3.52,1L,Y,2026-10-05 06:00:00
PRD02127,CAT10,Amul Ultra  Jar 3126,Coca-Cola,26.44,pack,Y,2026-10-05 06:00:00
PRD02128,CAT13,Bisleri Family Pack Daily Pouch 3127,A2B,34.54,pcs,Y,2026-10-05 06:00:00
PRD02129,CAT44,Lakme Family Pack Natural Carton 3128,MDH,14.74,bottle,Y,2026-10-05 06:00:00
PRD02130,CAT02,Ananda Organic Daily Box 3129,Frooti,23.02,kg,Y,2026-10-05 06:00:00
PRD02131,CAT26,Dove Premium Natural Bottle 3130,Sunfeast,145.06,pcs,Y,2026-10-05 06:00:00
PRD02132,CAT15,Catch Gold Fresh Pack 3131,Dabur,66.58,pcs,Y,2026-10-05 06:00:00
PRD02133,CAT10,Dove Ultra Natural Carton 3132,Dettol,15.93,pcs,Y,2026-10-05 06:00:00
PRD02134,CAT22,Marico Gold  Item 3133,Marico,8.69,250g,Y,2026-10-05 06:00:00
PRD02135,CAT40,Licious Ultra Daily Carton 3134,Godrej,27.27,pcs,Y,2026-10-05 06:00:00
PRD02136,CAT25,Oleev Ultra Select Pouch 3135,Oleev,30.2,250g,Y,2026-10-05 06:00:00
PRD02137,CAT15,Surf Excel Premium Natural Box 3136,Ananda,57.2,500g,Y,2026-10-05 06:00:00
PRD02138,CAT13,Marico Regular  Item 3137,Dabur,22.61,pack,Y,2026-10-05 06:00:00
PRD02139,CAT08,Saffola Classic Extra Box 3138,Pepsi,57.99,pack,Y,2026-10-05 06:00:00
PRD02140,CAT21,Huggies Premium Extra Box 3139,Rin,208.85,kg,Y,2026-10-05 06:00:00
PRD02141,CAT21,Mother Dairy Lite Natural Box 3140,Parle,76.24,pcs,Y,2026-10-05 06:00:00
PRD02142,CAT22,Himalaya Gold Select Pouch 3141,Colgate,35.05,pcs,Y,2026-10-05 06:00:00
PRD02143,CAT33,Everest Lite  Box 3142,Colgate,31.04,pcs,Y,2026-10-05 06:00:00
PRD02144,CAT27,Pedigree Lite Natural Bottle 3143,Close-Up,26.55,500g,Y,2026-10-05 06:00:00
PRD02145,CAT40,Harpic Gold Select Carton 3144,Surf Excel,105.91,500g,Y,2026-10-05 06:00:00
PRD02146,CAT22,Dettol Classic  Item 3145,MTR,20.81,dozen,Y,2026-10-05 06:00:00
PRD02147,CAT30,Vim Gold Extra Pack 3146,Coca-Cola,38.12,pack,Y,2026-10-05 06:00:00
PRD02148,CAT09,Rin Classic Natural Jar 3147,Nivea,38.32,pcs,Y,2026-10-05 06:00:00
PRD02149,CAT35,Pedigree Organic Select Carton 3148,Whiskas,23.3,pack,Y,2026-10-05 06:00:00
PRD02150,CAT18,Godrej Family Pack Select Bottle 3149,MTR Foods,10.64,pcs,Y,2026-10-05 06:00:00
PRD02151,CAT42,Frooti Family Pack Select Carton 3150,Fortune,48.94,pcs,Y,2026-10-05 06:00:00
PRD02152,CAT05,Coca-Cola Gold  Bottle 3151,Tata,34.64,pack,Y,2026-10-05 06:00:00
PRD02153,CAT27,MDH Family Pack  Jar 3152,Amul,57.41,dozen,Y,2026-10-05 06:00:00
PRD02154,CAT06,Whiskas Classic Daily Bottle 3153,Gillette,22.64,pcs,Y,2026-10-05 06:00:00
PRD02155,CAT32,Close-Up Premium  Pouch 3154,Coca-Cola,109.81,pack,Y,2026-10-05 06:00:00
PRD02156,CAT08,MTR Classic Select Item 3155,Clinic Plus,16.62,pack,Y,2026-10-05 06:00:00
PRD02157,CAT39,Surf Excel Regular Fresh Item 3156,Huggies,170.86,pcs,Y,2026-10-05 06:00:00
PRD02158,CAT21,Pedigree Gold  Box 3157,Himalaya,7.59,pcs,Y,2026-10-05 06:00:00
PRD02159,CAT18,Colgate Regular Fresh Box 3158,Ananda,54.12,250g,Y,2026-10-05 06:00:00
PRD02160,CAT14,Gillette Premium  Pack 3159,Johnson's,56.14,pack,Y,2026-10-05 06:00:00
PRD02161,CAT15,Ananda Organic  Box 3160,Pedigree,17.89,500g,Y,2026-10-05 06:00:00
PRD02162,CAT42,Licious Ultra Daily Pack 3161,Harpic,53.62,pcs,Y,2026-10-05 06:00:00
PRD02163,CAT26,Heritage Family Pack  Item 3162,Frooti,115.77,1L,Y,2026-10-05 06:00:00
PRD02164,CAT44,Johnson's Regular  Carton 3163,Colgate,4.98,250g,Y,2026-10-05 06:00:00
PRD02165,CAT32,Britannia Organic Extra Pouch 3164,Heritage,57.54,500g,Y,2026-10-05 06:00:00
PRD02166,CAT39,Colgate Family Pack Natural Carton 3165,Pepsi,3.88,pcs,Y,2026-10-05 06:00:00
PRD02167,CAT28,Gowardhan Family Pack  Carton 3166,Gillette,15.35,pack,Y,2026-10-05 06:00:00
PRD02168,CAT39,Maggi Family Pack Extra Jar 3167,Nestle,158.58,1L,Y,2026-10-05 06:00:00
PRD02169,CAT43,Rin Gold Natural Item 3168,Haldiram's,21.68,bottle,N,2026-10-05 06:00:00
PRD02170,CAT32,Sudha Organic Select Pack 3169,Marico,12.72,kg,Y,2026-10-05 06:00:00
PRD02171,CAT13,Fresho Organic Natural Pouch 3170,Everest,30.63,pack,N,2026-10-05 06:00:00
PRD02172,CAT15,Britannia Family Pack Fresh Jar 3171,Lakme,235.36,kg,Y,2026-10-05 06:00:00
PRD02173,CAT18,Dove Gold  Pouch 3172,MTR,7.04,kg,Y,2026-10-05 06:00:00
PRD02174,CAT39,Marico Ultra  Jar 3173,Oleev,14.21,1L,N,2026-10-05 06:00:00
PRD02175,CAT06,Johnson's Classic Daily Pouch 3174,Close-Up,140.85,250g,N,2026-10-05 06:00:00
PRD02176,CAT11,Pampers Premium Daily Carton 3175,Tata,194.79,250g,Y,2026-10-05 06:00:00
PRD02177,CAT32,Close-Up Premium  Jar 3176,MTR,33.35,1L,Y,2026-10-05 06:00:00
PRD02178,CAT40,Pampers Gold  Box 3177,Weikfield,12.0,pcs,Y,2026-10-05 06:00:00
PRD02179,CAT20,Ananda Lite Daily Carton 3178,Godrej,241.35,500g,Y,2026-10-05 06:00:00
PRD02180,CAT33,MDH Family Pack  Carton 3179,Lakme,153.7,pcs,Y,2026-10-05 06:00:00
PRD02181,CAT40,Pampers Regular Select Pouch 3180,Himalaya,67.43,pcs,Y,2026-10-05 06:00:00
PRD02182,CAT08,Britannia Family Pack  Box 3181,Lakme,17.62,pcs,Y,2026-10-05 06:00:00
PRD02183,CAT35,Vim Gold Select Item 3182,Ariel,35.02,kg,Y,2026-10-05 06:00:00
PRD02184,CAT05,A2B Regular Select Box 3183,Sunpure,31.68,500g,N,2026-10-05 06:00:00
PRD02185,CAT35,Dove Classic  Pouch 3184,Pedigree,49.29,pcs,Y,2026-10-05 06:00:00
PRD02186,CAT14,Coca-Cola Ultra  Pack 3185,Catch,135.08,1L,Y,2026-10-05 06:00:00
PRD02187,CAT21,Godrej Classic  Box 3186,Whiskas,80.76,pcs,Y,2026-10-05 06:00:00
PRD02188,CAT24,Dettol Gold  Pouch 3187,Dove,13.88,pack,Y,2026-10-05 06:00:00
PRD02189,CAT17,Parle Gold  Jar 3188,Ananda,126.32,pcs,Y,2026-10-05 06:00:00
PRD02190,CAT18,Tata Ultra Select Item 3189,Johnson's,48.51,pcs,Y,2026-10-05 06:00:00
PRD02191,CAT34,Parle Gold Select Box 3190,Dabur,67.92,bottle,Y,2026-10-05 06:00:00
PRD02192,CAT12,Godrej Organic  Item 3191,Catch,136.99,1L,Y,2026-10-05 06:00:00
PRD02193,CAT16,Dabur Lite Daily Bottle 3192,Maggi,13.46,bottle,Y,2026-10-05 06:00:00
PRD02194,CAT04,Whiskas Organic  Box 3193,Pampers,35.44,500g,Y,2026-10-05 06:00:00
PRD02195,CAT25,Tata Regular Extra Pouch 3194,Pedigree,22.68,pcs,Y,2026-10-05 06:00:00
PRD02196,CAT34,Dettol Classic Extra Item 3195,Mother Dairy,8.93,500g,Y,2026-10-05 06:00:00
PRD02197,CAT28,Dettol Lite  Box 3196,ITC,50.0,pcs,Y,2026-10-05 06:00:00
PRD02198,CAT11,Johnson's Classic Daily Carton 3197,ITC,350.86,pcs,Y,2026-10-05 06:00:00
PRD02199,CAT13,Johnson's Gold Fresh Pouch 3198,Ariel,6.99,pcs,Y,2026-10-05 06:00:00
PRD02200,CAT31,Dettol Family Pack  Carton 3199,Oleev,35.55,pack,Y,2026-10-05 06:00:00
PRD02201,CAT25,Marico Lite  Box 3200,Weikfield,65.14,250g,N,2026-10-05 06:00:00
PRD02202,CAT39,Pampers Gold Daily Pouch 3201,Gillette,40.89,pcs,Y,2026-10-05 06:00:00
PRD02203,CAT10,Vim Family Pack  Item 3202,Harpic,33.06,pcs,Y,2026-10-05 06:00:00
PRD02204,CAT24,Heritage Family Pack Fresh Jar 3203,Sunfeast,11.37,kg,Y,2026-10-05 06:00:00
PRD02205,CAT01,Coca-Cola Premium  Bottle 3204,Sunfeast,45.13,pcs,Y,2026-10-05 06:00:00
PRD02206,CAT25,ITC Ultra Select Box 3205,MDH,18.52,500g,Y,2026-10-05 06:00:00
PRD02207,CAT28,Thirumala Lite Fresh Item 3206,ITC,5.1,500g,Y,2026-10-05 06:00:00
PRD02208,CAT36,Coca-Cola Classic Fresh Item 3207,Harpic,107.25,250g,Y,2026-10-05 06:00:00
PRD02209,CAT18,Bisleri Classic  Jar 3208,MTR Foods,86.71,pcs,Y,2026-10-05 06:00:00
PRD02210,CAT06,Johnson's Ultra Select Pack 3209,Lakme,38.34,kg,Y,2026-10-05 06:00:00
PRD02211,CAT02,Lakme Regular Natural Jar 3210,MTR,44.98,500g,Y,2026-10-05 06:00:00
PRD02212,CAT03,Godrej Family Pack Fresh Pack 3211,Patanjali,96.24,pcs,Y,2026-10-05 06:00:00
PRD02213,CAT08,Weikfield Regular Natural Pack 3212,Oleev,44.79,pcs,Y,2026-10-05 06:00:00
PRD02214,CAT31,Clinic Plus Regular  Jar 3213,Aashirvaad,82.57,pcs,Y,2026-10-05 06:00:00
PRD02215,CAT19,Maggi Premium Extra Item 3214,MDH,28.0,pcs,Y,2026-10-05 06:00:00
PRD02216,CAT06,Fresho Premium  Bottle 3215,Thirumala,119.2,kg,Y,2026-10-05 06:00:00
PRD02217,CAT14,Johnson's Family Pack Select Pouch 3216,Licious,48.85,pcs,Y,2026-10-05 06:00:00
PRD02218,CAT03,Dove Classic  Carton 3217,Haldiram's,43.58,bottle,Y,2026-10-05 06:00:00
PRD02219,CAT01,Heritage Family Pack  Box 3218,Fresho,11.67,500g,Y,2026-10-05 06:00:00
PRD02220,CAT44,Heritage Organic Natural Bottle 3219,Haldiram's,47.38,pcs,Y,2026-10-05 06:00:00
PRD02221,CAT30,Pepsi Premium  Bottle 3220,Lay's,17.31,pcs,N,2026-10-05 06:00:00
PRD02222,CAT19,MTR Lite Extra Item 3221,Bisleri,20.61,500g,Y,2026-10-05 06:00:00
PRD02223,CAT19,Fortune Premium Fresh Jar 3222,Fortune,17.57,1L,Y,2026-10-05 06:00:00
PRD02224,CAT09,Safal Regular Daily Item 3223,Ariel,14.02,bottle,Y,2026-10-05 06:00:00
PRD02225,CAT07,Heritage Ultra Daily Pack 3224,Marico,247.72,1L,Y,2026-10-05 06:00:00
PRD02226,CAT37,Gillette Regular  Box 3225,MTR Foods,121.29,500g,Y,2026-10-05 06:00:00
PRD02227,CAT41,Gillette Lite  Pack 3226,Sunpure,206.09,pcs,Y,2026-10-05 06:00:00
PRD02228,CAT07,Heritage Organic  Carton 3227,Saffola,12.18,bottle,Y,2026-10-05 06:00:00
PRD02229,CAT09,ITC Family Pack  Pouch 3228,Amul,39.02,bottle,Y,2026-10-05 06:00:00
PRD02230,CAT04,Dabur Gold  Pouch 3229,Patanjali,11.43,500g,N,2026-10-05 06:00:00
PRD02231,CAT25,Maggi Classic  Box 3230,Johnson's,19.57,pcs,Y,2026-10-05 06:00:00
PRD02232,CAT12,Huggies Lite Fresh Pack 3231,Close-Up,16.02,250g,Y,2026-10-05 06:00:00
PRD02233,CAT06,Sunpure Premium Fresh Jar 3232,Vim,111.68,pack,Y,2026-10-05 06:00:00
PRD02234,CAT18,Johnson's Family Pack  Bottle 3233,Pedigree,25.62,500g,N,2026-10-05 06:00:00
PRD02235,CAT40,MTR Foods Premium Natural Bottle 3234,Pampers,95.73,500g,Y,2026-10-05 06:00:00
PRD02236,CAT21,Sunpure Organic Fresh Item 3235,Nivea,63.04,pack,Y,2026-10-05 06:00:00
PRD02237,CAT15,Rasna Family Pack Extra Box 3236,Sunfeast,290.99,pcs,Y,2026-10-05 06:00:00
PRD02238,CAT03,Pedigree Premium Daily Item 3237,MDH,9.66,500g,Y,2026-10-05 06:00:00
PRD02239,CAT02,ITC Organic Extra Box 3238,Rasna,113.67,pcs,Y,2026-10-05 06:00:00
PRD02240,CAT41,Amul Organic Daily Box 3239,Himalaya,102.7,pcs,Y,2026-10-05 06:00:00
PRD02241,CAT40,Dove Premium Daily Jar 3240,ITC,15.24,kg,Y,2026-10-05 06:00:00
PRD02242,CAT04,Vim Classic Daily Pack 3241,Fortune,90.6,1L,Y,2026-10-05 06:00:00
PRD02243,CAT32,Coca-Cola Regular Fresh Item 3242,Amul,49.53,pack,Y,2026-10-05 06:00:00
PRD02244,CAT02,Marico Classic  Bottle 3243,Gowardhan,29.82,500g,Y,2026-10-05 06:00:00
PRD02245,CAT29,Vim Premium Natural Carton 3244,Bisleri,17.43,pack,Y,2026-10-05 06:00:00
PRD02246,CAT02,Godrej Lite  Bottle 3245,Pampers,19.16,500g,Y,2026-10-05 06:00:00
PRD02247,CAT34,Mother Dairy Regular  Carton 3246,Licious,231.56,pcs,Y,2026-10-05 06:00:00
PRD02248,CAT27,Haldiram's Lite  Carton 3247,Fortune,36.62,bottle,Y,2026-10-05 06:00:00
PRD02249,CAT39,Nivea Family Pack  Jar 3248,Tata,73.99,pcs,Y,2026-10-05 06:00:00
PRD02250,CAT44,Rin Classic  Item 3249,Fortune,17.96,500g,Y,2026-10-05 06:00:00
PRD02251,CAT38,Safal Premium Select Box 3250,MTR Foods,18.14,500g,Y,2026-10-05 06:00:00
PRD02252,CAT18,Licious Classic  Item 3251,Ariel,96.91,pcs,N,2026-10-05 06:00:00
PRD02253,CAT36,Safal Family Pack  Box 3252,Frooti,10.86,pcs,Y,2026-10-05 06:00:00
PRD02254,CAT19,Lakme Organic  Item 3253,Nivea,25.19,250g,Y,2026-10-05 06:00:00
PRD02255,CAT27,Rasna Premium  Box 3254,Fresho,37.74,pcs,Y,2026-10-05 06:00:00
PRD02256,CAT20,Sunpure Organic Select Item 3255,Thirumala,40.46,500g,Y,2026-10-05 06:00:00
PRD02257,CAT21,Lakme Organic Daily Carton 3256,Amul,0.0,1L,Y,2026-10-05 06:00:00
PRD02258,CAT23,Nivea Premium Extra Bottle 3257,Haldiram's,52.26,500g,Y,2026-10-05 06:00:00
PRD02259,CAT30,Clinic Plus Organic  Box 3258,Coca-Cola,68.28,250g,Y,2026-10-05 06:00:00
PRD02260,CAT25,MTR Foods Premium Extra Pouch 3259,MDH,70.89,bottle,Y,2026-10-05 06:00:00
PRD02261,CAT31,Haldiram's Lite  Item 3260,Ariel,15.07,pcs,Y,2026-10-05 06:00:00
PRD02262,CAT27,Amul Classic Daily Pouch 3261,Huggies,28.34,1L,Y,2026-10-05 06:00:00
PRD02263,CAT34,Maggi Ultra Natural Bottle 3262,Ananda,107.26,pcs,Y,2026-10-05 06:00:00
PRD02264,CAT08,Close-Up Family Pack  Pack 3263,Bisleri,81.87,1L,Y,2026-10-05 06:00:00
PRD02265,CAT19,Maggi Premium  Pack 3264,Ananda,10.64,500g,Y,2026-10-05 06:00:00
PRD02266,CAT41,Colgate Organic Natural Box 3265,Dettol,50.22,pcs,Y,2026-10-05 06:00:00
PRD02267,CAT26,Ariel Gold  Bottle 3266,Fresho,6.17,pcs,Y,2026-10-05 06:00:00
PRD02268,CAT28,Colgate Regular Fresh Box 3267,Dabur,38.18,1L,Y,2026-10-05 06:00:00
PRD02269,CAT04,Amul Gold  Pack 3268,Harpic,201.94,pcs,Y,2026-10-05 06:00:00
PRD02270,CAT31,Whiskas Premium Select Box 3269,Surf Excel,15.59,pcs,Y,2026-10-05 06:00:00
PRD02271,CAT16,Dabur Lite Daily Carton 3270,MDH,17.27,dozen,Y,2026-10-05 06:00:00
PRD02272,CAT10,Aashirvaad Regular Daily Jar 3271,Ananda,72.79,pcs,Y,2026-10-05 06:00:00
PRD02273,CAT38,Close-Up Family Pack Natural Carton 3272,Ananda,9.13,1L,Y,2026-10-05 06:00:00
PRD02274,CAT10,Ariel Regular Fresh Bottle 3273,Sunfeast,20.71,pcs,Y,2026-10-05 06:00:00
PRD02275,CAT09,Haldiram's Gold  Bottle 3274,Bisleri,62.6,bottle,Y,2026-10-05 06:00:00
PRD02276,CAT39,Licious Premium Extra Pack 3275,Rasna,20.68,pcs,Y,2026-10-05 06:00:00
PRD02277,CAT36,Safal Premium Daily Jar 3276,Sunpure,29.6,500g,Y,2026-10-05 06:00:00
PRD02278,CAT36,Fortune Family Pack Daily Pack 3277,Dettol,71.5,1L,Y,2026-10-05 06:00:00
PRD02279,CAT19,Close-Up Regular Select Pack 3278,Maggi,53.48,bottle,Y,2026-10-05 06:00:00
PRD02280,CAT19,Bisleri Gold  Box 3279,MDH,46.53,pack,Y,2026-10-05 06:00:00
PRD02281,CAT12,Amul Classic Natural Item 3280,Ariel,26.97,pcs,N,2026-10-05 06:00:00
PRD02282,CAT13,Johnson's Classic  Box 3281,Catch,51.06,pack,Y,2026-10-05 06:00:00
PRD02283,CAT25,Rin Lite Natural Item 3282,Dabur,32.74,250g,Y,2026-10-05 06:00:00
PRD02284,CAT36,Nestle Lite Daily Box 3283,Harpic,55.26,dozen,Y,2026-10-05 06:00:00
PRD02285,CAT25,Pepsi Lite Fresh Jar 3284,Coca-Cola,23.4,kg,Y,2026-10-05 06:00:00
PRD02286,CAT28,Pepsi Regular Daily Pack 3285,Lay's,31.05,500g,Y,2026-10-05 06:00:00
PRD02287,CAT42,Dabur Premium  Carton 3286,Whiskas,15.01,250g,Y,2026-10-05 06:00:00
PRD02288,CAT39,Godrej Classic  Carton 3287,Nivea,35.46,1L,Y,2026-10-05 06:00:00
PRD02289,CAT30,Rasna Gold Select Jar 3288,Oleev,17.64,1L,Y,2026-10-05 06:00:00
PRD02290,CAT05,Ananda Classic Natural Pack 3289,Sunpure,13.43,pcs,Y,2026-10-05 06:00:00
PRD02291,CAT17,Colgate Family Pack Daily Box 3290,Britannia,46.19,pcs,Y,2026-10-05 06:00:00
PRD02292,CAT18,Sudha Regular  Pouch 3291,Marico,44.32,pcs,Y,2026-10-05 06:00:00
PRD02293,CAT43,Sudha Organic  Item 3292,Rin,74.04,dozen,Y,2026-10-05 06:00:00
PRD02294,CAT21,Lay's Gold Daily Pack 3293,Huggies,24.83,pcs,Y,2026-10-05 06:00:00
PRD02295,CAT22,Pampers Organic Natural Box 3294,Sunpure,52.84,pcs,Y,2026-10-05 06:00:00
PRD02296,CAT39,Nivea Organic Daily Item 3295,A2B,60.08,pcs,Y,2026-10-05 06:00:00
PRD02297,CAT06,Saffola Lite Fresh Carton 3296,Frooti,54.61,1L,Y,2026-10-05 06:00:00
PRD02298,CAT16,Lay's Regular Daily Item 3297,Mother Dairy,17.41,kg,Y,2026-10-05 06:00:00
PRD02299,CAT02,Marico Ultra  Carton 3298,Mother Dairy,41.86,250g,Y,2026-10-05 06:00:00
PRD02300,CAT01,Whiskas Family Pack Daily Jar 3299,Rasna,50.79,pcs,Y,2026-10-05 06:00:00
PRD02301,CAT30,Dove Family Pack  Pack 3300,Oleev,36.84,kg,Y,2026-10-05 06:00:00
PRD02302,CAT43,Whiskas Organic Natural Bottle 3301,Weikfield,5.6,pcs,Y,2026-10-05 06:00:00
PRD02303,CAT37,Pedigree Family Pack  Box 3302,Saffola,42.29,dozen,Y,2026-10-05 06:00:00
PRD02304,CAT23,MDH Regular Extra Jar 3303,Harpic,268.08,pcs,Y,2026-10-05 06:00:00
PRD02305,CAT01,Gillette Family Pack Fresh Pouch 3304,Fortune,26.47,250g,Y,2026-10-05 06:00:00
PRD02306,CAT19,Bisleri Premium Daily Pack 3305,Ariel,19.01,pcs,Y,2026-10-05 06:00:00
PRD02307,CAT03,Fresho Lite Extra Carton 3306,Dove,51.21,kg,Y,2026-10-05 06:00:00
PRD02308,CAT02,Mother Dairy Organic Daily Box 3307,ITC,48.48,pcs,Y,2026-10-05 06:00:00
PRD02309,CAT37,Vim Organic  Carton 3308,Himalaya,107.07,pcs,Y,2026-10-05 06:00:00
PRD02310,CAT17,MTR Ultra  Pack 3309,Sudha,11.8,bottle,Y,2026-10-05 06:00:00
PRD02311,CAT28,Saffola Classic Fresh Bottle 3310,Ananda,70.69,pcs,Y,2026-10-05 06:00:00
PRD02312,CAT18,Pedigree Regular Daily Pouch 3311,Nestle,62.26,pack,Y,2026-10-05 06:00:00
PRD02313,CAT33,Britannia Family Pack Natural Bottle 3312,Britannia,32.2,250g,Y,2026-10-05 06:00:00
PRD02314,CAT15,Rin Family Pack Select Bottle 3313,MDH,49.64,1L,Y,2026-10-05 06:00:00
PRD02315,CAT22,MTR Family Pack Natural Box 3314,Thirumala,92.44,500g,Y,2026-10-05 06:00:00
PRD02316,CAT41,Gowardhan Premium  Bottle 3315,Gowardhan,80.24,bottle,Y,2026-10-05 06:00:00
PRD02317,CAT27,Fortune Ultra  Box 3316,Johnson's,13.08,bottle,Y,2026-10-05 06:00:00
PRD02318,CAT37,Fresho Classic Fresh Carton 3317,Thirumala,76.57,500g,Y,2026-10-05 06:00:00
PRD02319,CAT32,Whiskas Classic Fresh Pack 3318,Saffola,34.53,pcs,Y,2026-10-05 06:00:00
PRD02320,CAT19,Harpic Classic  Box 3319,Vim,39.08,pcs,Y,2026-10-05 06:00:00
PRD02321,CAT28,Britannia Lite Natural Pack 3320,Ariel,39.09,pcs,Y,2026-10-05 06:00:00
PRD02322,CAT28,Rasna Regular Fresh Box 3321,Vim,31.97,500g,Y,2026-10-05 06:00:00
PRD02323,CAT10,Everest Ultra Daily Jar 3322,Gillette,106.97,bottle,Y,2026-10-05 06:00:00
PRD02324,CAT20,Nivea Gold Fresh Item 3323,Ananda,33.94,250g,Y,2026-10-05 06:00:00
PRD02325,CAT25,Oleev Ultra Fresh Carton 3324,Marico,13.36,pack,Y,2026-10-05 06:00:00
PRD02326,CAT21,Sunfeast Organic Select Carton 3325,Johnson's,25.68,500g,Y,2026-10-05 06:00:00
PRD02327,CAT14,Ariel Premium Extra Jar 3326,Nivea,42.98,pcs,Y,2026-10-05 06:00:00
PRD02328,CAT22,Whiskas Gold Select Pack 3327,Johnson's,110.64,250g,Y,2026-10-05 06:00:00
PRD02329,CAT26,Fortune Lite Extra Pack 3328,Weikfield,62.98,pack,Y,2026-10-05 06:00:00
PRD02330,CAT44,Pedigree Family Pack Extra Box 3329,Thirumala,17.02,250g,Y,2026-10-05 06:00:00
PRD02331,CAT11,Ananda Classic Natural Carton 3330,Sunfeast,342.64,pcs,Y,2026-10-05 06:00:00
PRD02332,CAT07,Dabur Organic Select Pack 3331,Nestle,46.45,1L,Y,2026-10-05 06:00:00
PRD02333,CAT17,Rin Family Pack  Box 3332,Lay's,115.34,pcs,Y,2026-10-05 06:00:00
PRD02334,CAT18,Maggi Gold Fresh Jar 3333,Dove,31.93,pcs,Y,2026-10-05 06:00:00
PRD02335,CAT07,Amul Family Pack Natural Box 3334,Surf Excel,59.15,250g,Y,2026-10-05 06:00:00
PRD02336,CAT20,Fortune Organic Select Jar 3335,Fortune,77.91,pcs,Y,2026-10-05 06:00:00
PRD02337,CAT38,Saffola Organic Fresh Box 3336,Frooti,109.55,bottle,N,2026-10-05 06:00:00
PRD02338,CAT11,Ariel Premium  Pack 3337,Rin,94.79,pcs,Y,2026-10-05 06:00:00
PRD02339,CAT44,Lay's Regular Select Bottle 3338,Vim,80.24,1L,Y,2026-10-05 06:00:00
PRD02340,CAT16,Patanjali Organic  Pouch 3339,Haldiram's,27.56,pack,Y,2026-10-05 06:00:00
PRD02341,CAT27,Gowardhan Lite Extra Item 3340,Pedigree,21.88,500g,Y,2026-10-05 06:00:00
PRD02342,CAT11,Haldiram's Family Pack Fresh Item 3341,Colgate,49.37,pack,Y,2026-10-05 06:00:00
PRD02343,CAT16,Coca-Cola Classic  Item 3342,Whiskas,84.76,250g,Y,2026-10-05 06:00:00
PRD02344,CAT23,Heritage Family Pack  Pack 3343,Fortune,29.95,kg,Y,2026-10-05 06:00:00
PRD02345,CAT12,Dabur Classic Select Box 3344,Harpic,95.45,pcs,Y,2026-10-05 06:00:00
PRD02346,CAT40,Patanjali Lite Fresh Jar 3345,MTR,135.28,pcs,Y,2026-10-05 06:00:00
PRD02347,CAT03,Pedigree Classic Extra Item 3346,Bisleri,16.04,500g,Y,2026-10-05 06:00:00
PRD02348,CAT02,MTR Premium  Box 3347,Oleev,17.23,250g,Y,2026-10-05 06:00:00
PRD02349,CAT38,A2B Organic Select Pack 3348,Lay's,32.25,500g,Y,2026-10-05 06:00:00
PRD02350,CAT24,Surf Excel Gold Select Bottle 3349,Fortune,48.27,pcs,Y,2026-10-05 06:00:00
PRD02351,CAT29,Everest Classic Select Carton 3350,Huggies,22.83,pcs,Y,2026-10-05 06:00:00
PRD02352,CAT34,Patanjali Gold Daily Box 3351,Safal,123.59,pcs,Y,2026-10-05 06:00:00
PRD02353,CAT20,Vim Family Pack  Pouch 3352,MTR,53.61,250g,Y,2026-10-05 06:00:00
PRD02354,CAT18,Huggies Ultra Daily Pouch 3353,Coca-Cola,37.92,pcs,Y,2026-10-05 06:00:00
PRD02355,CAT14,MDH Family Pack Fresh Pack 3354,Lakme,10.05,pcs,Y,2026-10-05 06:00:00
PRD02356,CAT18,Amul Gold Extra Item 3355,Parle,11.2,pcs,Y,2026-10-05 06:00:00
PRD02357,CAT02,Heritage Organic Daily Pouch 3356,Lakme,47.13,250g,Y,2026-10-05 06:00:00
PRD02358,CAT01,Haldiram's Family Pack Extra Bottle 3357,Ariel,5.37,bottle,N,2026-10-05 06:00:00
PRD02359,CAT20,Huggies Premium  Box 3358,Fortune,91.05,1L,Y,2026-10-05 06:00:00
PRD02360,CAT34,MTR Foods Family Pack Natural Jar 3359,Fortune,31.74,pcs,Y,2026-10-05 06:00:00
PRD02361,CAT41,Thirumala Ultra Select Pouch 3360,Huggies,677.75,pcs,Y,2026-10-05 06:00:00
PRD02362,CAT41,Heritage Gold Select Pack 3361,Frooti,292.11,500g,Y,2026-10-05 06:00:00
PRD02363,CAT11,Pepsi Organic Extra Bottle 3362,Patanjali,31.08,1L,Y,2026-10-05 06:00:00
PRD02364,CAT27,Safal Gold  Bottle 3363,Weikfield,33.26,500g,Y,2026-10-05 06:00:00
PRD02365,CAT23,Frooti Premium Daily Carton 3364,Sudha,89.66,bottle,Y,2026-10-05 06:00:00
PRD02366,CAT38,Coca-Cola Ultra Fresh Jar 3365,Parle,169.5,kg,Y,2026-10-05 06:00:00
PRD02367,CAT44,Safal Classic Daily Bottle 3366,Rasna,8.38,pcs,Y,2026-10-05 06:00:00
PRD02368,CAT03,Dettol Classic Natural Item 3367,Colgate,7.33,pcs,Y,2026-10-05 06:00:00
PRD02369,CAT12,Saffola Classic Natural Bottle 3368,Whiskas,20.91,500g,Y,2026-10-05 06:00:00
PRD02370,CAT30,Rin Gold Fresh Pack 3369,Britannia,61.83,500g,Y,2026-10-05 06:00:00
PRD02371,CAT31,Whiskas Premium Extra Item 3370,Lakme,57.24,1L,Y,2026-10-05 06:00:00
PRD02372,CAT23,Aashirvaad Family Pack Select Box 3371,Sunfeast,95.85,250g,Y,2026-10-05 06:00:00
PRD02373,CAT01,Everest Organic Daily Bottle 3372,Rasna,12.43,pcs,Y,2026-10-05 06:00:00
PRD02374,CAT41,Britannia Premium Fresh Item 3373,Catch,4.55,pack,Y,2026-10-05 06:00:00
PRD02375,CAT20,MDH Gold Natural Jar 3374,Sunfeast,79.22,1L,Y,2026-10-05 06:00:00
PRD02376,CAT06,Everest Family Pack Extra Bottle 3375,Dettol,17.37,dozen,Y,2026-10-05 06:00:00
PRD02377,CAT11,Aashirvaad Classic Daily Jar 3376,Pampers,5.95,1L,Y,2026-10-05 06:00:00
PRD02378,CAT35,Rin Gold Extra Carton 3377,Gowardhan,41.7,250g,Y,2026-10-05 06:00:00
PRD02379,CAT04,ITC Gold  Carton 3378,Gillette,74.73,pcs,Y,2026-10-05 06:00:00
PRD02380,CAT29,Nestle Classic  Box 3379,Haldiram's,32.79,250g,N,2026-10-05 06:00:00
PRD02381,CAT10,Surf Excel Organic  Item 3380,Surf Excel,24.24,pcs,Y,2026-10-05 06:00:00
PRD02382,CAT29,Weikfield Premium Fresh Pack 3381,A2B,31.71,1L,Y,2026-10-05 06:00:00
PRD02383,CAT38,Rin Regular  Pack 3382,Ananda,26.22,pcs,Y,2026-10-05 06:00:00
PRD02384,CAT01,MDH Premium Daily Bottle 3383,Sudha,10.88,pcs,Y,2026-10-05 06:00:00
PRD02385,CAT40,Frooti Premium  Bottle 3384,Ariel,19.24,pcs,Y,2026-10-05 06:00:00
PRD02386,CAT08,Frooti Ultra Extra Item 3385,ITC,58.51,pcs,Y,2026-10-05 06:00:00
PRD02387,CAT38,Nivea Premium  Carton 3386,Vim,48.89,pcs,Y,2026-10-05 06:00:00
PRD02388,CAT17,Gowardhan Lite Daily Box 3387,Vim,42.57,dozen,Y,2026-10-05 06:00:00
PRD02389,CAT19,Safal Lite Daily Item 3388,Coca-Cola,14.94,pcs,Y,2026-10-05 06:00:00
PRD02390,CAT33,Nestle Organic  Item 3389,Pepsi,31.08,250g,Y,2026-10-05 06:00:00
PRD02391,CAT15,Haldiram's Lite  Pack 3390,Sunpure,5.16,pcs,Y,2026-10-05 06:00:00
PRD02392,CAT31,Licious Classic  Jar 3391,Nestle,42.98,500g,Y,2026-10-05 06:00:00
PRD02393,CAT21,Coca-Cola Premium Select Pouch 3392,Safal,132.42,pcs,Y,2026-10-05 06:00:00
PRD02394,CAT03,Harpic Regular Natural Pouch 3393,Huggies,9.71,pcs,Y,2026-10-05 06:00:00
PRD02395,CAT02,Marico Lite Daily Pouch 3394,Tata,21.6,pcs,Y,2026-10-05 06:00:00
PRD02396,CAT35,Bisleri Organic  Pack 3395,Marico,49.21,500g,Y,2026-10-05 06:00:00
PRD02397,CAT41,Patanjali Classic Natural Box 3396,Frooti,113.02,pcs,Y,2026-10-05 06:00:00
PRD02398,CAT16,Pepsi Premium Select Jar 3397,Frooti,24.45,bottle,Y,2026-10-05 06:00:00
PRD02399,CAT21,Parle Premium Select Pack 3398,Catch,19.63,500g,Y,2026-10-05 06:00:00
PRD02400,CAT12,Clinic Plus Lite  Jar 3399,Pedigree,6.22,pack,Y,2026-10-05 06:00:00
PRD02401,CAT28,Heritage Ultra Natural Item 3400,Sunfeast,40.17,dozen,Y,2026-10-05 06:00:00
PRD02402,CAT12,Aashirvaad Lite Select Box 3401,Dabur,229.95,250g,Y,2026-10-05 06:00:00
PRD02403,CAT33,Oleev Family Pack  Jar 3402,Harpic,46.98,bottle,Y,2026-10-05 06:00:00
PRD02404,CAT20,Pampers Gold Fresh Item 3403,Gillette,35.87,pcs,Y,2026-10-05 06:00:00
PRD02405,CAT40,Nivea Regular Select Jar 3404,Sunfeast,48.9,pack,Y,2026-10-05 06:00:00
PRD02406,CAT21,Oleev Gold Natural Pack 3405,Saffola,36.23,pcs,Y,2026-10-05 06:00:00
PRD02407,CAT39,Marico Regular Extra Item 3406,Surf Excel,17.61,500g,Y,2026-10-05 06:00:00
PRD02408,CAT41,Haldiram's Premium Extra Bottle 3407,Oleev,76.78,1L,Y,2026-10-05 06:00:00
PRD02409,CAT42,Whiskas Lite  Pack 3408,Catch,-44.84,bottle,Y,2026-10-05 06:00:00
PRD02410,CAT36,Nestle Classic Fresh Pack 3409,Catch,37.18,bottle,Y,2026-10-05 06:00:00
PRD02411,CAT22,Everest Organic Daily Pouch 3410,Huggies,15.21,pcs,Y,2026-10-05 06:00:00
PRD02412,CAT26,Dove Premium  Box 3411,Pedigree,118.29,500g,Y,2026-10-05 06:00:00
PRD02413,CAT07,Gillette Ultra Daily Pack 3412,Everest,66.57,pack,Y,2026-10-05 06:00:00
PRD02414,CAT99,Gowardhan Lite  Pack 3413,Rin,22.25,250g,Y,2026-10-05 06:00:00
PRD02415,CAT08,Catch Family Pack Natural Pack 3414,Huggies,90.17,pcs,Y,2026-10-05 06:00:00
PRD02416,CAT26,ITC Regular  Pouch 3415,Sunfeast,23.39,500g,Y,2026-10-05 06:00:00
PRD02417,CAT24,Ananda Organic Fresh Carton 3416,Ariel,18.11,pack,N,2026-10-05 06:00:00
PRD02418,CAT24,Nestle Lite Natural Box 3417,Rin,18.47,250g,Y,2026-10-05 06:00:00
PRD02419,CAT40,Mother Dairy Lite  Jar 3418,Rasna,7.43,500g,Y,2026-10-05 06:00:00
PRD02420,CAT12,Mother Dairy Lite Select Pouch 3419,Aashirvaad,55.95,250g,Y,2026-10-05 06:00:00
PRD02421,CAT08,Parle Gold Extra Jar 3420,Sudha,7.04,1L,Y,2026-10-05 06:00:00
PRD02422,CAT09,Amul Classic Extra Item 3421,Lakme,12.11,bottle,Y,2026-10-05 06:00:00
PRD02423,CAT03,Dabur Premium  Pack 3422,Coca-Cola,5.65,1L,Y,2026-10-05 06:00:00
PRD02424,CAT21,Maggi Classic  Pouch 3423,Patanjali,33.87,500g,Y,2026-10-05 06:00:00
PRD02425,CAT31,Johnson's Lite Daily Pouch 3424,A2B,31.97,bottle,N,2026-10-05 06:00:00
PRD02426,CAT24,Dove Organic Extra Box 3425,Saffola,27.28,pcs,Y,2026-10-05 06:00:00
PRD02427,CAT04,Coca-Cola Lite Daily Bottle 3426,MTR Foods,14.32,bottle,Y,2026-10-05 06:00:00
PRD02428,CAT20,Pepsi Lite Fresh Box 3427,Nestle,12.74,250g,Y,2026-10-05 06:00:00
PRD02429,CAT16,Huggies Family Pack Daily Box 3428,Pampers,55.59,kg,Y,2026-10-05 06:00:00
PRD02430,CAT10,A2B Family Pack  Box 3429,Frooti,22.3,pcs,Y,2026-10-05 06:00:00
PRD02431,CAT43,Bisleri Organic  Bottle 3430,Saffola,48.65,250g,Y,2026-10-05 06:00:00
PRD02432,CAT26,Rin Organic Select Carton 3431,Safal,16.5,pack,Y,2026-10-05 06:00:00
PRD02433,CAT29,Lay's Family Pack  Carton 3432,Pampers,43.08,250g,Y,2026-10-05 06:00:00
PRD02434,CAT05,Gowardhan Organic  Carton 3433,MTR Foods,118.27,pcs,Y,2026-10-05 06:00:00
PRD02435,CAT11,Safal Ultra  Pouch 3434,Vim,62.03,pcs,Y,2026-10-05 06:00:00
PRD02436,CAT29,Catch Gold Fresh Bottle 3435,Surf Excel,25.25,1L,Y,2026-10-05 06:00:00
PRD02437,CAT15,Clinic Plus Ultra Extra Box 3436,Gillette,46.13,500g,Y,2026-10-05 06:00:00
PRD02438,CAT06,Gowardhan Family Pack  Box 3437,Tata,29.47,250g,Y,2026-10-05 06:00:00
PRD02439,CAT15,Maggi Family Pack Daily Pack 3438,Frooti,36.86,500g,Y,2026-10-05 06:00:00
PRD02440,CAT43,Safal Lite  Item 3439,Harpic,27.3,pack,Y,2026-10-05 06:00:00
PRD02441,CAT20,A2B Regular Extra Bottle 3440,Nivea,31.57,500g,Y,2026-10-05 06:00:00
PRD02442,CAT34,Dettol Organic Natural Bottle 3441,Everest,44.3,pcs,Y,2026-10-05 06:00:00
PRD02443,CAT02,Gillette Ultra  Bottle 3442,Dettol,14.97,pcs,Y,2026-10-05 06:00:00
PRD02444,CAT44,Licious Premium  Bottle 3443,Huggies,14.67,1L,N,2026-10-05 06:00:00
PRD02445,CAT16,Huggies Gold Daily Carton 3444,Godrej,10.49,500g,Y,2026-10-05 06:00:00
PRD02446,CAT19,Vim Ultra Natural Pouch 3445,Lay's,8.67,500g,Y,2026-10-05 06:00:00
PRD02447,CAT34,MDH Family Pack Natural Jar 3446,Tata,12.24,pack,Y,2026-10-05 06:00:00
PRD02448,CAT14,Tata Organic Select Jar 3447,Sunfeast,42.25,500g,Y,2026-10-05 06:00:00
PRD02449,CAT24,Mother Dairy Lite Extra Item 3448,Patanjali,16.39,dozen,Y,2026-10-05 06:00:00
PRD02450,CAT28,Safal Regular  Jar 3449,Aashirvaad,58.11,kg,Y,2026-10-05 06:00:00
PRD02451,CAT32,Weikfield Gold Fresh Pouch 3450,Nestle,37.76,pcs,Y,2026-10-05 06:00:00
PRD02452,CAT37,Clinic Plus Gold Fresh Pack 3451,MDH,6.22,bottle,Y,2026-10-05 06:00:00
PRD02453,CAT10,Nivea Gold  Item 3452,MTR,65.99,250g,Y,2026-10-05 06:00:00
PRD02454,CAT09,Oleev Classic Select Bottle 3453,ITC,75.92,500g,N,2026-10-05 06:00:00
PRD02455,CAT24,MDH Classic Daily Bottle 3454,Dettol,14.96,1L,Y,2026-10-05 06:00:00
PRD02456,CAT36,Coca-Cola Organic Fresh Jar 3455,MTR,53.42,pack,Y,2026-10-05 06:00:00
PRD02457,CAT29,Colgate Organic Fresh Jar 3456,Rin,16.93,kg,Y,2026-10-05 06:00:00
PRD02458,CAT29,Dettol Classic  Jar 3457,Coca-Cola,39.96,1L,Y,2026-10-05 06:00:00
PRD02459,CAT23,Huggies Regular  Box 3458,Everest,11.73,pcs,Y,2026-10-05 06:00:00
PRD02460,CAT27,Everest Lite Select Jar 3459,ITC,7.29,1L,Y,2026-10-05 06:00:00
PRD02461,CAT31,Colgate Premium  Carton 3460,Safal,25.93,pcs,Y,2026-10-05 06:00:00
PRD02462,CAT43,Gillette Premium  Item 3461,Everest,32.74,1L,Y,2026-10-05 06:00:00
PRD02463,CAT07,Oleev Organic Select Jar 3462,Heritage,25.59,pack,Y,2026-10-05 06:00:00
PRD02464,CAT04,Himalaya Organic  Pack 3463,Tata,12.61,500g,Y,2026-10-05 06:00:00
PRD02465,CAT14,MTR Gold  Pack 3464,Whiskas,25.54,pcs,Y,2026-10-05 06:00:00
PRD02466,CAT42,Gillette Gold  Bottle 3465,Patanjali,46.64,250g,Y,2026-10-05 06:00:00
PRD02467,CAT42,Huggies Lite  Pack 3466,Rasna,35.15,pcs,Y,2026-10-05 06:00:00
PRD02468,CAT10,Tata Gold Daily Box 3467,A2B,43.13,pcs,Y,2026-10-05 06:00:00
PRD02469,CAT44,Fresho Organic Extra Jar 3468,MTR Foods,20.02,250g,Y,2026-10-05 06:00:00
PRD02470,CAT34,Safal Classic  Item 3469,Gillette,105.06,dozen,Y,2026-10-05 06:00:00
PRD02471,CAT26,Himalaya Classic Select Item 3470,Ananda,12.7,250g,Y,2026-10-05 06:00:00
PRD02472,CAT23,ITC Classic Natural Item 3471,Tata,56.76,500g,Y,2026-10-05 06:00:00
PRD02473,CAT09,Ariel Lite Extra Bottle 3472,Colgate,106.03,1L,Y,2026-10-05 06:00:00
PRD02474,CAT37,Rasna Classic  Item 3473,Parle,56.42,pcs,Y,2026-10-05 06:00:00
PRD02475,CAT08,ITC Premium  Item 3474,Britannia,30.5,pack,Y,2026-10-05 06:00:00
PRD02476,CAT14,Patanjali Premium Select Pouch 3475,Gowardhan,22.75,1L,Y,2026-10-05 06:00:00
PRD02477,CAT07,Pedigree Ultra Extra Bottle 3476,Tata,92.99,dozen,Y,2026-10-05 06:00:00
PRD02478,CAT07,Saffola Regular Select Box 3477,Fresho,10.17,dozen,Y,2026-10-05 06:00:00
PRD02479,CAT09,MTR Regular Natural Carton 3478,Catch,15.29,500g,Y,2026-10-05 06:00:00
PRD02480,CAT03,Mother Dairy Regular Select Bottle 3479,Coca-Cola,25.59,dozen,Y,2026-10-05 06:00:00
PRD02481,CAT14,Lakme Premium Natural Carton 3480,Mother Dairy,111.48,kg,Y,2026-10-05 06:00:00
PRD02482,CAT17,Haldiram's Classic  Bottle 3481,Safal,51.51,1L,Y,2026-10-05 06:00:00
PRD02483,CAT44,A2B Organic  Item 3482,Johnson's,15.31,pcs,Y,2026-10-05 06:00:00
PRD02484,CAT22,Nivea Classic Fresh Jar 3483,Dove,27.68,250g,Y,2026-10-05 06:00:00
PRD02485,CAT26,Saffola Lite Natural Bottle 3484,Close-Up,21.05,pcs,Y,2026-10-05 06:00:00
PRD02486,CAT28,Lakme Family Pack Select Jar 3485,Lakme,19.32,1L,Y,2026-10-05 06:00:00
PRD02487,CAT14,Dabur Premium Natural Item 3486,Dabur,88.32,pcs,Y,2026-10-05 06:00:00
PRD02488,CAT09,Marico Regular  Carton 3487,Sunfeast,10.65,1L,Y,2026-10-05 06:00:00
PRD02489,CAT26,Everest Regular Extra Pack 3488,Sudha,155.7,kg,Y,2026-10-05 06:00:00
PRD02490,CAT02,Nivea Family Pack Select Jar 3489,Tata,77.12,pcs,Y,2026-10-05 06:00:00
PRD02491,CAT11,Lakme Classic Natural Bottle 3490,Huggies,97.69,250g,Y,2026-10-05 06:00:00
PRD02492,CAT17,Close-Up Classic Select Box 3491,MTR Foods,24.13,pcs,Y,2026-10-05 06:00:00
PRD02493,CAT34,Nivea Lite  Carton 3492,Huggies,31.98,250g,Y,2026-10-05 06:00:00
PRD02494,CAT19,Pedigree Premium  Bottle 3493,Rasna,10.08,250g,Y,2026-10-05 06:00:00
PRD02495,CAT39,Ananda Classic Fresh Carton 3494,Whiskas,22.82,pcs,Y,2026-10-05 06:00:00
PRD02496,CAT18,Rasna Family Pack  Bottle 3495,A2B,57.07,1L,Y,2026-10-05 06:00:00
PRD02497,CAT13,Surf Excel Family Pack Daily Pack 3496,MTR Foods,117.5,pack,Y,2026-10-05 06:00:00
PRD02498,CAT05,Patanjali Gold  Item 3497,Rin,13.51,500g,Y,2026-10-05 06:00:00
PRD02499,CAT23,Vim Premium  Box 3498,Huggies,26.34,250g,Y,2026-10-05 06:00:00
PRD02500,CAT24,Fresho Organic Fresh Pack 3499,Himalaya,31.94,250g,Y,2026-10-05 06:00:00
PRD02501,CAT29,Catch Ultra Extra Jar 3500,Ananda,10.42,pcs,Y,2026-10-05 06:00:00
PRD02502,CAT08,Surf Excel Gold Extra Item 3501,Colgate,62.32,bottle,Y,2026-10-05 06:00:00
PRD02503,CAT26,Ananda Regular Daily Pouch 3502,Gillette,19.08,1L,Y,2026-10-05 06:00:00
PRD02504,CAT15,Oleev Classic Natural Bottle 3503,Rasna,30.7,500g,Y,2026-10-05 06:00:00
PRD02505,CAT01,Safal Organic Select Carton 3504,Sunpure,24.37,pcs,Y,2026-10-05 06:00:00
PRD02506,CAT28,Fortune Lite Fresh Item 3505,Mother Dairy,17.99,500g,Y,2026-10-05 06:00:00
PRD02507,CAT14,Himalaya Classic  Item 3506,Aashirvaad,36.37,250g,Y,2026-10-05 06:00:00
PRD02508,CAT42,Haldiram's Lite  Pouch 3507,Saffola,30.14,1L,Y,2026-10-05 06:00:00
PRD02509,CAT34,MTR Gold Natural Bottle 3508,MDH,26.19,250g,Y,2026-10-05 06:00:00
PRD02510,CAT31,Huggies Premium Fresh Item 3509,Pepsi,19.0,pack,Y,2026-10-05 06:00:00
PRD02511,CAT06,Ariel Lite Select Bottle 3510,Frooti,48.79,500g,Y,2026-10-05 06:00:00
PRD02512,CAT05,Parle Regular  Pouch 3511,Parle,162.11,500g,Y,2026-10-05 06:00:00
PRD02513,CAT31,Weikfield Lite  Bottle 3512,Patanjali,41.51,dozen,Y,2026-10-05 06:00:00
PRD02514,CAT37,Amul Family Pack Natural Pack 3513,Huggies,89.7,dozen,Y,2026-10-05 06:00:00
PRD02515,CAT15,Heritage Ultra Daily Bottle 3514,Haldiram's,10.47,500g,Y,2026-10-05 06:00:00
PRD02516,CAT15,Rasna Family Pack  Pouch 3515,Clinic Plus,42.18,250g,Y,2026-10-05 06:00:00
PRD02517,CAT43,Himalaya Gold  Pouch 3516,Sunfeast,13.63,pcs,Y,2026-10-05 06:00:00
PRD02518,CAT05,Parle Ultra  Box 3517,Aashirvaad,9.69,pcs,Y,2026-10-05 06:00:00
PRD02519,CAT28,Sunpure Family Pack Daily Bottle 3518,Rin,18.81,250g,Y,2026-10-05 06:00:00
PRD02520,CAT33,Himalaya Organic  Carton 3519,Safal,106.99,500g,Y,2026-10-05 06:00:00
PRD02521,CAT11,Haldiram's Gold Daily Carton 3520,Clinic Plus,86.06,pcs,N,2026-10-05 06:00:00
PRD02522,CAT43,Catch Lite  Carton 3521,ITC,45.55,250g,N,2026-10-05 06:00:00
PRD02523,CAT06,Oleev Gold Extra Jar 3522,MDH,9.21,bottle,Y,2026-10-05 06:00:00
PRD02524,CAT23,Bisleri Ultra  Item 3523,Oleev,30.67,kg,Y,2026-10-05 06:00:00
PRD02525,CAT40,Johnson's Organic Natural Bottle 3524,Sudha,48.02,1L,Y,2026-10-05 06:00:00
PRD02526,CAT02,Rasna Family Pack Natural Carton 3525,Amul,42.86,500g,Y,2026-10-05 06:00:00
PRD02527,CAT15,Bisleri Organic  Pouch 3526,Nivea,6.96,pcs,Y,2026-10-05 06:00:00
PRD02528,CAT23,Catch Ultra Fresh Jar 3527,Godrej,16.42,pack,Y,2026-10-05 06:00:00
PRD02529,CAT22,Dabur Organic  Pack 3528,Britannia,34.55,kg,Y,2026-10-05 06:00:00
PRD02530,CAT09,Parle Premium Fresh Bottle 3529,MTR Foods,59.3,bottle,Y,2026-10-05 06:00:00
PRD02531,CAT40,MTR Foods Gold  Bottle 3530,Harpic,5.07,250g,Y,2026-10-05 06:00:00
PRD02532,CAT30,Frooti Family Pack Fresh Pack 3531,Dettol,31.63,pcs,Y,2026-10-05 06:00:00
PRD02533,CAT16,Patanjali Lite Daily Jar 3532,Vim,41.63,500g,Y,2026-10-05 06:00:00
PRD02534,CAT30,MTR Foods Premium Natural Jar 3533,Rasna,78.62,500g,Y,2026-10-05 06:00:00
PRD02535,CAT09,Sunpure Classic  Bottle 3534,Thirumala,68.28,bottle,Y,2026-10-05 06:00:00
PRD02536,CAT01,Vim Gold  Item 3535,Close-Up,61.83,pcs,Y,2026-10-05 06:00:00
PRD02537,CAT38,Sunfeast Family Pack  Item 3536,Fortune,17.82,500g,Y,2026-10-05 06:00:00
PRD02538,CAT08,Surf Excel Regular Select Pack 3537,Sunpure,6.57,pcs,Y,2026-10-05 06:00:00
PRD02539,CAT18,Marico Organic Daily Item 3538,Heritage,25.69,1L,Y,2026-10-05 06:00:00
PRD02540,CAT27,Surf Excel Lite Select Bottle 3539,Everest,90.15,pack,Y,2026-10-05 06:00:00
PRD02541,CAT18,Colgate Gold Select Carton 3540,Surf Excel,128.27,1L,Y,2026-10-05 06:00:00
PRD02542,CAT32,Frooti Classic Extra Carton 3541,Dove,69.37,pack,Y,2026-10-05 06:00:00
PRD02543,CAT32,Heritage Organic Fresh Jar 3542,Vim,53.86,1L,Y,2026-10-05 06:00:00
PRD02544,CAT36,MTR Foods Family Pack Natural Item 3543,Tata,51.5,pcs,Y,2026-10-05 06:00:00
PRD02545,CAT36,Surf Excel Classic  Item 3544,Clinic Plus,22.19,500g,Y,2026-10-05 06:00:00
PRD02546,CAT21,Gillette Lite  Pouch 3545,Weikfield,32.56,kg,Y,2026-10-05 06:00:00
PRD02547,CAT32,Huggies Family Pack Fresh Jar 3546,Godrej,164.38,pcs,Y,2026-10-05 06:00:00
PRD02548,CAT31,Everest Classic  Bottle 3547,Pedigree,15.67,pcs,Y,2026-10-05 06:00:00
PRD02549,CAT37,Close-Up Organic Fresh Pouch 3548,Dove,156.54,500g,Y,2026-10-05 06:00:00
PRD02550,CAT16,Maggi Classic Natural Item 3549,Johnson's,27.39,500g,Y,2026-10-05 06:00:00
PRD02551,CAT14,MDH Gold Select Carton 3550,Pampers,120.65,500g,Y,2026-10-05 06:00:00
PRD02552,CAT24,Frooti Premium Select Pouch 3551,Nivea,10.32,1L,Y,2026-10-05 06:00:00
PRD02553,CAT25,Heritage Family Pack  Pouch 3552,Nivea,62.01,dozen,Y,2026-10-05 06:00:00
PRD02554,CAT35,Thirumala Classic Daily Jar 3553,Mother Dairy,18.86,250g,Y,2026-10-05 06:00:00
PRD02555,CAT17,Fresho Classic  Carton 3554,Nestle,10.24,pcs,Y,2026-10-05 06:00:00
PRD02556,CAT42,Nivea Gold  Pouch 3555,Surf Excel,44.55,250g,Y,2026-10-05 06:00:00
PRD02557,CAT04,Rin Regular  Item 3556,Fortune,90.79,pack,Y,2026-10-05 06:00:00
PRD02558,CAT11,Maggi Lite  Item 3557,Dettol,17.11,bottle,Y,2026-10-05 06:00:00
PRD02559,CAT15,Johnson's Ultra  Item 3558,Mother Dairy,9.5,500g,Y,2026-10-05 06:00:00
PRD02560,CAT30,Surf Excel Ultra Natural Pouch 3559,Amul,33.69,pcs,Y,2026-10-05 06:00:00
PRD02561,CAT24,Coca-Cola Organic  Pack 3560,Safal,33.83,pack,N,2026-10-05 06:00:00
PRD02562,CAT02,Colgate Premium Fresh Jar 3561,Lay's,59.95,250g,Y,2026-10-05 06:00:00
PRD02563,CAT43,Pampers Family Pack  Pouch 3562,Harpic,86.02,500g,Y,2026-10-05 06:00:00
PRD02564,CAT34,Gillette Regular Natural Pouch 3563,Everest,34.69,pcs,Y,2026-10-05 06:00:00
PRD02565,CAT23,Pampers Lite  Jar 3564,Lay's,194.41,1L,Y,2026-10-05 06:00:00
PRD02566,CAT31,Heritage Premium Daily Item 3565,Pepsi,44.78,pcs,Y,2026-10-05 06:00:00
PRD02567,CAT37,Dabur Gold Fresh Carton 3566,Godrej,26.8,pcs,Y,2026-10-05 06:00:00
PRD02568,CAT13,Thirumala Lite  Pouch 3567,Frooti,8.58,pcs,Y,2026-10-05 06:00:00
PRD02569,CAT33,Johnson's Lite Natural Box 3568,Pepsi,28.89,500g,Y,2026-10-05 06:00:00
PRD02570,CAT07,Maggi Organic  Pouch 3569,Fortune,27.04,500g,Y,2026-10-05 06:00:00
PRD02571,CAT32,Godrej Ultra Select Jar 3570,MDH,86.86,pcs,Y,2026-10-05 06:00:00
PRD02572,CAT07,Fresho Gold Select Bottle 3571,Ananda,55.49,pcs,Y,2026-10-05 06:00:00
PRD02573,CAT42,Dove Ultra Select Jar 3572,Gillette,12.66,pcs,Y,2026-10-05 06:00:00
PRD02574,CAT38,Lay's Lite  Jar 3573,Gillette,42.74,pcs,Y,2026-10-05 06:00:00
PRD02575,CAT44,Catch Ultra Daily Jar 3574,Ananda,66.98,500g,Y,2026-10-05 06:00:00
PRD02576,CAT13,MTR Gold Select Carton 3575,Bisleri,144.78,pcs,Y,2026-10-05 06:00:00
PRD02577,CAT24,Lay's Regular Select Bottle 3576,Patanjali,81.35,pcs,Y,2026-10-05 06:00:00
PRD02578,CAT28,Nestle Lite  Box 3577,Oleev,72.59,500g,Y,2026-10-05 06:00:00
PRD02579,CAT32,Surf Excel Classic Select Item 3578,Bisleri,38.63,pcs,N,2026-10-05 06:00:00
PRD02580,CAT43,Haldiram's Classic Natural Box 3579,Aashirvaad,51.91,pcs,Y,2026-10-05 06:00:00
PRD02581,CAT18,Oleev Ultra  Carton 3580,Sudha,112.68,pack,Y,2026-10-05 06:00:00
PRD02582,CAT34,Sudha Lite Fresh Item 3581,Ariel,11.03,500g,Y,2026-10-05 06:00:00
PRD02583,CAT34,Harpic Organic Daily Bottle 3582,Oleev,26.72,pack,Y,2026-10-05 06:00:00
PRD02584,CAT38,Harpic Classic  Pouch 3583,MDH,18.26,500g,Y,2026-10-05 06:00:00
PRD02585,CAT01,Catch Ultra Extra Item 3584,Tata,51.48,bottle,Y,2026-10-05 06:00:00
PRD02586,CAT43,Pedigree Regular Fresh Pouch 3585,Vim,110.74,pcs,Y,2026-10-05 06:00:00
PRD02587,CAT42,ITC Classic  Pack 3586,Sunpure,21.39,1L,Y,2026-10-05 06:00:00
PRD02588,CAT31,Parle Organic  Box 3587,Amul,4.26,500g,Y,2026-10-05 06:00:00
PRD02589,CAT01,Sudha Organic Extra Pouch 3588,Dabur,25.25,bottle,Y,2026-10-05 06:00:00
PRD02590,CAT16,Maggi Ultra  Jar 3589,Weikfield,83.27,500g,Y,2026-10-05 06:00:00
PRD02591,CAT39,Whiskas Gold  Pack 3590,Britannia,59.37,pack,Y,2026-10-05 06:00:00
PRD02592,CAT15,Gowardhan Ultra  Jar 3591,Saffola,53.81,1L,Y,2026-10-05 06:00:00
PRD02593,CAT33,Marico Regular Daily Jar 3592,Oleev,28.45,250g,Y,2026-10-05 06:00:00
PRD02594,CAT23,Nivea Organic Extra Pack 3593,Gowardhan,11.58,bottle,Y,2026-10-05 06:00:00
PRD02595,CAT41,Rin Regular Extra Pouch 3594,MTR Foods,58.19,dozen,Y,2026-10-05 06:00:00
PRD02596,CAT34,Himalaya Ultra Select Pouch 3595,Mother Dairy,17.27,250g,Y,2026-10-05 06:00:00
PRD02597,CAT17,MDH Lite Fresh Jar 3596,Parle,261.3,pcs,Y,2026-10-05 06:00:00
PRD02598,CAT25,Sunpure Classic Fresh Bottle 3597,Dabur,61.16,pcs,Y,2026-10-05 06:00:00
PRD02599,CAT42,Oleev Regular  Jar 3598,Sudha,21.7,pcs,Y,2026-10-05 06:00:00
PRD02600,CAT06,Dove Classic Daily Item 3599,Rasna,21.11,pcs,Y,2026-10-05 06:00:00
PRD02601,CAT31,Coca-Cola Premium  Jar 3600,Johnson's,33.66,pcs,Y,2026-10-05 06:00:00
PRD02602,CAT05,Himalaya Family Pack  Bottle 3601,Surf Excel,29.5,1L,Y,2026-10-05 06:00:00
PRD02603,CAT40,Rasna Gold Extra Bottle 3602,Rasna,100.0,pack,Y,2026-10-05 06:00:00
PRD02604,CAT40,Whiskas Classic Select Item 3603,Himalaya,43.28,pcs,Y,2026-10-05 06:00:00
PRD02605,CAT30,Lakme Lite  Jar 3604,Catch,18.94,1L,Y,2026-10-05 06:00:00
PRD02606,CAT05,Vim Regular Daily Jar 3605,Mother Dairy,200.62,500g,Y,2026-10-05 06:00:00
PRD02607,CAT12,Weikfield Premium Extra Pack 3606,Pepsi,38.26,bottle,Y,2026-10-05 06:00:00
PRD02608,CAT07,Rasna Lite  Item 3607,Colgate,73.11,pcs,Y,2026-10-05 06:00:00
PRD02609,CAT13,MTR Gold Natural Item 3608,ITC,21.17,1L,Y,2026-10-05 06:00:00
PRD02610,CAT04,Vim Family Pack Select Pack 3609,Thirumala,50.74,dozen,Y,2026-10-05 06:00:00
PRD02611,CAT42,MTR Classic Natural Jar 3610,Pepsi,48.42,pcs,Y,2026-10-05 06:00:00
PRD02612,CAT03,Mother Dairy Classic Fresh Box 3611,Everest,6.68,250g,Y,2026-10-05 06:00:00
PRD02613,CAT12,Close-Up Ultra Fresh Pack 3612,Gowardhan,224.47,bottle,Y,2026-10-05 06:00:00
PRD02614,CAT01,Amul Organic Daily Box 3613,Sudha,116.93,pcs,Y,2026-10-05 06:00:00
PRD02615,CAT27,MTR Foods Premium Extra Pouch 3614,Coca-Cola,25.6,dozen,Y,2026-10-05 06:00:00
PRD02616,CAT43,Sunpure Family Pack  Box 3615,Haldiram's,13.57,pack,Y,2026-10-05 06:00:00
PRD02617,CAT13,Amul Family Pack Natural Box 3616,Sudha,50.04,pcs,Y,2026-10-05 06:00:00
PRD02618,CAT17,Sunfeast Classic  Box 3617,MDH,39.57,pcs,Y,2026-10-05 06:00:00
PRD02619,CAT08,Licious Gold Select Box 3618,Pedigree,50.41,1L,Y,2026-10-05 06:00:00
PRD02620,CAT32,Amul Classic Select Bottle 3619,Dabur,43.49,bottle,Y,2026-10-05 06:00:00
PRD02621,CAT20,Dabur Classic  Bottle 3620,MDH,57.72,pcs,Y,2026-10-05 06:00:00
PRD02622,CAT17,Surf Excel Family Pack  Pack 3621,Ariel,134.64,250g,Y,2026-10-05 06:00:00
PRD02623,CAT34,Oleev Ultra Daily Bottle 3622,Pepsi,61.03,pcs,Y,2026-10-05 06:00:00
PRD02624,CAT35,Bisleri Regular Fresh Box 3623,Nivea,14.23,pack,Y,2026-10-05 06:00:00
PRD02625,CAT35,Vim Gold Fresh Item 3624,Johnson's,124.75,250g,N,2026-10-05 06:00:00
PRD02626,CAT38,Rin Family Pack  Pack 3625,Vim,160.22,500g,Y,2026-10-05 06:00:00
PRD02627,CAT42,Sunfeast Organic  Box 3626,Dettol,624.44,1L,Y,2026-10-05 06:00:00
PRD02628,CAT24,Licious Lite  Pack 3627,Nivea,13.31,bottle,Y,2026-10-05 06:00:00
PRD02629,CAT18,Himalaya Premium  Bottle 3628,Dabur,45.54,500g,Y,2026-10-05 06:00:00
PRD02630,CAT39,Dettol Regular  Pack 3629,Weikfield,5.62,250g,Y,2026-10-05 06:00:00
PRD02631,CAT33,Weikfield Lite Extra Jar 3630,Lakme,60.21,pcs,Y,2026-10-05 06:00:00
PRD02632,CAT23,ITC Classic Select Bottle 3631,Dettol,22.35,250g,Y,2026-10-05 06:00:00
PRD02633,CAT25,Johnson's Family Pack  Box 3632,Ananda,206.67,250g,Y,2026-10-05 06:00:00
PRD02634,CAT37,Saffola Organic Select Pack 3633,Close-Up,18.23,500g,Y,2026-10-05 06:00:00
PRD02635,CAT27,Surf Excel Classic  Pack 3634,Nestle,8.0,pack,Y,2026-10-05 06:00:00
PRD02636,CAT01,Lay's Regular  Carton 3635,Heritage,23.95,1L,Y,2026-10-05 06:00:00
PRD02637,CAT21,Rasna Lite  Jar 3636,ITC,6.18,kg,Y,2026-10-05 06:00:00
PRD02638,CAT10,Thirumala Regular Select Pouch 3637,Bisleri,71.95,pcs,Y,2026-10-05 06:00:00
PRD02639,CAT31,Everest Premium Select Bottle 3638,Heritage,5.71,pcs,Y,2026-10-05 06:00:00
PRD02640,CAT44,Himalaya Ultra Extra Item 3639,MTR Foods,37.55,pack,N,2026-10-05 06:00:00
PRD02641,CAT25,Saffola Organic Daily Pouch 3640,Close-Up,5.64,pack,N,2026-10-05 06:00:00
PRD02642,CAT20,Lay's Gold Daily Box 3641,Ariel,27.43,500g,Y,2026-10-05 06:00:00
PRD02643,CAT02,Oleev Classic Fresh Jar 3642,A2B,160.62,dozen,Y,2026-10-05 06:00:00
PRD02644,CAT15,Mother Dairy Organic Daily Bottle 3643,Haldiram's,50.63,250g,Y,2026-10-05 06:00:00
PRD02645,CAT28,MDH Classic  Pack 3644,Johnson's,16.82,dozen,Y,2026-10-05 06:00:00
PRD02646,CAT13,Sunpure Gold Daily Item 3645,Himalaya,35.58,500g,N,2026-10-05 06:00:00
PRD02647,CAT14,Maggi Organic  Box 3646,Patanjali,37.2,pcs,Y,2026-10-05 06:00:00
PRD02648,CAT02,Dabur Gold Select Item 3647,Patanjali,56.0,500g,Y,2026-10-05 06:00:00
PRD02649,CAT34,Lakme Lite  Carton 3648,Oleev,10.7,dozen,Y,2026-10-05 06:00:00
PRD02650,CAT35,Tata Organic Select Pouch 3649,Rin,62.38,500g,Y,2026-10-05 06:00:00
PRD02651,CAT37,Colgate Lite Daily Box 3650,Godrej,3.21,kg,Y,2026-10-05 06:00:00
PRD02652,CAT25,Vim Family Pack  Pouch 3651,Oleev,20.76,pack,Y,2026-10-05 06:00:00
PRD02653,CAT15,Vim Premium Fresh Item 3652,Oleev,23.58,500g,Y,2026-10-05 06:00:00
PRD02654,CAT12,ITC Regular Fresh Box 3653,Huggies,64.72,500g,Y,2026-10-05 06:00:00
PRD02655,CAT09,MDH Organic Daily Box 3654,Maggi,37.35,1L,Y,2026-10-05 06:00:00
PRD02656,CAT31,Fresho Premium  Item 3655,Amul,10.33,1L,Y,2026-10-05 06:00:00
PRD02657,CAT14,Amul Premium Natural Pack 3656,Tata,15.08,pcs,Y,2026-10-05 06:00:00
PRD02658,CAT29,Himalaya Family Pack Fresh Pouch 3657,Fresho,43.76,kg,N,2026-10-05 06:00:00
PRD02659,CAT43,Harpic Organic  Box 3658,Harpic,34.08,1L,Y,2026-10-05 06:00:00
PRD02660,CAT38,Gillette Regular Natural Box 3659,Coca-Cola,21.73,kg,Y,2026-10-05 06:00:00
PRD02661,CAT42,Surf Excel Classic  Jar 3660,Patanjali,23.74,1L,Y,2026-10-05 06:00:00
PRD02662,CAT08,Johnson's Gold Natural Box 3661,MTR Foods,68.48,500g,Y,2026-10-05 06:00:00
PRD02663,CAT03,Everest Regular Natural Pack 3662,Himalaya,22.97,1L,Y,2026-10-05 06:00:00
PRD02664,CAT02,MTR Foods Ultra Daily Pouch 3663,Lakme,33.81,pack,Y,2026-10-05 06:00:00
PRD02665,CAT16,Gowardhan Classic  Pack 3664,Britannia,258.0,pcs,Y,2026-10-05 06:00:00
PRD02666,CAT19,Marico Classic  Pouch 3665,Surf Excel,10.16,kg,Y,2026-10-05 06:00:00
PRD02667,CAT30,Safal Lite Daily Jar 3666,Rin,6.91,500g,Y,2026-10-05 06:00:00
PRD02668,CAT41,Rin Classic  Pouch 3667,Oleev,74.09,kg,Y,2026-10-05 06:00:00
PRD02669,CAT16,Lakme Regular Fresh Jar 3668,Huggies,19.87,bottle,Y,2026-10-05 06:00:00
PRD02670,CAT31,Close-Up Lite  Item 3669,Sudha,27.48,250g,Y,2026-10-05 06:00:00
PRD02671,CAT28,Maggi Lite Select Pouch 3670,Weikfield,18.12,500g,Y,2026-10-05 06:00:00
PRD02672,CAT04,MDH Ultra Natural Box 3671,Maggi,28.97,1L,Y,2026-10-05 06:00:00
PRD02673,CAT10,Rin Classic Select Item 3672,Himalaya,154.27,pack,N,2026-10-05 06:00:00
PRD02674,CAT18,Close-Up Organic  Pack 3673,Pepsi,75.33,500g,Y,2026-10-05 06:00:00
PRD02675,CAT32,Nivea Ultra  Box 3674,Dettol,79.52,250g,Y,2026-10-05 06:00:00
PRD02676,CAT30,Britannia Premium Daily Jar 3675,Huggies,10.23,pack,Y,2026-10-05 06:00:00
PRD02677,CAT36,Heritage Organic Extra Jar 3676,Everest,12.99,500g,Y,2026-10-05 06:00:00
PRD02678,CAT09,Pampers Classic  Bottle 3677,Fresho,3.0,500g,Y,2026-10-05 06:00:00
PRD02679,CAT36,Saffola Organic Select Bottle 3678,Gowardhan,17.66,pcs,Y,2026-10-05 06:00:00
PRD02680,CAT29,Nivea Ultra Daily Pack 3679,Frooti,86.58,pcs,Y,2026-10-05 06:00:00
PRD02681,CAT16,Amul Gold Daily Pouch 3680,Ariel,58.28,bottle,Y,2026-10-05 06:00:00
PRD02682,CAT28,Frooti Premium Extra Pouch 3681,Everest,29.98,pack,N,2026-10-05 06:00:00
PRD02683,CAT21,MDH Ultra Fresh Carton 3682,Oleev,35.87,pcs,Y,2026-10-05 06:00:00
PRD02684,CAT02,Fortune Ultra Fresh Pouch 3683,Godrej,19.69,bottle,Y,2026-10-05 06:00:00
PRD02685,CAT35,Surf Excel Gold Daily Item 3684,Rasna,44.0,pcs,Y,2026-10-05 06:00:00
PRD02686,CAT28,Pampers Lite Fresh Item 3685,Safal,72.91,500g,Y,2026-10-05 06:00:00
PRD02687,CAT36,Marico Gold Fresh Pack 3686,Whiskas,8.55,pcs,Y,2026-10-05 06:00:00
PRD02688,CAT31,ITC Premium Daily Carton 3687,Nivea,47.93,dozen,Y,2026-10-05 06:00:00
PRD02689,CAT33,Patanjali Classic  Jar 3688,Patanjali,84.71,dozen,Y,2026-10-05 06:00:00
PRD02690,CAT23,Sunfeast Regular Natural Item 3689,Vim,25.19,1L,Y,2026-10-05 06:00:00
PRD02691,CAT41,MDH Ultra  Bottle 3690,ITC,68.76,500g,Y,2026-10-05 06:00:00
PRD02692,CAT17,Fresho Ultra Natural Item 3691,Sunpure,460.9,500g,Y,2026-10-05 06:00:00
PRD02693,CAT01,Marico Premium Natural Pack 3692,Whiskas,33.32,250g,Y,2026-10-05 06:00:00
PRD02694,CAT42,Catch Ultra  Box 3693,Sudha,52.14,pcs,Y,2026-10-05 06:00:00
PRD02695,CAT23,Nestle Classic Select Jar 3694,MTR Foods,18.84,500g,Y,2026-10-05 06:00:00
PRD02696,CAT27,Godrej Lite Extra Pack 3695,Fortune,43.08,250g,N,2026-10-05 06:00:00
PRD02697,CAT25,Parle Ultra Daily Pouch 3696,Coca-Cola,55.38,500g,Y,2026-10-05 06:00:00
PRD02698,CAT32,Marico Organic  Bottle 3697,Johnson's,43.61,pcs,Y,2026-10-05 06:00:00
PRD02699,CAT19,Fortune Organic Natural Pack 3698,Fortune,14.62,500g,Y,2026-10-05 06:00:00
PRD02700,CAT24,Fresho Family Pack  Bottle 3699,Heritage,44.07,250g,Y,2026-10-05 06:00:00
PRD02701,CAT03,Pepsi Family Pack  Carton 3700,Everest,136.45,dozen,N,2026-10-05 06:00:00
PRD02702,CAT12,A2B Gold Daily Pouch 3701,Clinic Plus,54.8,pcs,Y,2026-10-05 06:00:00
PRD02703,CAT35,Gillette Gold Fresh Item 3702,Fresho,86.99,500g,Y,2026-10-05 06:00:00
PRD02704,CAT15,Colgate Gold  Carton 3703,Fortune,29.57,500g,Y,2026-10-05 06:00:00
PRD02705,CAT17,Bisleri Lite  Pack 3704,Saffola,71.87,pcs,Y,2026-10-05 06:00:00
PRD02706,CAT32,Aashirvaad Organic Daily Bottle 3705,Sunfeast,47.06,1L,Y,2026-10-05 06:00:00
PRD02707,CAT07,Safal Organic  Jar 3706,Weikfield,15.55,pcs,Y,2026-10-05 06:00:00
PRD02708,CAT19,Pedigree Gold  Pouch 3707,Oleev,48.75,pcs,Y,2026-10-05 06:00:00
PRD02709,CAT07,Harpic Organic Select Item 3708,Everest,14.99,250g,Y,2026-10-05 06:00:00
PRD02710,CAT05,Surf Excel Premium  Pack 3709,Safal,20.71,500g,Y,2026-10-05 06:00:00
PRD02711,CAT40,Mother Dairy Classic Fresh Pack 3710,Fortune,43.4,dozen,Y,2026-10-05 06:00:00
PRD02712,CAT21,Marico Premium  Carton 3711,Rin,47.82,500g,Y,2026-10-05 06:00:00
PRD02713,CAT07,Harpic Regular  Pack 3712,Coca-Cola,12.55,500g,Y,2026-10-05 06:00:00
PRD02714,CAT37,Maggi Family Pack Extra Carton 3713,Frooti,94.5,pcs,N,2026-10-05 06:00:00
PRD02715,CAT23,Coca-Cola Ultra Natural Bottle 3714,ITC,61.24,pcs,Y,2026-10-05 06:00:00
PRD02716,CAT11,Lay's Lite  Pouch 3715,Lakme,19.41,kg,Y,2026-10-05 06:00:00
PRD02717,CAT10,Frooti Ultra  Item 3716,Close-Up,9.17,250g,Y,2026-10-05 06:00:00
PRD02718,CAT21,Heritage Premium  Pouch 3717,Maggi,32.12,pcs,Y,2026-10-05 06:00:00
PRD02719,CAT41,Himalaya Classic Select Pack 3718,Haldiram's,24.5,250g,Y,2026-10-05 06:00:00
PRD02720,CAT33,Amul Lite  Pack 3719,Coca-Cola,40.52,dozen,Y,2026-10-05 06:00:00
PRD02721,CAT20,Vim Organic  Box 3720,Godrej,26.4,pcs,Y,2026-10-05 06:00:00
PRD02722,CAT33,MTR Foods Ultra Daily Jar 3721,Whiskas,6.01,pcs,Y,2026-10-05 06:00:00
PRD02723,CAT40,Gowardhan Classic Extra Pack 3722,Coca-Cola,25.8,pcs,Y,2026-10-05 06:00:00
PRD02724,CAT35,Surf Excel Lite  Box 3723,Nivea,27.8,bottle,Y,2026-10-05 06:00:00
PRD02725,CAT34,Sunfeast Classic Natural Item 3724,Surf Excel,64.73,pcs,Y,2026-10-05 06:00:00
PRD02726,CAT36,MTR Classic  Pouch 3725,Ananda,19.52,pcs,Y,2026-10-05 06:00:00
PRD02727,CAT27,Lay's Gold Select Pouch 3726,Licious,165.8,500g,Y,2026-10-05 06:00:00
PRD02728,CAT19,Haldiram's Gold Select Pack 3727,Tata,6.55,1L,Y,2026-10-05 06:00:00
PRD02729,CAT43,Fresho Ultra Fresh Box 3728,Johnson's,119.11,pack,Y,2026-10-05 06:00:00
PRD02730,CAT05,Licious Classic Fresh Bottle 3729,Himalaya,29.91,500g,Y,2026-10-05 06:00:00
PRD02731,CAT29,Weikfield Regular Fresh Carton 3730,MTR,79.33,500g,Y,2026-10-05 06:00:00
PRD02732,CAT10,Safal Classic  Carton 3731,Marico,39.32,dozen,Y,2026-10-05 06:00:00
PRD02733,CAT40,Lay's Gold Natural Pack 3732,Saffola,102.06,pcs,Y,2026-10-05 06:00:00
PRD02734,CAT13,Gowardhan Family Pack Extra Carton 3733,ITC,25.83,pcs,Y,2026-10-05 06:00:00
PRD02735,CAT29,Aashirvaad Classic Select Jar 3734,Whiskas,13.62,250g,Y,2026-10-05 06:00:00
PRD02736,CAT05,ITC Gold  Box 3735,MDH,131.43,250g,Y,2026-10-05 06:00:00
PRD02737,CAT12,Maggi Gold Select Box 3736,Johnson's,33.04,500g,Y,2026-10-05 06:00:00
PRD02738,CAT13,Parle Family Pack Select Bottle 3737,Lay's,44.67,pcs,Y,2026-10-05 06:00:00
PRD02739,CAT22,Frooti Organic Natural Pack 3738,Sunpure,111.19,250g,Y,2026-10-05 06:00:00
PRD02740,CAT40,Sudha Lite Select Bottle 3739,Patanjali,14.46,250g,Y,2026-10-05 06:00:00
PRD02741,CAT15,Johnson's Family Pack Extra Pouch 3740,Harpic,62.55,bottle,Y,2026-10-05 06:00:00
PRD02742,CAT13,Pampers Lite Select Item 3741,Pepsi,21.52,pack,Y,2026-10-05 06:00:00
PRD02743,CAT01,Ariel Organic Daily Jar 3742,Haldiram's,32.49,pcs,N,2026-10-05 06:00:00
PRD02744,CAT38,Dove Lite Natural Item 3743,Dettol,39.06,pack,Y,2026-10-05 06:00:00
PRD02745,CAT43,Patanjali Premium Natural Pouch 3744,Everest,9.49,pcs,Y,2026-10-05 06:00:00
PRD02746,CAT01,Close-Up Gold  Item 3745,Huggies,18.16,bottle,Y,2026-10-05 06:00:00
PRD02747,CAT11,Safal Regular Natural Carton 3746,Coca-Cola,123.47,250g,Y,2026-10-05 06:00:00
PRD02748,CAT43,Sunpure Gold Fresh Bottle 3747,Johnson's,81.25,1L,Y,2026-10-05 06:00:00
PRD02749,CAT40,Lay's Organic Daily Pack 3748,Dabur,34.59,1L,Y,2026-10-05 06:00:00
PRD02750,CAT22,Heritage Lite  Jar 3749,Gillette,45.55,pcs,Y,2026-10-05 06:00:00
PRD02751,CAT35,Maggi Classic  Bottle 3750,Surf Excel,28.08,pcs,Y,2026-10-05 06:00:00
PRD02752,CAT44,Catch Premium Select Box 3751,Harpic,124.08,pcs,Y,2026-10-05 06:00:00
PRD02753,CAT06,Tata Classic  Bottle 3752,Weikfield,30.56,pack,Y,2026-10-05 06:00:00
PRD02754,CAT28,Thirumala Gold  Pack 3753,Weikfield,45.09,500g,Y,2026-10-05 06:00:00
PRD02755,CAT31,MTR Gold  Pack 3754,Fresho,102.66,pcs,Y,2026-10-05 06:00:00
PRD02756,CAT08,Aashirvaad Premium Select Pack 3755,Godrej,18.18,pack,Y,2026-10-05 06:00:00
PRD02757,CAT05,Saffola Gold Extra Jar 3756,Haldiram's,148.85,pcs,Y,2026-10-05 06:00:00
PRD02758,CAT42,Maggi Ultra Extra Bottle 3757,MDH,9.23,pack,Y,2026-10-05 06:00:00
PRD02759,CAT44,Catch Regular Extra Carton 3758,Pedigree,158.65,500g,Y,2026-10-05 06:00:00
PRD02760,CAT17,MTR Foods Premium Fresh Item 3759,Colgate,26.17,500g,Y,2026-10-05 06:00:00
PRD02761,CAT38,Lay's Premium  Pouch 3760,Heritage,29.42,pcs,Y,2026-10-05 06:00:00
PRD02762,CAT09,Saffola Gold  Item 3761,Surf Excel,6.68,bottle,Y,2026-10-05 06:00:00
PRD02763,CAT99,Bisleri Organic Extra Pouch 3762,Haldiram's,24.31,pcs,Y,2026-10-05 06:00:00
PRD02764,CAT20,MDH Ultra Fresh Jar 3763,Dettol,14.36,pcs,Y,2026-10-05 06:00:00
PRD02765,CAT14,Fortune Organic  Box 3764,Pedigree,21.18,1L,Y,2026-10-05 06:00:00
PRD02766,CAT14,Dove Organic  Jar 3765,Parle,32.34,pack,Y,2026-10-05 06:00:00
PRD02767,CAT26,Patanjali Organic  Pack 3766,Fortune,86.66,pcs,Y,2026-10-05 06:00:00
PRD02768,CAT29,Bisleri Gold  Carton 3767,Aashirvaad,44.12,250g,Y,2026-10-05 06:00:00
PRD02769,CAT27,Frooti Family Pack Extra Box 3768,Ariel,48.27,250g,Y,2026-10-05 06:00:00
PRD02770,CAT25,MTR Foods Organic Select Pack 3769,Godrej,13.65,1L,Y,2026-10-05 06:00:00
PRD02771,CAT16,Tata Regular Select Pack 3770,Surf Excel,16.57,500g,Y,2026-10-05 06:00:00
PRD02772,CAT36,ITC Classic  Item 3771,Himalaya,184.72,pcs,Y,2026-10-05 06:00:00
PRD02773,CAT34,MTR Regular  Pack 3772,Aashirvaad,18.88,500g,Y,2026-10-05 06:00:00
PRD02774,CAT16,Himalaya Gold  Item 3773,Sunfeast,162.49,250g,Y,2026-10-05 06:00:00
PRD02775,CAT33,Patanjali Premium Fresh Pack 3774,Himalaya,29.41,pcs,Y,2026-10-05 06:00:00
PRD02776,CAT03,Johnson's Lite  Pack 3775,Patanjali,36.67,1L,Y,2026-10-05 06:00:00
PRD02777,CAT23,ITC Classic  Pouch 3776,Lay's,95.9,pcs,Y,2026-10-05 06:00:00
PRD02778,CAT11,Ananda Family Pack  Item 3777,Close-Up,114.97,500g,Y,2026-10-05 06:00:00
PRD02779,CAT18,Parle Classic Fresh Item 3778,Dabur,33.12,1L,Y,2026-10-05 06:00:00
PRD02780,CAT41,Sunfeast Ultra Select Pouch 3779,Haldiram's,25.81,bottle,Y,2026-10-05 06:00:00
PRD02781,CAT44,Dabur Regular Select Jar 3780,Huggies,34.8,1L,Y,2026-10-05 06:00:00
PRD02782,CAT29,Sunfeast Gold  Box 3781,Nivea,49.61,pcs,Y,2026-10-05 06:00:00
PRD02783,CAT05,Dettol Classic  Item 3782,Lay's,81.63,pcs,Y,2026-10-05 06:00:00
PRD02784,CAT24,Ariel Organic Extra Pouch 3783,Close-Up,36.74,1L,Y,2026-10-05 06:00:00
PRD02785,CAT29,A2B Premium Fresh Pack 3784,Weikfield,63.88,500g,N,2026-10-05 06:00:00
PRD02786,CAT29,Lay's Family Pack  Jar 3785,Pampers,159.9,250g,Y,2026-10-05 06:00:00
PRD02787,CAT26,Dove Lite Daily Carton 3786,Dabur,51.58,500g,Y,2026-10-05 06:00:00
PRD02788,CAT40,Rasna Gold  Pouch 3787,Clinic Plus,48.45,pack,Y,2026-10-05 06:00:00
PRD02789,CAT03,Pedigree Regular Extra Carton 3788,Pedigree,9.33,kg,Y,2026-10-05 06:00:00
PRD02790,CAT02,Maggi Regular Fresh Box 3789,Johnson's,3.43,pcs,Y,2026-10-05 06:00:00
PRD02791,CAT25,Lakme Organic  Jar 3790,Pampers,51.91,250g,Y,2026-10-05 06:00:00
PRD02792,CAT19,Oleev Organic Daily Pack 3791,Catch,33.6,pcs,Y,2026-10-05 06:00:00
PRD02793,CAT40,Lakme Classic  Pouch 3792,Tata,23.03,500g,Y,2026-10-05 06:00:00
PRD02794,CAT02,Marico Family Pack  Carton 3793,Sunpure,45.57,500g,Y,2026-10-05 06:00:00
PRD02795,CAT19,Amul Gold Fresh Pouch 3794,Heritage,34.66,250g,N,2026-10-05 06:00:00
PRD02796,CAT01,A2B Classic Extra Item 3795,Tata,100.99,500g,Y,2026-10-05 06:00:00
PRD02797,CAT27,Clinic Plus Regular  Box 3796,Catch,39.55,pack,Y,2026-10-05 06:00:00
PRD02798,CAT35,Coca-Cola Classic Fresh Pouch 3797,Dove,18.69,pcs,Y,2026-10-05 06:00:00
PRD02799,CAT41,MTR Regular  Item 3798,Sunpure,89.22,pcs,Y,2026-10-05 06:00:00
PRD02800,CAT05,Pepsi Family Pack Fresh Bottle 3799,Vim,30.1,pcs,Y,2026-10-05 06:00:00
PRD02801,CAT38,Godrej Family Pack  Item 3800,Clinic Plus,58.78,250g,Y,2026-10-05 06:00:00
PRD02802,CAT04,Huggies Family Pack  Box 3801,Dettol,23.82,pcs,Y,2026-10-05 06:00:00
PRD02803,CAT17,Sunpure Ultra Select Bottle 3802,Aashirvaad,20.39,500g,Y,2026-10-05 06:00:00
PRD02804,CAT21,Sunpure Gold Extra Box 3803,Rasna,39.48,pcs,Y,2026-10-05 06:00:00
PRD02805,CAT31,Whiskas Regular Natural Item 3804,Nivea,37.02,pcs,Y,2026-10-05 06:00:00
PRD02806,CAT22,Rasna Organic Extra Box 3805,Pampers,56.36,pcs,N,2026-10-05 06:00:00
PRD02807,CAT11,Licious Premium  Jar 3806,Nivea,28.74,pcs,Y,2026-10-05 06:00:00
PRD02808,CAT34,Ananda Lite  Pack 3807,Rasna,7.01,500g,Y,2026-10-05 06:00:00
PRD02809,CAT15,Sunpure Classic Fresh Bottle 3808,Fortune,24.79,500g,Y,2026-10-05 06:00:00
PRD02810,CAT10,Coca-Cola Organic  Pack 3809,Himalaya,74.77,pcs,Y,2026-10-05 06:00:00
PRD02811,CAT38,Gowardhan Family Pack  Box 3810,Clinic Plus,28.0,1L,Y,2026-10-05 06:00:00
PRD02812,CAT32,Clinic Plus Family Pack Extra Item 3811,Ariel,29.32,pcs,Y,2026-10-05 06:00:00
PRD02813,CAT31,Dove Gold  Bottle 3812,Gillette,88.92,500g,Y,2026-10-05 06:00:00
PRD02814,CAT37,Oleev Organic Daily Bottle 3813,Lakme,19.28,250g,Y,2026-10-05 06:00:00
PRD02815,CAT44,Haldiram's Classic Natural Box 3814,Rin,9.13,1L,Y,2026-10-05 06:00:00
PRD02816,CAT28,Nivea Family Pack Daily Jar 3815,Dove,31.67,kg,Y,2026-10-05 06:00:00
PRD02817,CAT31,Everest Family Pack  Box 3816,Bisleri,23.67,500g,Y,2026-10-05 06:00:00
PRD02818,CAT06,Clinic Plus Premium  Bottle 3817,Dettol,15.34,pack,Y,2026-10-05 06:00:00
PRD02819,CAT14,Lay's Lite Natural Pouch 3818,Pampers,31.25,250g,Y,2026-10-05 06:00:00
PRD02820,CAT23,Britannia Organic  Carton 3819,Vim,56.96,bottle,Y,2026-10-05 06:00:00
PRD02821,CAT16,MTR Organic Extra Pack 3820,Aashirvaad,36.29,kg,Y,2026-10-05 06:00:00
PRD02822,CAT25,Tata Lite  Carton 3821,Marico,48.24,pcs,Y,2026-10-05 06:00:00
PRD02823,CAT39,Rasna Organic Fresh Box 3822,A2B,187.18,pcs,Y,2026-10-05 06:00:00
PRD02824,CAT02,Marico Gold  Pack 3823,Everest,26.88,250g,Y,2026-10-05 06:00:00
PRD02825,CAT38,Aashirvaad Ultra Select Item 3824,Thirumala,47.02,500g,Y,2026-10-05 06:00:00
PRD02826,CAT41,Colgate Family Pack Select Pouch 3825,Mother Dairy,23.14,pack,Y,2026-10-05 06:00:00
PRD02827,CAT39,Patanjali Ultra  Carton 3826,Marico,17.09,pcs,Y,2026-10-05 06:00:00
PRD02828,CAT34,Tata Classic Select Box 3827,ITC,21.62,pack,Y,2026-10-05 06:00:00
PRD02829,CAT40,Saffola Ultra  Pack 3828,Dabur,23.79,pcs,Y,2026-10-05 06:00:00
PRD02830,CAT43,Sunfeast Organic Extra Bottle 3829,Weikfield,50.58,pcs,Y,2026-10-05 06:00:00
PRD02831,CAT25,Pampers Gold Select Box 3830,Gowardhan,303.13,dozen,Y,2026-10-05 06:00:00
PRD02832,CAT36,Safal Organic  Pouch 3831,Lay's,19.21,pcs,Y,2026-10-05 06:00:00
PRD02833,CAT16,Ananda Lite  Jar 3832,Rin,25.15,pcs,Y,2026-10-05 06:00:00
PRD02834,CAT18,Weikfield Gold Natural Jar 3833,Lay's,34.58,pcs,Y,2026-10-05 06:00:00
PRD02835,CAT13,Heritage Regular  Pack 3834,Dove,52.26,pack,Y,2026-10-05 06:00:00
PRD02836,CAT37,Fresho Family Pack  Bottle 3835,Mother Dairy,46.4,250g,Y,2026-10-05 06:00:00
PRD02837,CAT27,A2B Regular  Carton 3836,Gowardhan,116.24,pack,Y,2026-10-05 06:00:00
PRD02838,CAT34,Rasna Organic Fresh Pouch 3837,Rasna,4.12,500g,Y,2026-10-05 06:00:00
PRD02839,CAT11,Catch Premium Extra Carton 3838,Tata,4.27,500g,Y,2026-10-05 06:00:00
PRD02840,CAT01,Sunpure Gold Extra Jar 3839,Huggies,23.42,pcs,Y,2026-10-05 06:00:00
PRD02841,CAT13,Ariel Classic  Pack 3840,Pedigree,98.26,pcs,Y,2026-10-05 06:00:00
PRD02842,CAT30,Everest Lite Select Jar 3841,Himalaya,8.94,500g,Y,2026-10-05 06:00:00
PRD02843,CAT05,Pampers Gold Select Pack 3842,Whiskas,3.0,1L,Y,2026-10-05 06:00:00
PRD02844,CAT18,Sunfeast Lite Daily Jar 3843,Tata,61.19,pcs,Y,2026-10-05 06:00:00
PRD02845,CAT14,Huggies Premium Natural Carton 3844,Rasna,45.57,pcs,Y,2026-10-05 06:00:00
PRD02846,CAT13,MTR Premium Fresh Box 3845,Pedigree,13.72,pcs,Y,2026-10-05 06:00:00
PRD02847,CAT32,Whiskas Classic Extra Jar 3846,Pepsi,15.07,500g,Y,2026-10-05 06:00:00
PRD02848,CAT07,Clinic Plus Organic Select Box 3847,Close-Up,15.29,pcs,Y,2026-10-05 06:00:00
PRD02849,CAT08,Sunfeast Organic Natural Item 3848,Mother Dairy,40.43,pcs,Y,2026-10-05 06:00:00
PRD02850,CAT07,Pepsi Family Pack Select Box 3849,Nestle,20.83,pcs,Y,2026-10-05 06:00:00
PRD02851,CAT16,Pepsi Gold Select Bottle 3850,Saffola,57.09,pack,Y,2026-10-05 06:00:00
PRD02852,CAT43,Himalaya Organic Fresh Jar 3851,Fresho,3.0,pcs,Y,2026-10-05 06:00:00
PRD02853,CAT31,Lakme Classic  Carton 3852,Nestle,16.93,pack,Y,2026-10-05 06:00:00
PRD02854,CAT27,Thirumala Classic  Jar 3853,Johnson's,13.28,500g,Y,2026-10-05 06:00:00
PRD02855,CAT33,Nestle Organic  Bottle 3854,Dove,29.06,1L,Y,2026-10-05 06:00:00
PRD02856,CAT29,Everest Classic Extra Pouch 3855,Sunfeast,22.55,pcs,Y,2026-10-05 06:00:00
PRD02857,CAT08,Ariel Premium Fresh Carton 3856,Nivea,75.04,1L,N,2026-10-05 06:00:00
PRD02858,CAT33,Dettol Lite Daily Carton 3857,Sunpure,6.87,pcs,Y,2026-10-05 06:00:00
PRD02859,CAT41,Clinic Plus Organic  Pack 3858,Catch,38.13,pcs,Y,2026-10-05 06:00:00
PRD02860,CAT19,Sunpure Family Pack  Box 3859,Sudha,60.49,bottle,Y,2026-10-05 06:00:00
PRD02861,CAT21,Ananda Family Pack Select Carton 3860,Rasna,194.61,1L,Y,2026-10-05 06:00:00
PRD02862,CAT41,MTR Foods Organic  Box 3861,Huggies,23.72,pcs,Y,2026-10-05 06:00:00
PRD02863,CAT21,Ananda Lite Fresh Box 3862,MDH,49.01,500g,Y,2026-10-05 06:00:00
PRD02864,CAT25,Licious Ultra Fresh Carton 3863,Mother Dairy,7.22,500g,Y,2026-10-05 06:00:00
PRD02865,CAT42,Fresho Organic Daily Item 3864,Weikfield,4.25,250g,Y,2026-10-05 06:00:00
PRD02866,CAT23,Fresho Organic  Item 3865,Rasna,78.28,1L,Y,2026-10-05 06:00:00
PRD02867,CAT11,Nestle Gold Natural Carton 3866,Himalaya,36.42,pcs,Y,2026-10-05 06:00:00
PRD02868,CAT33,Heritage Regular Natural Pack 3867,Saffola,105.71,pcs,Y,2026-10-05 06:00:00
PRD02869,CAT20,Huggies Organic Daily Pouch 3868,MTR,10.63,500g,Y,2026-10-05 06:00:00
PRD02870,CAT25,Bisleri Lite Select Carton 3869,Fresho,58.43,500g,Y,2026-10-05 06:00:00
PRD02871,CAT26,Tata Organic  Jar 3870,Dettol,196.75,500g,Y,2026-10-05 06:00:00
PRD02872,CAT40,Gowardhan Gold Select Box 3871,Harpic,53.4,250g,Y,2026-10-05 06:00:00
PRD02873,CAT12,Pedigree Gold Select Pack 3872,Clinic Plus,46.94,250g,Y,2026-10-05 06:00:00
PRD02874,CAT32,Harpic Gold  Jar 3873,Marico,36.88,500g,Y,2026-10-05 06:00:00
PRD02875,CAT33,Huggies Organic Fresh Carton 3874,Patanjali,8.9,bottle,Y,2026-10-05 06:00:00
PRD02876,CAT10,Johnson's Gold Natural Pack 3875,Fresho,123.97,pcs,Y,2026-10-05 06:00:00
PRD02877,CAT04,Dove Classic  Bottle 3876,Sudha,21.12,1L,Y,2026-10-05 06:00:00
PRD02878,CAT15,Amul Gold  Pouch 3877,Rasna,57.63,kg,Y,2026-10-05 06:00:00
PRD02879,CAT06,MDH Classic Select Item 3878,Fortune,8.96,500g,Y,2026-10-05 06:00:00
PRD02880,CAT27,Everest Gold Extra Jar 3879,Pepsi,12.66,500g,Y,2026-10-05 06:00:00
PRD02881,CAT05,Marico Regular  Pack 3880,Heritage,133.16,pcs,Y,2026-10-05 06:00:00
PRD02882,CAT05,MTR Foods Lite Fresh Pack 3881,Heritage,26.77,pack,Y,2026-10-05 06:00:00
PRD02883,CAT18,Pampers Lite Select Carton 3882,Rin,135.36,500g,Y,2026-10-05 06:00:00
PRD02884,CAT28,Godrej Premium Fresh Item 3883,Sunfeast,34.11,250g,Y,2026-10-05 06:00:00
PRD02885,CAT35,Lay's Premium  Item 3884,Dabur,6.97,pcs,Y,2026-10-05 06:00:00
PRD02886,CAT22,Clinic Plus Classic  Pack 3885,Maggi,81.68,pcs,Y,2026-10-05 06:00:00
PRD02887,CAT34,Himalaya Ultra  Item 3886,MTR,21.52,pcs,Y,2026-10-05 06:00:00
PRD02888,CAT04,Aashirvaad Family Pack Natural Carton 3887,Nivea,68.64,pcs,Y,2026-10-05 06:00:00
PRD02889,CAT18,Patanjali Organic  Bottle 3888,Clinic Plus,37.44,bottle,Y,2026-10-05 06:00:00
PRD02890,CAT41,Ananda Premium Select Item 3889,Amul,9.13,bottle,Y,2026-10-05 06:00:00
PRD02891,CAT26,Gillette Classic Daily Jar 3890,Lay's,42.43,500g,Y,2026-10-05 06:00:00
PRD02892,CAT42,Dettol Organic Natural Jar 3891,Ariel,264.17,pcs,Y,2026-10-05 06:00:00
PRD02893,CAT22,Safal Family Pack  Pack 3892,Fresho,57.04,pcs,Y,2026-10-05 06:00:00
PRD02894,CAT33,Colgate Premium  Jar 3893,Catch,34.75,1L,Y,2026-10-05 06:00:00
PRD02895,CAT43,Huggies Premium  Box 3894,Fortune,96.33,pcs,Y,2026-10-05 06:00:00
PRD02896,CAT14,Sunfeast Family Pack  Pack 3895,Maggi,44.24,250g,Y,2026-10-05 06:00:00
PRD02897,CAT31,Pedigree Ultra  Pack 3896,Dabur,44.19,pcs,Y,2026-10-05 06:00:00
PRD02898,CAT10,Nivea Premium  Pouch 3897,Sunfeast,13.7,250g,Y,2026-10-05 06:00:00
PRD02899,CAT24,Whiskas Gold Daily Carton 3898,Whiskas,45.17,pack,Y,2026-10-05 06:00:00
PRD02900,CAT21,MTR Classic Daily Item 3899,Maggi,92.93,500g,Y,2026-10-05 06:00:00
PRD02901,CAT08,Parle Gold Daily Item 3900,Britannia,17.25,pack,Y,2026-10-05 06:00:00
PRD02902,CAT32,Catch Gold Fresh Box 3901,Clinic Plus,131.9,250g,Y,2026-10-05 06:00:00
PRD02903,CAT31,Close-Up Lite  Box 3902,Maggi,33.7,250g,Y,2026-10-05 06:00:00
PRD02904,CAT34,MDH Ultra Extra Jar 3903,Sudha,16.46,500g,Y,2026-10-05 06:00:00
PRD02905,CAT23,Sudha Family Pack Select Pouch 3904,Gowardhan,89.83,pcs,Y,2026-10-05 06:00:00
PRD02906,CAT25,Bisleri Lite Fresh Pack 3905,Catch,28.27,bottle,Y,2026-10-05 06:00:00
PRD02907,CAT07,Dabur Ultra Select Item 3906,MTR,72.5,1L,Y,2026-10-05 06:00:00
PRD02908,CAT19,Ariel Ultra  Carton 3907,Gillette,28.15,pack,Y,2026-10-05 06:00:00
PRD02909,CAT07,Patanjali Family Pack Select Bottle 3908,Harpic,34.68,1L,N,2026-10-05 06:00:00
PRD02910,CAT08,Vim Ultra Natural Pouch 3909,Johnson's,57.07,pcs,Y,2026-10-05 06:00:00
PRD02911,CAT14,Harpic Organic Select Pack 3910,Gowardhan,47.55,dozen,N,2026-10-05 06:00:00
PRD02912,CAT01,Huggies Regular Natural Jar 3911,Colgate,6.07,pcs,Y,2026-10-05 06:00:00
PRD02913,CAT13,Heritage Classic Extra Pack 3912,Godrej,13.34,bottle,Y,2026-10-05 06:00:00
PRD02914,CAT03,Licious Premium Fresh Pouch 3913,Thirumala,84.48,pcs,N,2026-10-05 06:00:00
PRD02915,CAT28,Dettol Ultra Natural Bottle 3914,Johnson's,32.49,500g,Y,2026-10-05 06:00:00
PRD02916,CAT38,Nestle Classic  Carton 3915,Bisleri,22.84,500g,Y,2026-10-05 06:00:00
PRD02917,CAT15,Parle Organic  Box 3916,Himalaya,10.78,kg,Y,2026-10-05 06:00:00
PRD02918,CAT36,Mother Dairy Classic Daily Jar 3917,Huggies,13.85,bottle,Y,2026-10-05 06:00:00
PRD02919,CAT03,MTR Regular  Carton 3918,Everest,5.93,pack,Y,2026-10-05 06:00:00
PRD02920,CAT04,Parle Classic  Box 3919,Britannia,33.41,500g,N,2026-10-05 06:00:00
PRD02921,CAT05,Frooti Premium Natural Pack 3920,Weikfield,21.36,pcs,N,2026-10-05 06:00:00
PRD02922,CAT26,Clinic Plus Regular Daily Pouch 3921,Licious,15.33,250g,Y,2026-10-05 06:00:00
PRD02923,CAT25,Aashirvaad Organic Fresh Pouch 3922,Vim,34.42,500g,Y,2026-10-05 06:00:00
PRD02924,CAT10,Patanjali Lite  Pouch 3923,Haldiram's,50.78,250g,Y,2026-10-05 06:00:00
PRD02925,CAT08,ITC Classic Select Jar 3924,Catch,240.78,pack,Y,2026-10-05 06:00:00
PRD02926,CAT12,Saffola Organic Natural Carton 3925,Himalaya,9.39,500g,Y,2026-10-05 06:00:00
PRD02927,CAT03,Parle Lite Daily Item 3926,Heritage,103.9,250g,N,2026-10-05 06:00:00
PRD02928,CAT27,Sudha Family Pack Extra Item 3927,A2B,87.86,pack,Y,2026-10-05 06:00:00
PRD02929,CAT23,ITC Organic  Item 3928,MDH,18.15,kg,Y,2026-10-05 06:00:00
PRD02930,CAT40,Rin Gold Natural Pouch 3929,Mother Dairy,43.94,1L,Y,2026-10-05 06:00:00
PRD02931,CAT33,Gowardhan Lite  Box 3930,A2B,24.24,250g,Y,2026-10-05 06:00:00
PRD02932,CAT14,Nestle Premium Extra Box 3931,Dove,43.26,500g,Y,2026-10-05 06:00:00
PRD02933,CAT23,Maggi Organic  Pouch 3932,Huggies,142.34,pcs,Y,2026-10-05 06:00:00
PRD02934,CAT31,Safal Premium Natural Jar 3933,Close-Up,63.12,pcs,Y,2026-10-05 06:00:00
PRD02935,CAT13,Nestle Classic Extra Item 3934,Heritage,57.84,pcs,Y,2026-10-05 06:00:00
PRD02936,CAT12,Thirumala Organic Fresh Box 3935,Saffola,24.85,pcs,Y,2026-10-05 06:00:00
PRD02937,CAT35,Parle Regular Select Item 3936,Everest,9.62,pcs,Y,2026-10-05 06:00:00
PRD02938,CAT18,Johnson's Regular Extra Pouch 3937,Pedigree,30.34,pack,Y,2026-10-05 06:00:00
PRD02939,CAT21,Tata Organic Fresh Jar 3938,Close-Up,108.41,1L,Y,2026-10-05 06:00:00
PRD02940,CAT42,Clinic Plus Family Pack  Carton 3939,Coca-Cola,9.26,500g,Y,2026-10-05 06:00:00
PRD02941,CAT01,MTR Classic  Pack 3940,Johnson's,14.16,500g,Y,2026-10-05 06:00:00
PRD02942,CAT38,Tata Premium  Item 3941,Dove,41.0,500g,Y,2026-10-05 06:00:00
PRD02943,CAT41,Parle Organic Daily Pack 3942,Dettol,15.09,pcs,Y,2026-10-05 06:00:00
PRD02944,CAT42,Dove Lite Natural Carton 3943,Harpic,17.93,pcs,Y,2026-10-05 06:00:00
PRD02945,CAT09,Fresho Premium  Box 3944,Saffola,25.0,pack,Y,2026-10-05 06:00:00
PRD02946,CAT23,Licious Premium  Item 3945,Gillette,10.71,250g,Y,2026-10-05 06:00:00
PRD02947,CAT14,Colgate Classic Fresh Box 3946,Surf Excel,15.23,1L,Y,2026-10-05 06:00:00
PRD02948,CAT11,Frooti Organic Fresh Jar 3947,Whiskas,68.93,500g,Y,2026-10-05 06:00:00
PRD02949,CAT07,Coca-Cola Gold Extra Item 3948,Licious,11.28,pcs,Y,2026-10-05 06:00:00
PRD02950,CAT31,Maggi Regular  Carton 3949,Catch,8.69,500g,Y,2026-10-05 06:00:00
PRD02951,CAT24,Ariel Organic Extra Jar 3950,Sudha,20.76,1L,Y,2026-10-05 06:00:00
PRD02952,CAT26,Surf Excel Lite Extra Jar 3951,Rasna,70.72,250g,Y,2026-10-05 06:00:00
PRD02953,CAT30,Gillette Ultra Natural Carton 3952,Fortune,30.65,pcs,Y,2026-10-05 06:00:00
PRD02954,CAT34,Catch Family Pack Daily Item 3953,Sunpure,24.09,pack,Y,2026-10-05 06:00:00
PRD02955,CAT38,Godrej Ultra  Box 3954,Dettol,38.09,pcs,Y,2026-10-05 06:00:00
PRD02956,CAT05,Johnson's Lite Daily Jar 3955,Clinic Plus,7.61,500g,Y,2026-10-05 06:00:00
PRD02957,CAT05,Aashirvaad Classic Extra Item 3956,Haldiram's,57.12,1L,N,2026-10-05 06:00:00
PRD02958,CAT19,Patanjali Premium Daily Bottle 3957,Catch,51.68,500g,Y,2026-10-05 06:00:00
PRD02959,CAT38,Heritage Organic Daily Bottle 3958,Rin,25.32,1L,Y,2026-10-05 06:00:00
PRD02960,CAT28,Harpic Regular Daily Carton 3959,Marico,90.5,pcs,Y,2026-10-05 06:00:00
PRD02961,CAT26,Ariel Regular Fresh Jar 3960,Everest,13.27,500g,Y,2026-10-05 06:00:00
PRD02962,CAT42,Clinic Plus Gold  Pack 3961,Clinic Plus,101.0,pcs,Y,2026-10-05 06:00:00
PRD02963,CAT23,Fortune Regular Select Bottle 3962,Nestle,42.06,pcs,Y,2026-10-05 06:00:00
PRD02964,CAT30,A2B Lite Select Pack 3963,Fortune,27.03,pcs,Y,2026-10-05 06:00:00
PRD02965,CAT03,Aashirvaad Ultra Select Pack 3964,Catch,35.95,1L,Y,2026-10-05 06:00:00
PRD02966,CAT28,Rasna Ultra  Pack 3965,Dettol,33.23,pcs,Y,2026-10-05 06:00:00
PRD02967,CAT33,Clinic Plus Classic  Pack 3966,Harpic,109.76,pcs,Y,2026-10-05 06:00:00
PRD02968,CAT42,Nestle Family Pack  Box 3967,Dettol,13.89,1L,Y,2026-10-05 06:00:00
PRD02969,CAT03,Nestle Family Pack Extra Box 3968,Parle,18.43,bottle,Y,2026-10-05 06:00:00
PRD02970,CAT05,Godrej Classic  Box 3969,Dabur,93.01,250g,Y,2026-10-05 06:00:00
PRD02971,CAT19,Vim Lite  Bottle 3970,Sunpure,21.41,bottle,Y,2026-10-05 06:00:00
PRD02972,CAT42,Whiskas Organic Natural Item 3971,Godrej,82.31,1L,Y,2026-10-05 06:00:00
PRD02973,CAT01,Rin Ultra Natural Item 3972,Coca-Cola,168.93,500g,Y,2026-10-05 06:00:00
PRD02974,CAT38,Tata Organic Select Pack 3973,Safal,25.49,250g,Y,2026-10-05 06:00:00
PRD02975,CAT09,Himalaya Lite Select Pack 3974,Lay's,67.57,pcs,Y,2026-10-05 06:00:00
PRD02976,CAT05,Nivea Ultra Extra Pouch 3975,Licious,12.96,pcs,Y,2026-10-05 06:00:00
PRD02977,CAT42,Vim Classic  Jar 3976,Whiskas,72.19,pcs,Y,2026-10-05 06:00:00
PRD02978,CAT34,Mother Dairy Classic Daily Item 3977,Patanjali,43.79,pcs,Y,2026-10-05 06:00:00
PRD02979,CAT37,Tata Premium Fresh Pack 3978,Huggies,56.02,250g,Y,2026-10-05 06:00:00
PRD02980,CAT33,Aashirvaad Classic Fresh Pack 3979,Surf Excel,20.47,1L,Y,2026-10-05 06:00:00
PRD02981,CAT25,Licious Organic Select Bottle 3980,Whiskas,8.21,pcs,Y,2026-10-05 06:00:00
PRD02982,CAT42,Harpic Lite Fresh Bottle 3981,Harpic,57.57,bottle,Y,2026-10-05 06:00:00
PRD02983,CAT29,Patanjali Gold Daily Box 3982,Pedigree,5.71,1L,Y,2026-10-05 06:00:00
PRD02984,CAT25,Marico Ultra Fresh Jar 3983,Harpic,27.51,500g,Y,2026-10-05 06:00:00
PRD02985,CAT09,Amul Classic  Pouch 3984,Harpic,85.38,kg,Y,2026-10-05 06:00:00
PRD02986,CAT03,Safal Family Pack Fresh Carton 3985,Marico,43.5,pcs,N,2026-10-05 06:00:00
PRD02987,CAT15,Safal Lite  Box 3986,Thirumala,211.35,250g,Y,2026-10-05 06:00:00
PRD02988,CAT04,Rasna Classic  Pack 3987,Johnson's,92.07,500g,Y,2026-10-05 06:00:00
PRD02989,CAT38,Haldiram's Family Pack  Item 3988,Sunpure,20.32,250g,Y,2026-10-05 06:00:00
PRD02990,CAT20,Weikfield Family Pack Select Box 3989,Harpic,37.51,kg,Y,2026-10-05 06:00:00
PRD02991,CAT23,Nestle Gold Fresh Item 3990,Colgate,35.07,500g,Y,2026-10-05 06:00:00
PRD02992,CAT37,Coca-Cola Premium Natural Bottle 3991,ITC,8.81,pcs,Y,2026-10-05 06:00:00
PRD02993,CAT08,Ariel Premium Extra Carton 3992,Frooti,15.7,pcs,Y,2026-10-05 06:00:00
PRD02994,CAT37,Mother Dairy Family Pack  Item 3993,Weikfield,22.09,pcs,Y,2026-10-05 06:00:00
PRD02995,CAT33,Heritage Premium Fresh Carton 3994,Marico,5.86,250g,N,2026-10-05 06:00:00
PRD02996,CAT33,Fortune Gold  Carton 3995,Patanjali,38.2,pcs,Y,2026-10-05 06:00:00
PRD02997,CAT07,Harpic Classic Fresh Carton 3996,Lakme,29.25,pcs,Y,2026-10-05 06:00:00
PRD02998,CAT22,Everest Regular Extra Bottle 3997,Heritage,8.12,250g,Y,2026-10-05 06:00:00
PRD02999,CAT05,Everest Regular Fresh Jar 3998,Patanjali,52.66,pcs,N,2026-10-05 06:00:00
PRD03000,CAT15,Gillette Ultra Natural Bottle 3999,Parle,69.71,pack,Y,2026-10-05 06:00:00
PRD03001,CAT21,Amul Regular Fresh Jar 4000,Saffola,44.9,pcs,Y,2026-10-05 06:00:00
PRD03002,CAT25,Haldiram's Family Pack  Box 4001,Safal,27.34,pcs,Y,2026-10-05 06:00:00
PRD03003,CAT17,Rasna Premium  Bottle 4002,Licious,62.32,pcs,Y,2026-10-05 06:00:00
PRD03004,CAT07,Sunpure Lite  Box 4003,Dettol,67.5,kg,Y,2026-10-05 06:00:00
PRD03005,CAT19,Gillette Premium Daily Pouch 4004,MDH,48.26,500g,Y,2026-10-05 06:00:00
PRD03006,CAT07,Everest Organic Natural Pack 4005,Bisleri,17.42,pcs,Y,2026-10-05 06:00:00
PRD03007,CAT40,Everest Classic Daily Bottle 4006,Dettol,46.94,500g,Y,2026-10-05 06:00:00
PRD03008,CAT24,Marico Classic Fresh Jar 4007,MTR,107.33,250g,Y,2026-10-05 06:00:00
PRD03009,CAT11,Rasna Family Pack  Box 4008,Aashirvaad,21.39,pcs,Y,2026-10-05 06:00:00
PRD03010,CAT41,Safal Regular Natural Bottle 4009,MTR Foods,241.81,250g,Y,2026-10-05 06:00:00
PRD03011,CAT01,Ariel Organic Fresh Box 4010,Ariel,22.8,pcs,Y,2026-10-05 06:00:00
PRD03012,CAT32,Dabur Premium Natural Carton 4011,Vim,37.68,pcs,Y,2026-10-05 06:00:00
PRD03013,CAT40,Lakme Classic Select Carton 4012,MTR Foods,19.98,500g,Y,2026-10-05 06:00:00
PRD03014,CAT44,Clinic Plus Regular Fresh Item 4013,Weikfield,44.74,pcs,Y,2026-10-05 06:00:00
PRD03015,CAT02,Amul Family Pack  Bottle 4014,Fresho,7.63,kg,N,2026-10-05 06:00:00
PRD03016,CAT15,Rasna Gold Fresh Pouch 4015,Gillette,22.39,pcs,Y,2026-10-05 06:00:00
PRD03017,CAT21,Johnson's Gold Fresh Bottle 4016,MTR,13.7,250g,Y,2026-10-05 06:00:00
PRD03018,CAT24,Himalaya Classic Fresh Item 4017,Dove,41.34,pcs,Y,2026-10-05 06:00:00
PRD03019,CAT17,Clinic Plus Premium Daily Box 4018,Lay's,89.57,pack,Y,2026-10-05 06:00:00
PRD03020,CAT09,Heritage Classic  Bottle 4019,MDH,65.46,pcs,Y,2026-10-05 06:00:00
PRD03021,CAT35,Colgate Premium Select Box 4020,Sudha,4.33,kg,Y,2026-10-05 06:00:00
PRD03022,CAT20,Weikfield Premium  Box 4021,Britannia,229.95,pcs,Y,2026-10-05 06:00:00
PRD03023,CAT19,Maggi Regular Fresh Carton 4022,Harpic,47.74,250g,Y,2026-10-05 06:00:00
PRD03024,CAT18,Sunpure Gold  Jar 4023,Rin,18.2,500g,Y,2026-10-05 06:00:00
PRD03025,CAT20,ITC Gold Daily Bottle 4024,Pedigree,42.16,500g,Y,2026-10-05 06:00:00
PRD03026,CAT30,Ariel Classic Fresh Pack 4025,Harpic,42.89,pcs,Y,2026-10-05 06:00:00
PRD03027,CAT40,Britannia Family Pack Natural Pack 4026,Godrej,20.08,pack,Y,2026-10-05 06:00:00
PRD03028,CAT01,Sudha Organic Select Bottle 4027,Dabur,43.73,pcs,Y,2026-10-05 06:00:00
PRD03029,CAT24,Fresho Classic Fresh Box 4028,Fresho,21.18,250g,Y,2026-10-05 06:00:00
PRD03030,CAT24,Nivea Ultra  Pouch 4029,Parle,25.43,500g,N,2026-10-05 06:00:00
PRD03031,CAT19,Vim Regular  Jar 4030,Close-Up,19.73,dozen,Y,2026-10-05 06:00:00
PRD03032,CAT30,Oleev Lite Fresh Pack 4031,Maggi,10.08,1L,Y,2026-10-05 06:00:00
PRD03033,CAT26,Dettol Lite Fresh Box 4032,Frooti,41.73,pcs,Y,2026-10-05 06:00:00
PRD03034,CAT42,Dove Ultra Extra Pouch 4033,Catch,61.98,500g,Y,2026-10-05 06:00:00
PRD03035,CAT44,Pepsi Organic Select Item 4034,Dabur,58.17,pcs,Y,2026-10-05 06:00:00
PRD03036,CAT38,Maggi Family Pack Natural Pouch 4035,Godrej,76.55,pcs,Y,2026-10-05 06:00:00
PRD03037,CAT29,Rasna Regular Extra Box 4036,Surf Excel,49.0,pcs,Y,2026-10-05 06:00:00
PRD03038,CAT13,Vim Family Pack Select Bottle 4037,Maggi,22.66,pack,Y,2026-10-05 06:00:00
PRD03039,CAT04,Clinic Plus Premium  Carton 4038,Maggi,77.92,pack,Y,2026-10-05 06:00:00
PRD03040,CAT17,Dettol Classic  Pouch 4039,Lakme,10.79,pcs,Y,2026-10-05 06:00:00
PRD03041,CAT33,Safal Ultra Daily Pouch 4040,Everest,16.27,500g,Y,2026-10-05 06:00:00
PRD03042,CAT05,Whiskas Regular  Pouch 4041,Sudha,15.37,pcs,Y,2026-10-05 06:00:00
PRD03043,CAT28,Pampers Ultra  Carton 4042,Clinic Plus,96.74,pcs,N,2026-10-05 06:00:00
PRD03044,CAT24,Sunpure Organic  Bottle 4043,Harpic,85.5,pcs,Y,2026-10-05 06:00:00
PRD03045,CAT17,Weikfield Premium Extra Carton 4044,Godrej,56.75,250g,Y,2026-10-05 06:00:00
PRD03046,CAT39,Saffola Family Pack  Item 4045,Nivea,96.04,kg,Y,2026-10-05 06:00:00
PRD03047,CAT40,Tata Ultra  Box 4046,Ariel,16.59,pcs,Y,2026-10-05 06:00:00
PRD03048,CAT44,Nivea Classic Fresh Pouch 4047,Aashirvaad,50.09,pcs,Y,2026-10-05 06:00:00
PRD03049,CAT11,Close-Up Regular  Item 4048,Godrej,32.7,pcs,Y,2026-10-05 06:00:00
PRD03050,CAT12,Everest Premium Daily Pouch 4049,Lakme,78.43,kg,Y,2026-10-05 06:00:00
PRD03051,CAT13,Lay's Family Pack  Pack 4050,Fresho,32.99,pcs,Y,2026-10-05 06:00:00
PRD03052,CAT08,Fresho Gold Fresh Jar 4051,Amul,25.88,1L,Y,2026-10-05 06:00:00
PRD03053,CAT01,Colgate Premium Extra Pouch 4052,Mother Dairy,59.55,bottle,Y,2026-10-05 06:00:00
PRD03054,CAT09,Frooti Lite  Item 4053,Godrej,80.52,pcs,Y,2026-10-05 06:00:00
PRD03055,CAT28,Amul Gold  Pouch 4054,Clinic Plus,20.06,1L,Y,2026-10-05 06:00:00
PRD03056,CAT02,Harpic Lite Daily Item 4055,Close-Up,34.64,pcs,Y,2026-10-05 06:00:00
PRD03057,CAT14,Close-Up Premium Extra Bottle 4056,Pampers,14.12,pack,Y,2026-10-05 06:00:00
PRD03058,CAT13,Tata Classic Fresh Bottle 4057,Frooti,3.86,pcs,Y,2026-10-05 06:00:00
PRD03059,CAT02,Close-Up Gold Daily Carton 4058,Surf Excel,43.83,dozen,N,2026-10-05 06:00:00
PRD03060,CAT04,Sunpure Ultra Extra Carton 4059,Everest,63.31,kg,Y,2026-10-05 06:00:00
PRD03061,CAT12,Weikfield Classic Select Pack 4060,A2B,46.33,250g,Y,2026-10-05 06:00:00
PRD03062,CAT10,Marico Premium  Pack 4061,Clinic Plus,6.33,500g,N,2026-10-05 06:00:00
PRD03063,CAT03,Heritage Lite  Pouch 4062,Nivea,26.69,250g,Y,2026-10-05 06:00:00
PRD03064,CAT04,Everest Lite Extra Bottle 4063,Parle,4.97,pcs,Y,2026-10-05 06:00:00
PRD03065,CAT06,Himalaya Ultra  Pouch 4064,Fortune,125.55,pcs,Y,2026-10-05 06:00:00
PRD03066,CAT23,Gillette Regular Fresh Bottle 4065,A2B,13.77,pcs,Y,2026-10-05 06:00:00
PRD03067,CAT05,Gowardhan Classic Extra Bottle 4066,Pedigree,113.28,1L,Y,2026-10-05 06:00:00
PRD03068,CAT03,Heritage Organic  Item 4067,A2B,85.74,pack,N,2026-10-05 06:00:00
PRD03069,CAT10,Himalaya Family Pack  Pouch 4068,Dettol,16.27,kg,Y,2026-10-05 06:00:00
PRD03070,CAT43,Gowardhan Premium Fresh Item 4069,Nestle,13.2,250g,Y,2026-10-05 06:00:00
PRD03071,CAT19,MTR Foods Family Pack  Box 4070,Lay's,50.17,250g,Y,2026-10-05 06:00:00
PRD03072,CAT14,Maggi Family Pack Extra Box 4071,Aashirvaad,17.12,bottle,Y,2026-10-05 06:00:00
PRD03073,CAT21,Amul Gold Natural Pouch 4072,Dettol,40.13,kg,Y,2026-10-05 06:00:00
PRD03074,CAT43,Sunpure Lite Natural Jar 4073,Tata,23.7,500g,Y,2026-10-05 06:00:00
PRD03075,CAT28,Pedigree Organic  Pack 4074,Catch,7.37,pcs,Y,2026-10-05 06:00:00
PRD03076,CAT21,MTR Foods Gold Natural Jar 4075,Dabur,4.92,500g,Y,2026-10-05 06:00:00
PRD03077,CAT36,Catch Regular Extra Jar 4076,Godrej,44.88,1L,Y,2026-10-05 06:00:00
PRD03078,CAT24,Sunpure Gold Fresh Carton 4077,Parle,22.08,1L,N,2026-10-05 06:00:00
PRD03079,CAT38,Saffola Ultra Select Item 4078,Sunfeast,22.25,dozen,Y,2026-10-05 06:00:00
PRD03080,CAT17,Safal Family Pack Select Bottle 4079,Whiskas,68.46,bottle,Y,2026-10-05 06:00:00
PRD03081,CAT22,Nivea Gold Fresh Pack 4080,Oleev,105.22,500g,Y,2026-10-05 06:00:00
PRD03082,CAT19,Frooti Regular Natural Pouch 4081,Fortune,28.64,pcs,Y,2026-10-05 06:00:00
PRD03083,CAT10,Lakme Organic  Item 4082,Patanjali,26.94,pcs,Y,2026-10-05 06:00:00
PRD03084,CAT11,Nestle Gold Daily Item 4083,Maggi,57.4,pcs,Y,2026-10-05 06:00:00
PRD03085,CAT38,Weikfield Classic Extra Jar 4084,Rasna,10.79,500g,Y,2026-10-05 06:00:00
PRD03086,CAT02,Close-Up Regular Daily Carton 4085,Huggies,44.74,bottle,N,2026-10-05 06:00:00
PRD03087,CAT33,Sudha Lite  Pack 4086,Clinic Plus,60.14,500g,Y,2026-10-05 06:00:00
PRD03088,CAT43,Catch Organic Select Item 4087,Rin,67.51,1L,Y,2026-10-05 06:00:00
PRD03089,CAT31,Tata Ultra  Item 4088,Sunfeast,6.4,pcs,Y,2026-10-05 06:00:00
PRD03090,CAT35,Sunpure Classic Extra Carton 4089,Pedigree,18.44,500g,Y,2026-10-05 06:00:00
PRD03091,CAT37,MTR Premium  Box 4090,Sunpure,16.6,bottle,Y,2026-10-05 06:00:00
PRD03092,CAT36,Harpic Family Pack Select Pack 4091,Sunpure,40.04,250g,Y,2026-10-05 06:00:00
PRD03093,CAT23,Marico Lite Daily Box 4092,Harpic,56.41,pcs,Y,2026-10-05 06:00:00
PRD03094,CAT36,Gillette Family Pack Fresh Pack 4093,Heritage,140.76,bottle,Y,2026-10-05 06:00:00
PRD03095,CAT40,Dabur Gold Select Carton 4094,Maggi,23.44,pcs,Y,2026-10-05 06:00:00
PRD03096,CAT39,Pedigree Lite  Pouch 4095,Oleev,23.39,1L,Y,2026-10-05 06:00:00
PRD03097,CAT26,Nestle Classic Daily Item 4096,Tata,103.0,pcs,Y,2026-10-05 06:00:00
PRD03098,CAT25,Sudha Gold  Box 4097,Nestle,47.79,250g,Y,2026-10-05 06:00:00
PRD03099,CAT17,Oleev Organic  Box 4098,A2B,114.54,pcs,Y,2026-10-05 06:00:00
PRD03100,CAT15,Pepsi Family Pack Daily Carton 4099,Dettol,47.46,1L,Y,2026-10-05 06:00:00
PRD03101,CAT37,Patanjali Family Pack Natural Box 4100,Whiskas,12.92,1L,Y,2026-10-05 06:00:00
PRD03102,CAT04,Lakme Gold  Bottle 4101,Gillette,11.03,pcs,Y,2026-10-05 06:00:00
PRD03103,CAT22,Vim Organic  Pouch 4102,Licious,9.06,kg,Y,2026-10-05 06:00:00
PRD03104,CAT17,Dove Gold Fresh Item 4103,Rasna,66.41,pcs,Y,2026-10-05 06:00:00
PRD03105,CAT22,Surf Excel Family Pack Daily Item 4104,Frooti,106.67,bottle,Y,2026-10-05 06:00:00
PRD03106,CAT17,Nivea Regular  Pack 4105,MDH,193.34,500g,Y,2026-10-05 06:00:00
PRD03107,CAT14,Heritage Ultra Fresh Bottle 4106,Huggies,78.16,250g,Y,2026-10-05 06:00:00
PRD03108,CAT14,MDH Regular  Carton 4107,Dettol,104.23,1L,Y,2026-10-05 06:00:00
PRD03109,CAT17,A2B Gold Fresh Item 4108,Vim,21.71,pcs,Y,2026-10-05 06:00:00
PRD03110,CAT08,Pampers Lite Fresh Bottle 4109,Britannia,12.93,pcs,Y,2026-10-05 06:00:00
PRD03111,CAT34,Lakme Premium  Pouch 4110,Safal,78.66,500g,Y,2026-10-05 06:00:00
PRD03112,CAT26,Close-Up Ultra  Item 4111,Johnson's,53.3,pack,Y,2026-10-05 06:00:00
PRD03113,CAT30,Haldiram's Organic Fresh Pack 4112,Saffola,40.31,kg,Y,2026-10-05 06:00:00
PRD03114,CAT22,Haldiram's Premium  Pack 4113,Ananda,51.86,pcs,Y,2026-10-05 06:00:00
PRD03115,CAT16,Johnson's Regular  Pack 4114,Weikfield,48.95,500g,Y,2026-10-05 06:00:00
PRD03116,CAT30,Gillette Classic  Box 4115,Surf Excel,116.21,1L,Y,2026-10-05 06:00:00
PRD03117,CAT16,Aashirvaad Organic  Pouch 4116,Rasna,117.39,500g,Y,2026-10-05 06:00:00
PRD03118,CAT38,Close-Up Gold Fresh Jar 4117,Oleev,-59.73,kg,Y,2026-10-05 06:00:00
PRD03119,CAT24,Britannia Classic  Bottle 4118,Oleev,78.35,pcs,Y,2026-10-05 06:00:00
PRD03120,CAT36,Whiskas Lite Natural Bottle 4119,Marico,58.13,500g,Y,2026-10-05 06:00:00
PRD03121,CAT35,Close-Up Ultra Daily Item 4120,Huggies,24.17,1L,Y,2026-10-05 06:00:00
PRD03122,CAT06,Tata Premium Daily Pouch 4121,Heritage,72.31,pcs,Y,2026-10-05 06:00:00
PRD03123,CAT04,Nivea Organic  Pouch 4122,Saffola,10.43,250g,Y,2026-10-05 06:00:00
PRD03124,CAT18,Close-Up Premium Select Carton 4123,Frooti,94.49,pcs,Y,2026-10-05 06:00:00
PRD03125,CAT06,Gowardhan Gold Select Jar 4124,Ariel,12.49,500g,Y,2026-10-05 06:00:00
PRD03126,CAT26,Vim Gold  Bottle 4125,A2B,47.33,250g,Y,2026-10-05 06:00:00
PRD03127,CAT37,Surf Excel Regular Natural Pack 4126,Haldiram's,17.1,pcs,Y,2026-10-05 06:00:00
PRD03128,CAT27,Haldiram's Organic  Pack 4127,Patanjali,60.22,pcs,Y,2026-10-05 06:00:00
PRD03129,CAT41,Fortune Classic  Pack 4128,Fortune,35.5,kg,Y,2026-10-05 06:00:00
PRD03130,CAT11,Dettol Premium  Carton 4129,Sunpure,8.71,bottle,Y,2026-10-05 06:00:00
PRD03131,CAT38,Catch Lite  Item 4130,MDH,53.44,kg,N,2026-10-05 06:00:00
PRD03132,CAT16,Tata Gold Extra Pack 4131,Tata,21.76,dozen,Y,2026-10-05 06:00:00
PRD03133,CAT19,Himalaya Premium Natural Box 4132,ITC,80.89,pcs,Y,2026-10-05 06:00:00
PRD03134,CAT43,Nivea Lite Fresh Pack 4133,Amul,36.64,pcs,Y,2026-10-05 06:00:00
PRD03135,CAT15,Nivea Organic Extra Jar 4134,Pepsi,52.24,pcs,N,2026-10-05 06:00:00
PRD03136,CAT26,Surf Excel Classic  Box 4135,Thirumala,15.46,bottle,Y,2026-10-05 06:00:00
PRD03137,CAT41,Pampers Lite Extra Jar 4136,Marico,21.53,250g,Y,2026-10-05 06:00:00
PRD03138,CAT31,Everest Regular Daily Bottle 4137,MTR Foods,24.22,1L,Y,2026-10-05 06:00:00
PRD03139,CAT19,MDH Ultra Natural Carton 4138,Heritage,79.13,kg,Y,2026-10-05 06:00:00
PRD03140,CAT24,Johnson's Ultra Daily Pouch 4139,Oleev,165.61,1L,Y,2026-10-05 06:00:00
PRD03141,CAT09,Fresho Ultra Natural Jar 4140,Godrej,17.73,pcs,Y,2026-10-05 06:00:00
PRD03142,CAT23,Pampers Classic  Box 4141,Himalaya,96.46,pcs,Y,2026-10-05 06:00:00
PRD03143,CAT04,Fresho Organic Extra Box 4142,Johnson's,5.19,pcs,Y,2026-10-05 06:00:00
PRD03144,CAT10,Dove Lite  Carton 4143,Everest,12.49,pcs,Y,2026-10-05 06:00:00
PRD03145,CAT09,Pedigree Lite Fresh Jar 4144,Harpic,15.44,500g,Y,2026-10-05 06:00:00
PRD03146,CAT19,Johnson's Lite  Box 4145,Maggi,10.83,pack,Y,2026-10-05 06:00:00
PRD03147,CAT15,Catch Gold  Pack 4146,Surf Excel,8.8,pcs,Y,2026-10-05 06:00:00
PRD03148,CAT34,Frooti Family Pack Extra Item 4147,Gowardhan,53.07,250g,Y,2026-10-05 06:00:00
PRD03149,CAT42,Nestle Family Pack  Box 4148,Harpic,30.18,500g,Y,2026-10-05 06:00:00
PRD03150,CAT19,ITC Organic Fresh Carton 4149,MTR Foods,51.49,dozen,Y,2026-10-05 06:00:00
PRD03151,CAT21,Dove Premium Fresh Carton 4150,Surf Excel,68.13,250g,Y,2026-10-05 06:00:00
PRD03152,CAT34,Lakme Organic Extra Item 4151,MTR,46.48,dozen,Y,2026-10-05 06:00:00
PRD03153,CAT17,A2B Organic Select Bottle 4152,Godrej,66.15,pcs,Y,2026-10-05 06:00:00
PRD03154,CAT18,Britannia Lite Daily Bottle 4153,Pepsi,34.38,pcs,Y,2026-10-05 06:00:00
PRD03155,CAT17,Pepsi Organic  Jar 4154,MDH,12.57,500g,Y,2026-10-05 06:00:00
PRD03156,CAT02,Colgate Premium Natural Item 4155,Close-Up,94.82,pcs,Y,2026-10-05 06:00:00
PRD03157,CAT01,Safal Regular Fresh Carton 4156,Pepsi,0.0,500g,Y,2026-10-05 06:00:00
PRD03158,CAT43,Saffola Lite  Box 4157,Licious,15.77,pcs,Y,2026-10-05 06:00:00
PRD03159,CAT10,Catch Organic Select Carton 4158,Nestle,31.18,500g,Y,2026-10-05 06:00:00
PRD03160,CAT37,Catch Premium  Pouch 4159,Pepsi,16.09,kg,Y,2026-10-05 06:00:00
PRD03161,CAT05,Gowardhan Ultra Extra Bottle 4160,Dettol,25.14,pcs,Y,2026-10-05 06:00:00
PRD03162,CAT12,Huggies Ultra  Bottle 4161,MDH,49.88,dozen,Y,2026-10-05 06:00:00
PRD03163,CAT36,Clinic Plus Lite  Item 4162,Harpic,50.07,pcs,Y,2026-10-05 06:00:00
PRD03164,CAT31,ITC Ultra  Pack 4163,Fresho,16.31,pcs,Y,2026-10-05 06:00:00
PRD03165,CAT38,Oleev Ultra Natural Pouch 4164,Fresho,23.6,500g,Y,2026-10-05 06:00:00
PRD03166,CAT09,Bisleri Premium Fresh Box 4165,Dabur,96.25,pack,Y,2026-10-05 06:00:00
PRD03167,CAT44,ITC Ultra  Item 4166,Heritage,57.21,250g,Y,2026-10-05 06:00:00
PRD03168,CAT26,Colgate Regular Fresh Carton 4167,Johnson's,236.88,250g,Y,2026-10-05 06:00:00
PRD03169,CAT15,Pepsi Family Pack Extra Item 4168,Amul,105.86,pcs,N,2026-10-05 06:00:00
PRD03170,CAT16,Rin Premium Extra Item 4169,Saffola,102.5,pcs,Y,2026-10-05 06:00:00
PRD03171,CAT13,Sunfeast Family Pack Daily Bottle 4170,Pampers,10.5,pcs,Y,2026-10-05 06:00:00
PRD03172,CAT25,Tata Classic Fresh Pouch 4171,Clinic Plus,72.78,pcs,N,2026-10-05 06:00:00
PRD03173,CAT30,Johnson's Regular  Bottle 4172,Close-Up,34.89,dozen,Y,2026-10-05 06:00:00
PRD03174,CAT07,Pepsi Ultra Fresh Box 4173,Godrej,22.29,bottle,Y,2026-10-05 06:00:00
PRD03175,CAT04,A2B Family Pack  Pack 4174,Surf Excel,42.57,pcs,Y,2026-10-05 06:00:00
PRD03176,CAT43,Marico Gold  Carton 4175,Britannia,85.69,250g,Y,2026-10-05 06:00:00
PRD03177,CAT40,Lakme Premium Daily Item 4176,Safal,57.44,1L,Y,2026-10-05 06:00:00
PRD03178,CAT38,MTR Foods Premium  Jar 4177,Lay's,16.6,pcs,Y,2026-10-05 06:00:00
PRD03179,CAT30,Whiskas Family Pack Natural Item 4178,Pedigree,71.39,500g,Y,2026-10-05 06:00:00
PRD03180,CAT10,Johnson's Lite  Jar 4179,Haldiram's,20.62,500g,N,2026-10-05 06:00:00
PRD03181,CAT30,Godrej Ultra  Jar 4180,Tata,44.48,1L,Y,2026-10-05 06:00:00
PRD03182,CAT39,Sunpure Regular  Pouch 4181,Gillette,27.85,pcs,Y,2026-10-05 06:00:00
PRD03183,CAT07,Mother Dairy Regular  Item 4182,Rin,30.05,kg,Y,2026-10-05 06:00:00
PRD03184,CAT36,Whiskas Family Pack  Pouch 4183,MDH,72.94,500g,N,2026-10-05 06:00:00
PRD03185,CAT35,Aashirvaad Lite Daily Box 4184,Coca-Cola,14.35,pcs,Y,2026-10-05 06:00:00
PRD03186,CAT24,Huggies Regular Select Item 4185,MDH,210.75,pcs,Y,2026-10-05 06:00:00
PRD03187,CAT39,MTR Foods Organic Fresh Pack 4186,Dabur,7.11,250g,Y,2026-10-05 06:00:00
PRD03188,CAT36,Nestle Regular Natural Box 4187,Safal,21.37,1L,Y,2026-10-05 06:00:00
PRD03189,CAT20,Dettol Regular Extra Box 4188,Tata,51.07,250g,Y,2026-10-05 06:00:00
PRD03190,CAT32,Lakme Premium  Box 4189,Nestle,61.92,pcs,Y,2026-10-05 06:00:00
PRD03191,CAT39,Britannia Ultra  Pouch 4190,Pedigree,33.43,pcs,Y,2026-10-05 06:00:00
PRD03192,CAT26,Nestle Classic Daily Carton 4191,Weikfield,34.76,500g,Y,2026-10-05 06:00:00
PRD03193,CAT26,Parle Regular Daily Bottle 4192,Haldiram's,52.96,pcs,Y,2026-10-05 06:00:00
PRD03194,CAT36,Thirumala Premium  Bottle 4193,Aashirvaad,29.73,250g,Y,2026-10-05 06:00:00
PRD03195,CAT43,Saffola Classic  Pack 4194,Maggi,128.23,pcs,Y,2026-10-05 06:00:00
PRD03196,CAT35,Huggies Organic  Carton 4195,Colgate,77.9,pcs,Y,2026-10-05 06:00:00
PRD03197,CAT43,Licious Premium Extra Jar 4196,Parle,80.28,pcs,Y,2026-10-05 06:00:00
PRD03198,CAT35,Pedigree Family Pack Natural Box 4197,Godrej,15.34,500g,Y,2026-10-05 06:00:00
PRD03199,CAT12,Dabur Ultra Daily Box 4198,Pepsi,34.07,250g,Y,2026-10-05 06:00:00
PRD03200,CAT33,Mother Dairy Regular Daily Bottle 4199,Vim,27.93,pack,Y,2026-10-05 06:00:00
PRD03201,CAT36,Parle Classic Daily Bottle 4200,ITC,14.8,pack,Y,2026-10-05 06:00:00
PRD03202,CAT14,Catch Organic Natural Item 4201,Britannia,50.61,1L,Y,2026-10-05 06:00:00
PRD03203,CAT33,Sunfeast Classic Natural Jar 4202,Aashirvaad,22.56,pcs,Y,2026-10-05 06:00:00
PRD03204,CAT24,Close-Up Lite Extra Carton 4203,Heritage,66.01,250g,Y,2026-10-05 06:00:00
PRD03205,CAT15,Dettol Lite  Pouch 4204,Sudha,13.97,pcs,Y,2026-10-05 06:00:00
PRD03206,CAT31,Mother Dairy Organic  Pouch 4205,Patanjali,171.94,pack,Y,2026-10-05 06:00:00
PRD03207,CAT17,Godrej Ultra Natural Box 4206,Everest,16.33,250g,Y,2026-10-05 06:00:00
PRD03208,CAT12,Surf Excel Classic Select Bottle 4207,Bisleri,44.58,250g,Y,2026-10-05 06:00:00
PRD03209,CAT22,Whiskas Gold Extra Jar 4208,Himalaya,74.64,pcs,Y,2026-10-05 06:00:00
PRD03210,CAT23,Licious Lite  Bottle 4209,Marico,21.9,dozen,Y,2026-10-05 06:00:00
PRD03211,CAT26,Amul Gold  Bottle 4210,Godrej,78.82,250g,Y,2026-10-05 06:00:00
PRD03212,CAT14,Godrej Family Pack  Pack 4211,Thirumala,12.11,250g,Y,2026-10-05 06:00:00
PRD03213,CAT12,A2B Premium Select Item 4212,Nivea,135.22,pcs,Y,2026-10-05 06:00:00
PRD03214,CAT04,Frooti Gold  Pack 4213,MTR Foods,37.07,500g,Y,2026-10-05 06:00:00
PRD03215,CAT13,Whiskas Organic Select Box 4214,Tata,21.4,pcs,Y,2026-10-05 06:00:00
PRD03216,CAT18,Maggi Organic Daily Jar 4215,MTR Foods,27.96,500g,Y,2026-10-05 06:00:00
PRD03217,CAT43,Himalaya Classic Natural Carton 4216,Pampers,75.79,1L,Y,2026-10-05 06:00:00
PRD03218,CAT28,Fresho Regular  Jar 4217,MTR,21.63,bottle,Y,2026-10-05 06:00:00
PRD03219,CAT38,Britannia Classic Natural Bottle 4218,Marico,18.65,pcs,Y,2026-10-05 06:00:00
PRD03220,CAT41,Safal Organic Extra Jar 4219,Dabur,29.98,1L,Y,2026-10-05 06:00:00
PRD03221,CAT44,Thirumala Organic Fresh Carton 4220,Whiskas,12.69,pcs,Y,2026-10-05 06:00:00
PRD03222,CAT19,Close-Up Gold  Jar 4221,Fortune,188.39,500g,Y,2026-10-05 06:00:00
PRD03223,CAT43,Oleev Classic  Item 4222,Fortune,21.98,kg,Y,2026-10-05 06:00:00
PRD03224,CAT38,Ariel Regular Extra Bottle 4223,Close-Up,77.36,250g,N,2026-10-05 06:00:00
PRD03225,CAT03,Parle Family Pack  Pouch 4224,Weikfield,44.19,500g,Y,2026-10-05 06:00:00
PRD03226,CAT19,Catch Ultra  Pack 4225,Vim,15.09,pcs,Y,2026-10-05 06:00:00
PRD03227,CAT20,Colgate Family Pack Natural Item 4226,Lay's,36.4,500g,Y,2026-10-05 06:00:00
PRD03228,CAT25,Huggies Organic Fresh Box 4227,Licious,74.11,pcs,Y,2026-10-05 06:00:00
PRD03229,CAT11,Gowardhan Regular  Pack 4228,Harpic,30.89,500g,Y,2026-10-05 06:00:00
PRD03230,CAT17,Britannia Lite Select Pouch 4229,Whiskas,107.1,pcs,Y,2026-10-05 06:00:00
PRD03231,CAT35,ITC Regular  Box 4230,Harpic,91.78,pack,Y,2026-10-05 06:00:00
PRD03232,CAT14,Himalaya Gold  Box 4231,Aashirvaad,83.68,pcs,Y,2026-10-05 06:00:00
PRD03233,CAT39,ITC Family Pack Extra Pack 4232,Bisleri,24.2,pcs,Y,2026-10-05 06:00:00
PRD03234,CAT19,Licious Gold Fresh Box 4233,Sunpure,13.85,250g,Y,2026-10-05 06:00:00
PRD03235,CAT03,Nivea Classic Daily Jar 4234,Mother Dairy,21.07,bottle,Y,2026-10-05 06:00:00
PRD03236,CAT34,ITC Gold  Pack 4235,Licious,43.67,dozen,Y,2026-10-05 06:00:00
PRD03237,CAT41,Johnson's Gold  Pouch 4236,Surf Excel,59.81,pack,Y,2026-10-05 06:00:00
PRD03238,CAT22,Fresho Premium Daily Item 4237,Haldiram's,5.18,pcs,Y,2026-10-05 06:00:00
PRD03239,CAT38,Gillette Premium Natural Pack 4238,Pedigree,36.33,pcs,Y,2026-10-05 06:00:00
PRD03240,CAT27,Himalaya Organic Extra Pouch 4239,Lakme,42.19,bottle,Y,2026-10-05 06:00:00
PRD03241,CAT21,Maggi Family Pack Fresh Item 4240,Vim,28.51,bottle,Y,2026-10-05 06:00:00
PRD03242,CAT41,MDH Classic Extra Bottle 4241,MDH,117.0,1L,Y,2026-10-05 06:00:00
PRD03243,CAT31,Gillette Ultra  Carton 4242,Johnson's,53.5,pcs,Y,2026-10-05 06:00:00
PRD03244,CAT27,Maggi Ultra  Box 4243,A2B,119.01,pcs,Y,2026-10-05 06:00:00
PRD03245,CAT37,Sudha Classic Daily Jar 4244,Catch,30.13,pack,Y,2026-10-05 06:00:00
PRD03246,CAT02,Aashirvaad Regular  Pouch 4245,Harpic,85.09,pcs,Y,2026-10-05 06:00:00
PRD03247,CAT09,Haldiram's Ultra Extra Jar 4246,Sudha,159.42,1L,Y,2026-10-05 06:00:00
PRD03248,CAT19,Everest Classic Natural Item 4247,Lakme,119.17,dozen,Y,2026-10-05 06:00:00
PRD03249,CAT42,Vim Classic Natural Pack 4248,Safal,13.7,250g,Y,2026-10-05 06:00:00
PRD03250,CAT36,Thirumala Premium  Pack 4249,Weikfield,29.13,pcs,Y,2026-10-05 06:00:00
PRD03251,CAT10,Maggi Organic Daily Jar 4250,Vim,26.83,pcs,N,2026-10-05 06:00:00
PRD03252,CAT40,Dabur Ultra Extra Pack 4251,Safal,56.85,pcs,Y,2026-10-05 06:00:00
PRD03253,CAT39,Gillette Gold Extra Box 4252,Nestle,67.88,250g,Y,2026-10-05 06:00:00
PRD03254,CAT07,Maggi Lite  Pouch 4253,Maggi,17.2,500g,Y,2026-10-05 06:00:00
PRD03255,CAT04,Sunpure Lite  Bottle 4254,Dove,38.9,pcs,Y,2026-10-05 06:00:00
PRD03256,CAT15,Aashirvaad Family Pack Daily Jar 4255,Sunpure,5.94,pcs,Y,2026-10-05 06:00:00
PRD03257,CAT12,Pepsi Premium Select Jar 4256,Fresho,133.99,pcs,Y,2026-10-05 06:00:00
PRD03258,CAT06,Godrej Organic Daily Jar 4257,Amul,23.08,dozen,Y,2026-10-05 06:00:00
PRD03259,CAT09,Sunfeast Family Pack  Box 4258,Britannia,38.49,pack,Y,2026-10-05 06:00:00
PRD03260,CAT35,Thirumala Lite Fresh Jar 4259,Lay's,27.7,500g,Y,2026-10-05 06:00:00
PRD03261,CAT08,Gillette Family Pack Select Pouch 4260,Huggies,102.66,kg,Y,2026-10-05 06:00:00
PRD03262,CAT07,Sunfeast Family Pack Fresh Item 4261,Rasna,3.0,250g,Y,2026-10-05 06:00:00
PRD03263,CAT04,Fortune Classic Fresh Bottle 4262,Sunfeast,36.06,250g,Y,2026-10-05 06:00:00
PRD03264,CAT13,Rin Regular Daily Jar 4263,Whiskas,33.27,250g,Y,2026-10-05 06:00:00
PRD03265,CAT19,Vim Classic  Bottle 4264,Maggi,24.33,250g,Y,2026-10-05 06:00:00
PRD03266,CAT07,Parle Classic Natural Jar 4265,Heritage,173.05,pcs,Y,2026-10-05 06:00:00
PRD03267,CAT10,Bisleri Gold Extra Carton 4266,Dabur,16.47,1L,Y,2026-10-05 06:00:00
PRD03268,CAT25,Sudha Family Pack Select Jar 4267,Vim,73.3,pack,Y,2026-10-05 06:00:00
PRD03269,CAT44,Mother Dairy Premium Fresh Box 4268,Ananda,50.43,pcs,Y,2026-10-05 06:00:00
PRD03270,CAT35,Whiskas Lite Select Item 4269,Harpic,113.91,pcs,Y,2026-10-05 06:00:00
PRD03271,CAT25,Johnson's Regular Fresh Jar 4270,Bisleri,20.08,pcs,Y,2026-10-05 06:00:00
PRD03272,CAT29,Parle Organic Select Carton 4271,Mother Dairy,18.92,pcs,Y,2026-10-05 06:00:00
PRD03273,CAT12,Rin Organic Select Box 4272,Lakme,98.15,pcs,Y,2026-10-05 06:00:00
PRD03274,CAT40,Safal Premium Fresh Bottle 4273,Fresho,53.67,1L,Y,2026-10-05 06:00:00
PRD03275,CAT12,Catch Lite Natural Jar 4274,Bisleri,9.11,pcs,Y,2026-10-05 06:00:00
PRD03276,CAT06,Heritage Premium Fresh Bottle 4275,Ananda,22.52,pcs,Y,2026-10-05 06:00:00
PRD03277,CAT10,Dettol Lite  Pouch 4276,Nivea,51.82,bottle,Y,2026-10-05 06:00:00
PRD03278,CAT02,Patanjali Classic Natural Pack 4277,Sunpure,77.79,250g,Y,2026-10-05 06:00:00
PRD03279,CAT25,Nivea Premium  Carton 4278,Gillette,19.86,pcs,Y,2026-10-05 06:00:00
PRD03280,CAT07,Gowardhan Classic Natural Box 4279,Johnson's,3.0,500g,Y,2026-10-05 06:00:00
PRD03281,CAT40,Oleev Classic  Pouch 4280,MTR Foods,58.61,250g,Y,2026-10-05 06:00:00
PRD03282,CAT23,Patanjali Regular Daily Pack 4281,Licious,12.2,pack,Y,2026-10-05 06:00:00
PRD03283,CAT11,Thirumala Organic Daily Box 4282,Amul,5.96,pcs,Y,2026-10-05 06:00:00
PRD03284,CAT36,Sudha Gold Natural Box 4283,Saffola,3.0,kg,Y,2026-10-05 06:00:00
PRD03285,CAT23,Dettol Lite Daily Item 4284,Parle,76.14,250g,Y,2026-10-05 06:00:00
PRD03286,CAT43,Britannia Premium  Pouch 4285,Dabur,41.09,pack,Y,2026-10-05 06:00:00
PRD03287,CAT07,Bisleri Family Pack  Pack 4286,Ananda,29.87,pcs,Y,2026-10-05 06:00:00
PRD03288,CAT27,Himalaya Ultra  Pack 4287,Bisleri,127.76,pcs,Y,2026-10-05 06:00:00
PRD03289,CAT13,Marico Lite  Box 4288,Frooti,64.95,pcs,Y,2026-10-05 06:00:00
PRD03290,CAT17,Everest Classic Select Jar 4289,Maggi,156.75,pcs,Y,2026-10-05 06:00:00
PRD03291,CAT32,Bisleri Gold Fresh Carton 4290,Huggies,10.45,pcs,Y,2026-10-05 06:00:00
PRD03292,CAT26,Dove Classic  Pouch 4291,Sunfeast,35.48,pcs,Y,2026-10-05 06:00:00
PRD03293,CAT22,Catch Organic  Item 4292,Amul,8.54,250g,Y,2026-10-05 06:00:00
PRD03294,CAT13,Everest Gold  Jar 4293,Nestle,29.77,pcs,Y,2026-10-05 06:00:00
PRD03295,CAT12,Ariel Organic Daily Carton 4294,Weikfield,29.26,pcs,Y,2026-10-05 06:00:00
PRD03296,CAT07,Nivea Ultra Natural Bottle 4295,Vim,64.33,kg,Y,2026-10-05 06:00:00
PRD03297,CAT01,Whiskas Premium Fresh Box 4296,Johnson's,38.13,pcs,Y,2026-10-05 06:00:00
PRD03298,CAT33,Clinic Plus Lite  Box 4297,Close-Up,64.14,500g,Y,2026-10-05 06:00:00
PRD03299,CAT14,MTR Foods Family Pack Select Box 4298,Marico,68.93,1L,Y,2026-10-05 06:00:00
PRD03300,CAT43,Vim Classic Daily Bottle 4299,Aashirvaad,254.53,kg,Y,2026-10-05 06:00:00
PRD03301,CAT41,Johnson's Ultra Extra Box 4300,Huggies,27.56,bottle,Y,2026-10-05 06:00:00
PRD03302,CAT17,Safal Lite Select Item 4301,Gowardhan,15.69,500g,Y,2026-10-05 06:00:00
PRD03303,CAT04,Gillette Organic Natural Carton 4302,Surf Excel,45.67,kg,Y,2026-10-05 06:00:00
PRD03304,CAT39,Pampers Classic Extra Pack 4303,Pedigree,17.78,500g,Y,2026-10-05 06:00:00
PRD03305,CAT01,Huggies Premium Select Carton 4304,Nivea,138.9,1L,Y,2026-10-05 06:00:00
PRD03306,CAT41,Fortune Family Pack Natural Bottle 4305,Saffola,28.36,pcs,Y,2026-10-05 06:00:00
PRD03307,CAT24,Huggies Classic Fresh Box 4306,Gillette,22.0,1L,Y,2026-10-05 06:00:00
PRD03308,CAT34,Lay's Classic  Pouch 4307,Fresho,23.95,500g,Y,2026-10-05 06:00:00
PRD03309,CAT34,Coca-Cola Lite Extra Pouch 4308,Safal,69.87,1L,Y,2026-10-05 06:00:00
PRD03310,CAT24,Mother Dairy Classic  Bottle 4309,Coca-Cola,31.75,250g,Y,2026-10-05 06:00:00
PRD03311,CAT15,Lakme Family Pack Daily Item 4310,Catch,20.54,pcs,Y,2026-10-05 06:00:00
PRD03312,CAT17,Oleev Family Pack Fresh Bottle 4311,Gowardhan,163.83,pcs,Y,2026-10-05 06:00:00
PRD03313,CAT13,Colgate Regular  Item 4312,Britannia,16.94,250g,Y,2026-10-05 06:00:00
PRD03314,CAT07,Parle Organic  Box 4313,Frooti,37.79,pcs,Y,2026-10-05 06:00:00
PRD03315,CAT09,Frooti Lite Extra Pouch 4314,Oleev,65.83,pcs,Y,2026-10-05 06:00:00
PRD03316,CAT44,Gillette Regular Daily Box 4315,Sudha,8.43,1L,N,2026-10-05 06:00:00
PRD03317,CAT35,Clinic Plus Family Pack  Item 4316,Gillette,56.39,kg,Y,2026-10-05 06:00:00
PRD03318,CAT23,Vim Classic Select Pack 4317,Sudha,14.16,pcs,Y,2026-10-05 06:00:00
PRD03319,CAT39,Saffola Premium  Pouch 4318,Pampers,76.75,500g,Y,2026-10-05 06:00:00
PRD03320,CAT23,Everest Classic  Pack 4319,Gillette,15.39,pcs,Y,2026-10-05 06:00:00
PRD03321,CAT26,Rin Classic  Bottle 4320,Pedigree,68.27,500g,Y,2026-10-05 06:00:00
PRD03322,CAT01,Gillette Gold Extra Pack 4321,Huggies,99.01,pcs,Y,2026-10-05 06:00:00
PRD03323,CAT14,Everest Organic Select Item 4322,Sudha,79.46,1L,N,2026-10-05 06:00:00
PRD03324,CAT32,Himalaya Classic Select Box 4323,Aashirvaad,45.89,250g,Y,2026-10-05 06:00:00
PRD03325,CAT10,Catch Ultra Natural Pouch 4324,Frooti,29.72,pcs,Y,2026-10-05 06:00:00
PRD03326,CAT01,Licious Regular  Pack 4325,Vim,21.79,250g,Y,2026-10-05 06:00:00
PRD03327,CAT05,Himalaya Lite Natural Pouch 4326,Vim,137.54,500g,Y,2026-10-05 06:00:00
PRD03328,CAT03,Nivea Ultra Extra Bottle 4327,Surf Excel,19.5,pcs,Y,2026-10-05 06:00:00
PRD03329,CAT27,Patanjali Regular  Pack 4328,Dettol,14.39,500g,N,2026-10-05 06:00:00
PRD03330,CAT22,Pedigree Family Pack  Box 4329,Mother Dairy,66.61,500g,Y,2026-10-05 06:00:00
PRD03331,CAT18,Dettol Gold  Bottle 4330,ITC,17.88,pcs,N,2026-10-05 06:00:00
PRD03332,CAT16,Aashirvaad Premium Fresh Jar 4331,Gowardhan,15.56,250g,Y,2026-10-05 06:00:00
PRD03333,CAT02,Dabur Lite  Pouch 4332,Fresho,9.98,pack,Y,2026-10-05 06:00:00
PRD03334,CAT13,Clinic Plus Regular  Item 4333,Everest,23.7,pack,Y,2026-10-05 06:00:00
PRD03335,CAT16,Lakme Family Pack  Item 4334,Amul,33.97,500g,Y,2026-10-05 06:00:00
PRD03336,CAT08,Sunfeast Lite Natural Jar 4335,Surf Excel,45.55,pcs,Y,2026-10-05 06:00:00
PRD03337,CAT43,Amul Lite Fresh Box 4336,Parle,86.16,pack,Y,2026-10-05 06:00:00
PRD03338,CAT08,Heritage Organic Fresh Box 4337,Pedigree,58.8,pcs,Y,2026-10-05 06:00:00
PRD03339,CAT10,Lakme Organic Fresh Pouch 4338,MTR,30.82,250g,N,2026-10-05 06:00:00
PRD03340,CAT33,Pampers Lite  Pouch 4339,Huggies,30.62,pack,Y,2026-10-05 06:00:00
PRD03341,CAT31,Lay's Classic Daily Box 4340,Bisleri,57.92,250g,Y,2026-10-05 06:00:00
PRD03342,CAT12,Pepsi Ultra  Pack 4341,Catch,115.04,500g,Y,2026-10-05 06:00:00
PRD03343,CAT09,Sudha Organic Natural Pouch 4342,Patanjali,41.0,kg,Y,2026-10-05 06:00:00
PRD03344,CAT37,Oleev Ultra Extra Pack 4343,Fresho,23.99,1L,Y,2026-10-05 06:00:00
PRD03345,CAT09,Coca-Cola Premium Daily Pack 4344,Rin,14.98,1L,Y,2026-10-05 06:00:00
PRD03346,CAT18,Dove Gold  Pack 4345,Clinic Plus,9.97,250g,N,2026-10-05 06:00:00
PRD03347,CAT30,Close-Up Premium Natural Item 4346,Britannia,66.66,pcs,Y,2026-10-05 06:00:00
PRD03348,CAT32,Fresho Premium  Pouch 4347,Harpic,61.57,500g,Y,2026-10-05 06:00:00
PRD03349,CAT40,Sudha Family Pack Select Jar 4348,Johnson's,61.54,bottle,Y,2026-10-05 06:00:00
PRD03350,CAT23,Close-Up Regular Fresh Pouch 4349,Coca-Cola,32.6,pcs,Y,2026-10-05 06:00:00
PRD03351,CAT11,Saffola Classic Daily Pouch 4350,Gillette,129.83,500g,Y,2026-10-05 06:00:00
PRD03352,CAT20,Bisleri Organic Select Jar 4351,Safal,23.67,500g,Y,2026-10-05 06:00:00
PRD03353,CAT19,Close-Up Regular Fresh Carton 4352,Fresho,86.47,500g,Y,2026-10-05 06:00:00
PRD03354,CAT36,Pedigree Regular  Pouch 4353,Pepsi,35.34,1L,Y,2026-10-05 06:00:00
PRD03355,CAT26,Thirumala Lite  Jar 4354,Fortune,21.17,dozen,Y,2026-10-05 06:00:00
PRD03356,CAT10,Thirumala Ultra  Carton 4355,Ariel,62.38,pcs,Y,2026-10-05 06:00:00
PRD03357,CAT24,Vim Family Pack Extra Jar 4356,Fresho,52.91,250g,N,2026-10-05 06:00:00
PRD03358,CAT13,Ananda Ultra  Pouch 4357,MTR,50.46,250g,Y,2026-10-05 06:00:00
PRD03359,CAT34,Fresho Organic Natural Pack 4358,Amul,39.38,1L,Y,2026-10-05 06:00:00
PRD03360,CAT29,Nestle Regular Extra Carton 4359,ITC,35.37,pcs,N,2026-10-05 06:00:00
PRD03361,CAT36,Weikfield Regular Select Pack 4360,MDH,314.04,1L,Y,2026-10-05 06:00:00
PRD03362,CAT07,Lakme Lite Select Box 4361,A2B,106.25,kg,Y,2026-10-05 06:00:00
PRD03363,CAT30,Pepsi Premium Daily Bottle 4362,Harpic,70.14,pcs,Y,2026-10-05 06:00:00
PRD03364,CAT17,MTR Lite  Pouch 4363,MTR Foods,40.47,1L,Y,2026-10-05 06:00:00
PRD03365,CAT13,Colgate Regular  Box 4364,Marico,90.6,kg,Y,2026-10-05 06:00:00
PRD03366,CAT24,Safal Ultra  Pouch 4365,Nestle,58.33,pack,Y,2026-10-05 06:00:00
PRD03367,CAT31,ITC Premium Fresh Jar 4366,Lakme,37.47,250g,Y,2026-10-05 06:00:00
PRD03368,CAT27,Close-Up Organic  Jar 4367,Thirumala,27.85,dozen,Y,2026-10-05 06:00:00
PRD03369,CAT21,MDH Ultra Fresh Jar 4368,Close-Up,34.03,pcs,Y,2026-10-05 06:00:00
PRD03370,CAT44,Tata Premium Extra Pouch 4369,Whiskas,3.0,250g,Y,2026-10-05 06:00:00
PRD03371,CAT01,Marico Family Pack Extra Pack 4370,Sudha,44.24,500g,Y,2026-10-05 06:00:00
PRD03372,CAT15,Close-Up Classic  Box 4371,Clinic Plus,23.58,500g,Y,2026-10-05 06:00:00
PRD03373,CAT03,Nestle Gold  Carton 4372,Close-Up,153.45,500g,Y,2026-10-05 06:00:00
PRD03374,CAT06,Sunpure Gold  Bottle 4373,Pedigree,37.24,pcs,Y,2026-10-05 06:00:00
PRD03375,CAT14,Thirumala Classic  Bottle 4374,Harpic,12.55,pcs,Y,2026-10-05 06:00:00
PRD03376,CAT38,Marico Premium Natural Item 4375,Gowardhan,34.99,pcs,Y,2026-10-05 06:00:00
PRD03377,CAT33,Sunpure Ultra Daily Jar 4376,Mother Dairy,14.27,pcs,N,2026-10-05 06:00:00
PRD03378,CAT38,Lakme Premium Natural Carton 4377,Haldiram's,56.04,pcs,Y,2026-10-05 06:00:00
PRD03379,CAT08,Rasna Regular  Pouch 4378,Johnson's,47.55,pack,Y,2026-10-05 06:00:00
PRD03380,CAT26,Catch Regular  Jar 4379,Heritage,86.67,pcs,Y,2026-10-05 06:00:00
PRD03381,CAT15,Bisleri Organic  Item 4380,Dettol,17.96,500g,Y,2026-10-05 06:00:00
PRD03382,CAT14,Dabur Gold Fresh Item 4381,Godrej,37.74,250g,Y,2026-10-05 06:00:00
PRD03383,CAT20,Pepsi Family Pack  Box 4382,Tata,10.71,pcs,Y,2026-10-05 06:00:00
PRD03384,CAT19,Nivea Lite Select Pack 4383,Fresho,68.81,kg,Y,2026-10-05 06:00:00
PRD03385,CAT33,Marico Premium Fresh Box 4384,Pampers,58.38,bottle,Y,2026-10-05 06:00:00
PRD03386,CAT36,Johnson's Regular  Box 4385,Marico,57.18,pcs,Y,2026-10-05 06:00:00
PRD03387,CAT24,Clinic Plus Classic Extra Item 4386,Haldiram's,36.65,dozen,Y,2026-10-05 06:00:00
PRD03388,CAT10,Surf Excel Classic  Jar 4387,Catch,53.16,1L,Y,2026-10-05 06:00:00
PRD03389,CAT34,Dove Gold Natural Pouch 4388,Sudha,155.07,pcs,Y,2026-10-05 06:00:00
PRD03390,CAT36,Marico Premium  Carton 4389,Pampers,28.32,250g,Y,2026-10-05 06:00:00
PRD03391,CAT36,Amul Lite Natural Bottle 4390,Rasna,41.46,1L,Y,2026-10-05 06:00:00
PRD03392,CAT16,Dove Lite Fresh Carton 4391,Fortune,13.77,1L,Y,2026-10-05 06:00:00
PRD03393,CAT15,Rasna Lite  Box 4392,Sudha,16.75,250g,N,2026-10-05 06:00:00
PRD03394,CAT18,Tata Organic Fresh Pack 4393,Lakme,39.97,pcs,Y,2026-10-05 06:00:00
PRD03395,CAT07,ITC Gold Natural Bottle 4394,Rasna,98.84,dozen,Y,2026-10-05 06:00:00
PRD03396,CAT22,Fortune Lite Fresh Pack 4395,Parle,29.06,pack,Y,2026-10-05 06:00:00
PRD03397,CAT32,Pepsi Ultra Fresh Jar 4396,Dabur,29.6,250g,Y,2026-10-05 06:00:00
PRD03398,CAT43,Rin Ultra  Bottle 4397,Catch,25.38,pcs,Y,2026-10-05 06:00:00
PRD03399,CAT19,Sunfeast Regular Natural Carton 4398,Coca-Cola,22.62,1L,Y,2026-10-05 06:00:00
PRD03400,CAT40,MTR Foods Family Pack  Item 4399,Saffola,47.73,250g,Y,2026-10-05 06:00:00
PRD03401,CAT01,Thirumala Organic  Pouch 4400,Heritage,9.51,pack,Y,2026-10-05 06:00:00
PRD03402,CAT35,Huggies Lite Select Box 4401,A2B,115.91,kg,Y,2026-10-05 06:00:00
PRD03403,CAT05,MTR Foods Ultra Daily Box 4402,Dettol,20.11,bottle,Y,2026-10-05 06:00:00
PRD03404,CAT12,Frooti Ultra  Pouch 4403,Close-Up,70.09,500g,Y,2026-10-05 06:00:00
PRD03405,CAT12,Oleev Lite Fresh Pack 4404,Rasna,11.67,bottle,Y,2026-10-05 06:00:00
PRD03406,CAT21,Clinic Plus Ultra  Item 4405,Gillette,66.82,pcs,N,2026-10-05 06:00:00
PRD03407,CAT19,Pedigree Gold Extra Pack 4406,Sudha,67.0,500g,Y,2026-10-05 06:00:00
PRD03408,CAT09,Clinic Plus Regular Natural Pouch 4407,Clinic Plus,51.72,pcs,Y,2026-10-05 06:00:00
PRD03409,CAT43,Gowardhan Premium Natural Jar 4408,ITC,14.95,bottle,Y,2026-10-05 06:00:00
PRD03410,CAT36,Harpic Regular  Pack 4409,Mother Dairy,45.81,kg,Y,2026-10-05 06:00:00
PRD03411,CAT42,Dettol Family Pack Natural Box 4410,Pampers,12.62,pcs,Y,2026-10-05 06:00:00
PRD03412,CAT32,MTR Foods Classic  Box 4411,Safal,29.15,500g,Y,2026-10-05 06:00:00
PRD03413,CAT35,Colgate Gold Extra Pouch 4412,Maggi,92.43,dozen,Y,2026-10-05 06:00:00
PRD03414,CAT31,Pepsi Premium Extra Carton 4413,Nivea,74.97,1L,Y,2026-10-05 06:00:00
PRD03415,CAT32,Lakme Family Pack Select Jar 4414,Ananda,37.1,500g,Y,2026-10-05 06:00:00
PRD03416,CAT37,Bisleri Family Pack Daily Box 4415,Huggies,15.22,500g,Y,2026-10-05 06:00:00
PRD03417,CAT32,Catch Regular Natural Bottle 4416,Ananda,65.43,250g,Y,2026-10-05 06:00:00
PRD03418,CAT43,Rasna Organic Fresh Item 4417,Lay's,37.24,kg,Y,2026-10-05 06:00:00
PRD03419,CAT37,Licious Lite  Bottle 4418,Sudha,4.53,500g,Y,2026-10-05 06:00:00
PRD03420,CAT39,Vim Ultra Select Pouch 4419,Pepsi,74.02,pcs,Y,2026-10-05 06:00:00
PRD03421,CAT38,Nestle Gold  Box 4420,Surf Excel,35.81,pcs,Y,2026-10-05 06:00:00
PRD03422,CAT30,Licious Lite  Pack 4421,Britannia,108.01,pcs,Y,2026-10-05 06:00:00
PRD03423,CAT32,Weikfield Regular  Item 4422,Himalaya,13.66,1L,Y,2026-10-05 06:00:00
PRD03424,CAT02,Colgate Gold Natural Bottle 4423,Safal,3.0,kg,Y,2026-10-05 06:00:00
PRD03425,CAT11,Bisleri Gold Extra Item 4424,Coca-Cola,47.05,250g,Y,2026-10-05 06:00:00
PRD03426,CAT20,Weikfield Gold Daily Pack 4425,Surf Excel,47.58,dozen,Y,2026-10-05 06:00:00
PRD03427,CAT37,Colgate Ultra  Pack 4426,Bisleri,7.99,bottle,Y,2026-10-05 06:00:00
PRD03428,CAT09,Mother Dairy Lite Select Item 4427,Frooti,15.17,500g,Y,2026-10-05 06:00:00
PRD03429,CAT38,Catch Lite  Jar 4428,Fresho,436.9,500g,Y,2026-10-05 06:00:00
PRD03430,CAT19,Johnson's Regular  Bottle 4429,Sunfeast,27.8,1L,Y,2026-10-05 06:00:00
PRD03431,CAT40,Coca-Cola Regular  Bottle 4430,Sunpure,70.66,pcs,Y,2026-10-05 06:00:00
PRD03432,CAT07,Johnson's Organic Daily Bottle 4431,Lay's,20.38,1L,N,2026-10-05 06:00:00
PRD03433,CAT05,Weikfield Organic Extra Jar 4432,ITC,5.58,500g,Y,2026-10-05 06:00:00
PRD03434,CAT42,Mother Dairy Classic Select Pack 4433,Pepsi,31.4,1L,Y,2026-10-05 06:00:00
PRD03435,CAT24,Parle Gold Select Carton 4434,Nivea,28.82,1L,Y,2026-10-05 06:00:00
PRD03436,CAT41,Parle Ultra Select Pouch 4435,Bisleri,25.54,pcs,Y,2026-10-05 06:00:00
PRD03437,CAT07,Bisleri Classic Natural Bottle 4436,Coca-Cola,33.01,1L,Y,2026-10-05 06:00:00
PRD03438,CAT11,Weikfield Premium Daily Pouch 4437,Lay's,46.43,500g,Y,2026-10-05 06:00:00
PRD03439,CAT09,Pepsi Lite Natural Box 4438,Britannia,31.97,pcs,Y,2026-10-05 06:00:00
PRD03440,CAT30,Haldiram's Premium Select Item 4439,Harpic,11.73,250g,Y,2026-10-05 06:00:00
PRD03441,CAT41,MTR Foods Lite  Bottle 4440,Tata,56.69,pcs,Y,2026-10-05 06:00:00
PRD03442,CAT03,Dabur Premium Daily Box 4441,Lakme,6.33,bottle,Y,2026-10-05 06:00:00
PRD03443,CAT22,Vim Classic Natural Bottle 4442,Surf Excel,5.78,pcs,Y,2026-10-05 06:00:00
PRD03444,CAT40,MTR Foods Gold Select Pack 4443,Ariel,71.18,1L,Y,2026-10-05 06:00:00
PRD03445,CAT20,Himalaya Ultra Select Jar 4444,Dabur,57.76,1L,Y,2026-10-05 06:00:00
PRD03446,CAT32,Heritage Family Pack  Box 4445,Pepsi,34.76,pcs,Y,2026-10-05 06:00:00
PRD03447,CAT07,Dettol Gold  Bottle 4446,Pampers,10.42,500g,Y,2026-10-05 06:00:00
PRD03448,CAT07,Rasna Classic Extra Carton 4447,Ariel,19.35,250g,Y,2026-10-05 06:00:00
PRD03449,CAT20,Dove Regular  Jar 4448,Thirumala,28.89,pcs,Y,2026-10-05 06:00:00
PRD03450,CAT25,A2B Organic  Pack 4449,Ananda,8.7,pcs,Y,2026-10-05 06:00:00
PRD03451,CAT35,Parle Gold Select Jar 4450,Weikfield,18.82,1L,Y,2026-10-05 06:00:00
PRD03452,CAT44,Clinic Plus Premium Extra Jar 4451,Johnson's,65.83,pcs,Y,2026-10-05 06:00:00
PRD03453,CAT24,Weikfield Organic Select Carton 4452,Catch,132.23,250g,Y,2026-10-05 06:00:00
PRD03454,CAT40,Tata Ultra Select Box 4453,Nestle,25.09,pack,N,2026-10-05 06:00:00
PRD03455,CAT13,Everest Classic Extra Pouch 4454,Fortune,72.3,pcs,Y,2026-10-05 06:00:00
PRD03456,CAT39,MTR Family Pack Natural Carton 4455,Saffola,6.54,500g,Y,2026-10-05 06:00:00
PRD03457,CAT04,Pampers Regular  Carton 4456,Pedigree,66.25,500g,Y,2026-10-05 06:00:00
PRD03458,CAT12,Pepsi Organic Select Carton 4457,Nivea,17.75,1L,Y,2026-10-05 06:00:00
PRD03459,CAT17,Rasna Classic  Item 4458,Bisleri,48.26,pcs,Y,2026-10-05 06:00:00
PRD03460,CAT01,Haldiram's Ultra Daily Pouch 4459,Everest,29.28,500g,Y,2026-10-05 06:00:00
PRD03461,CAT17,Heritage Family Pack Select Item 4460,Aashirvaad,120.11,pcs,Y,2026-10-05 06:00:00
PRD03462,CAT02,Clinic Plus Ultra  Item 4461,Everest,16.66,pcs,Y,2026-10-05 06:00:00
PRD03463,CAT06,A2B Family Pack Extra Box 4462,Gowardhan,64.38,1L,Y,2026-10-05 06:00:00
PRD03464,CAT44,Tata Regular Fresh Bottle 4463,Ananda,28.46,pcs,Y,2026-10-05 06:00:00
PRD03465,CAT11,Haldiram's Ultra  Pouch 4464,Pedigree,31.74,pcs,Y,2026-10-05 06:00:00
PRD03466,CAT43,ITC Gold Fresh Box 4465,Catch,31.02,pcs,N,2026-10-05 06:00:00
PRD03467,CAT18,Dettol Premium Extra Box 4466,Tata,17.1,pcs,Y,2026-10-05 06:00:00
PRD03468,CAT40,Colgate Premium  Box 4467,Pedigree,36.14,pcs,Y,2026-10-05 06:00:00
PRD03469,CAT25,Catch Premium Select Pack 4468,Dettol,34.59,pcs,Y,2026-10-05 06:00:00
PRD03470,CAT39,Pepsi Classic  Pack 4469,Sunpure,45.47,pcs,Y,2026-10-05 06:00:00
PRD03471,CAT28,Catch Gold Extra Bottle 4470,MTR Foods,39.49,pack,Y,2026-10-05 06:00:00
PRD03472,CAT16,Fresho Ultra Natural Bottle 4471,Thirumala,75.05,pcs,Y,2026-10-05 06:00:00
PRD03473,CAT12,Frooti Lite Extra Item 4472,A2B,84.03,250g,Y,2026-10-05 06:00:00
PRD03474,CAT41,Aashirvaad Regular Natural Item 4473,Rin,14.22,500g,Y,2026-10-05 06:00:00
PRD03475,CAT29,Lay's Classic Select Pouch 4474,Aashirvaad,79.99,250g,Y,2026-10-05 06:00:00
PRD03476,CAT23,Catch Classic Natural Jar 4475,ITC,12.58,pcs,Y,2026-10-05 06:00:00
PRD03477,CAT21,Everest Ultra Select Bottle 4476,Tata,62.12,kg,N,2026-10-05 06:00:00
PRD03478,CAT16,Nestle Gold Fresh Jar 4477,Amul,63.93,250g,Y,2026-10-05 06:00:00
PRD03479,CAT41,MTR Foods Classic Select Item 4478,Oleev,6.55,pcs,Y,2026-10-05 06:00:00
PRD03480,CAT26,Ananda Lite Fresh Box 4479,Colgate,39.79,pcs,Y,2026-10-05 06:00:00
PRD03481,CAT37,Lakme Lite  Box 4480,Dove,24.01,1L,Y,2026-10-05 06:00:00
PRD03482,CAT22,Huggies Family Pack Daily Carton 4481,Colgate,18.49,kg,Y,2026-10-05 06:00:00
PRD03483,CAT10,Vim Ultra  Box 4482,Colgate,123.44,500g,N,2026-10-05 06:00:00
PRD03484,CAT07,Whiskas Premium Select Pack 4483,MDH,20.32,500g,Y,2026-10-05 06:00:00
PRD03485,CAT09,Rasna Ultra Fresh Item 4484,Dettol,17.71,pcs,Y,2026-10-05 06:00:00
PRD03486,CAT25,Dettol Lite  Carton 4485,Bisleri,39.18,500g,N,2026-10-05 06:00:00
PRD03487,CAT15,Dettol Gold Fresh Box 4486,Gillette,67.83,pcs,Y,2026-10-05 06:00:00
PRD03488,CAT13,Clinic Plus Regular  Pack 4487,Lay's,32.22,500g,Y,2026-10-05 06:00:00
PRD03489,CAT42,Fortune Premium Natural Pack 4488,ITC,104.56,pcs,N,2026-10-05 06:00:00
PRD03490,CAT26,Aashirvaad Ultra Extra Pouch 4489,Marico,59.02,pcs,Y,2026-10-05 06:00:00
PRD03491,CAT21,Dettol Regular Select Bottle 4490,Pepsi,5.15,250g,Y,2026-10-05 06:00:00
PRD03492,CAT23,Johnson's Premium Natural Box 4491,Lay's,22.73,250g,Y,2026-10-05 06:00:00
PRD03493,CAT44,Parle Regular Extra Pack 4492,MTR,22.07,pcs,Y,2026-10-05 06:00:00
PRD03494,CAT28,Clinic Plus Family Pack Daily Pouch 4493,MTR,56.34,bottle,Y,2026-10-05 06:00:00
PRD03495,CAT38,Frooti Gold Select Box 4494,Heritage,3.45,pcs,Y,2026-10-05 06:00:00
PRD03496,CAT12,Bisleri Premium  Jar 4495,Ananda,362.89,500g,Y,2026-10-05 06:00:00
PRD03497,CAT24,Gillette Regular  Pack 4496,Ariel,59.02,250g,Y,2026-10-05 06:00:00
PRD03498,CAT13,Everest Regular Fresh Box 4497,MDH,41.85,250g,Y,2026-10-05 06:00:00
PRD03499,CAT40,Saffola Regular Extra Jar 4498,Gowardhan,106.0,bottle,Y,2026-10-05 06:00:00
PRD03500,CAT02,Clinic Plus Premium  Pouch 4499,Surf Excel,301.66,pcs,Y,2026-10-05 06:00:00
PRD03501,CAT39,Ariel Gold Natural Pouch 4500,Sunpure,80.13,pcs,Y,2026-10-05 06:00:00
PRD03502,CAT12,Vim Organic  Carton 4501,Patanjali,85.96,1L,Y,2026-10-05 06:00:00
PRD03503,CAT39,Himalaya Family Pack Daily Bottle 4502,Weikfield,41.17,pcs,Y,2026-10-05 06:00:00
PRD03504,CAT14,Safal Gold Select Pouch 4503,Close-Up,32.22,pcs,Y,2026-10-05 06:00:00
PRD03505,CAT30,Sunpure Classic  Bottle 4504,MTR,23.85,1L,Y,2026-10-05 06:00:00
PRD03506,CAT41,Patanjali Lite  Pouch 4505,Mother Dairy,17.4,500g,Y,2026-10-05 06:00:00
PRD03507,CAT43,Himalaya Gold  Carton 4506,Colgate,19.72,500g,Y,2026-10-05 06:00:00
PRD03508,CAT19,Oleev Organic Select Box 4507,Ariel,10.85,pcs,Y,2026-10-05 06:00:00
PRD03509,CAT31,Saffola Lite Select Pouch 4508,Catch,34.18,pcs,Y,2026-10-05 06:00:00
PRD03510,CAT43,ITC Regular Natural Jar 4509,Fortune,8.03,pcs,Y,2026-10-05 06:00:00
PRD03511,CAT43,Harpic Regular Select Pack 4510,Patanjali,43.46,500g,Y,2026-10-05 06:00:00
PRD03512,CAT25,Sunpure Organic Extra Carton 4511,Heritage,35.42,pcs,Y,2026-10-05 06:00:00
PRD03513,CAT04,Clinic Plus Ultra Extra Pack 4512,Pepsi,41.77,bottle,Y,2026-10-05 06:00:00
PRD03514,CAT13,A2B Gold Select Box 4513,Pedigree,22.88,pcs,Y,2026-10-05 06:00:00
PRD03515,CAT36,Amul Regular Extra Jar 4514,Surf Excel,583.58,bottle,Y,2026-10-05 06:00:00
PRD03516,CAT42,Pepsi Classic Select Pouch 4515,Himalaya,124.47,500g,Y,2026-10-05 06:00:00
PRD03517,CAT37,MTR Foods Organic Select Bottle 4516,MDH,11.94,pcs,Y,2026-10-05 06:00:00
PRD03518,CAT03,Dabur Premium Daily Pack 4517,Aashirvaad,45.13,pcs,Y,2026-10-05 06:00:00
PRD03519,CAT16,Lakme Classic Select Item 4518,A2B,21.17,pcs,Y,2026-10-05 06:00:00
PRD03520,CAT26,Parle Lite  Pouch 4519,Dettol,14.69,500g,Y,2026-10-05 06:00:00
PRD03521,CAT40,Marico Family Pack  Box 4520,Marico,10.96,500g,Y,2026-10-05 06:00:00
PRD03522,CAT39,Nestle Organic Daily Carton 4521,Dabur,54.0,1L,Y,2026-10-05 06:00:00
PRD03523,CAT19,Safal Gold Extra Box 4522,Gillette,19.82,500g,Y,2026-10-05 06:00:00
PRD03524,CAT15,Catch Lite  Bottle 4523,Close-Up,87.45,250g,Y,2026-10-05 06:00:00
PRD03525,CAT32,MDH Lite Natural Pack 4524,Marico,89.51,1L,Y,2026-10-05 06:00:00
PRD03526,CAT21,Himalaya Classic  Pack 4525,MDH,126.03,pcs,Y,2026-10-05 06:00:00
PRD03527,CAT01,Huggies Family Pack Extra Pack 4526,Huggies,16.99,pack,Y,2026-10-05 06:00:00
PRD03528,CAT06,Rasna Family Pack Daily Carton 4527,Nestle,56.14,pack,Y,2026-10-05 06:00:00
PRD03529,CAT27,Pepsi Family Pack  Carton 4528,Harpic,64.66,dozen,Y,2026-10-05 06:00:00
PRD03530,CAT23,Nivea Regular  Pack 4529,Everest,23.88,pcs,Y,2026-10-05 06:00:00
PRD03531,CAT31,Clinic Plus Classic  Jar 4530,Coca-Cola,18.27,pack,Y,2026-10-05 06:00:00
PRD03532,CAT12,Britannia Organic Extra Carton 4531,Coca-Cola,155.8,bottle,Y,2026-10-05 06:00:00
PRD03533,CAT21,Gowardhan Classic Select Box 4532,Sunfeast,44.91,1L,Y,2026-10-05 06:00:00
PRD03534,CAT02,Licious Classic  Bottle 4533,Close-Up,64.87,500g,Y,2026-10-05 06:00:00
PRD03535,CAT05,Close-Up Premium Fresh Carton 4534,Rasna,17.46,kg,Y,2026-10-05 06:00:00
PRD03536,CAT09,Bisleri Premium Natural Bottle 4535,Frooti,12.21,dozen,Y,2026-10-05 06:00:00
PRD03537,CAT20,MDH Family Pack Select Carton 4536,Surf Excel,21.92,1L,Y,2026-10-05 06:00:00
PRD03538,CAT18,Surf Excel Classic  Carton 4537,A2B,32.73,500g,Y,2026-10-05 06:00:00
PRD03539,CAT22,Godrej Classic  Box 4538,Gillette,14.04,pack,N,2026-10-05 06:00:00
PRD03540,CAT08,Dettol Regular  Pack 4539,Everest,36.28,pcs,Y,2026-10-05 06:00:00
PRD03541,CAT34,Ananda Family Pack Daily Box 4540,Parle,8.01,pcs,Y,2026-10-05 06:00:00
PRD03542,CAT09,Harpic Regular  Bottle 4541,Close-Up,13.36,dozen,Y,2026-10-05 06:00:00
PRD03543,CAT07,Fresho Family Pack Daily Carton 4542,Amul,66.94,pack,Y,2026-10-05 06:00:00
PRD03544,CAT30,Godrej Regular Fresh Jar 4543,Dabur,63.02,kg,Y,2026-10-05 06:00:00
PRD03545,CAT18,Rin Regular Extra Jar 4544,Coca-Cola,25.72,1L,Y,2026-10-05 06:00:00
PRD03546,CAT27,Godrej Ultra  Carton 4545,Rin,14.64,500g,Y,2026-10-05 06:00:00
PRD03547,CAT16,Maggi Gold Fresh Item 4546,Tata,14.52,dozen,Y,2026-10-05 06:00:00
PRD03548,CAT21,Fortune Regular Natural Jar 4547,Johnson's,26.16,pcs,Y,2026-10-05 06:00:00
PRD03549,CAT05,Himalaya Ultra  Pouch 4548,Fortune,65.37,250g,Y,2026-10-05 06:00:00
PRD03550,CAT29,Marico Ultra Extra Jar 4549,Safal,84.39,1L,Y,2026-10-05 06:00:00
PRD03551,CAT37,Rin Ultra  Jar 4550,Britannia,23.41,pcs,Y,2026-10-05 06:00:00
PRD03552,CAT43,Sudha Gold  Pouch 4551,A2B,12.96,pcs,Y,2026-10-05 06:00:00
PRD03553,CAT22,Himalaya Organic Fresh Jar 4552,Ananda,46.57,500g,Y,2026-10-05 06:00:00
PRD03554,CAT14,Fortune Premium Daily Pouch 4553,Rin,17.44,500g,Y,2026-10-05 06:00:00
PRD03555,CAT19,Colgate Gold  Box 4554,Parle,22.96,pcs,Y,2026-10-05 06:00:00
PRD03556,CAT35,MTR Organic Extra Pouch 4555,Nestle,120.63,500g,Y,2026-10-05 06:00:00
PRD03557,CAT24,Fresho Gold Natural Jar 4556,Dove,77.05,1L,Y,2026-10-05 06:00:00
PRD03558,CAT42,Lay's Regular Natural Bottle 4557,Close-Up,42.19,250g,Y,2026-10-05 06:00:00
PRD03559,CAT06,A2B Family Pack  Carton 4558,Thirumala,11.65,pcs,N,2026-10-05 06:00:00
PRD03560,CAT03,Pedigree Family Pack  Bottle 4559,MTR,44.27,1L,N,2026-10-05 06:00:00
PRD03561,CAT34,Fresho Organic  Jar 4560,Lakme,95.24,pcs,Y,2026-10-05 06:00:00
PRD03562,CAT02,Aashirvaad Regular Daily Box 4561,Godrej,26.1,pcs,Y,2026-10-05 06:00:00
PRD03563,CAT15,Patanjali Lite  Box 4562,Aashirvaad,123.47,pcs,Y,2026-10-05 06:00:00
PRD03564,CAT37,Nivea Classic Daily Box 4563,Nestle,117.15,1L,N,2026-10-05 06:00:00
PRD03565,CAT15,Gillette Family Pack  Carton 4564,Fresho,163.59,pcs,Y,2026-10-05 06:00:00
PRD03566,CAT32,Everest Lite Daily Box 4565,Pepsi,48.17,pcs,Y,2026-10-05 06:00:00
PRD03567,CAT21,Weikfield Premium Select Jar 4566,Aashirvaad,62.09,pcs,Y,2026-10-05 06:00:00
PRD03568,CAT17,Harpic Regular  Box 4567,MTR Foods,130.68,kg,Y,2026-10-05 06:00:00
PRD03569,CAT34,Johnson's Classic  Bottle 4568,Marico,54.74,bottle,Y,2026-10-05 06:00:00
PRD03570,CAT32,Huggies Lite Daily Box 4569,Colgate,23.31,pcs,Y,2026-10-05 06:00:00
PRD03571,CAT23,Sudha Gold Daily Pack 4570,Surf Excel,24.44,pcs,Y,2026-10-05 06:00:00
PRD03572,CAT35,Frooti Family Pack  Item 4571,Amul,45.36,kg,Y,2026-10-05 06:00:00
PRD03573,CAT37,Nivea Ultra Fresh Item 4572,A2B,11.46,pcs,Y,2026-10-05 06:00:00
PRD03574,CAT43,Everest Lite  Pack 4573,Dove,32.17,pcs,Y,2026-10-05 06:00:00
PRD03575,CAT41,Pedigree Ultra  Pack 4574,A2B,98.19,pcs,Y,2026-10-05 06:00:00
PRD03576,CAT37,Fortune Lite Extra Bottle 4575,Thirumala,5.09,dozen,Y,2026-10-05 06:00:00
PRD03577,CAT33,Harpic Premium Natural Carton 4576,Coca-Cola,145.62,250g,Y,2026-10-05 06:00:00
PRD03578,CAT25,Marico Classic Daily Bottle 4577,Britannia,100.5,pcs,Y,2026-10-05 06:00:00
PRD03579,CAT37,Surf Excel Family Pack  Bottle 4578,Close-Up,24.2,pcs,Y,2026-10-05 06:00:00
PRD03580,CAT40,Dabur Classic Daily Pouch 4579,Vim,59.68,dozen,Y,2026-10-05 06:00:00
PRD03581,CAT21,Gillette Ultra  Pouch 4580,Catch,36.7,500g,N,2026-10-05 06:00:00
PRD03582,CAT38,Vim Classic Extra Carton 4581,Weikfield,110.72,1L,Y,2026-10-05 06:00:00
PRD03583,CAT40,MTR Foods Lite Extra Item 4582,A2B,88.63,pcs,Y,2026-10-05 06:00:00
PRD03584,CAT34,Godrej Organic Fresh Bottle 4583,Aashirvaad,10.38,250g,Y,2026-10-05 06:00:00
PRD03585,CAT19,Marico Gold Natural Pouch 4584,Bisleri,62.09,pcs,Y,2026-10-05 06:00:00
PRD03586,CAT27,Close-Up Ultra Fresh Box 4585,Mother Dairy,30.41,250g,Y,2026-10-05 06:00:00
PRD03587,CAT09,A2B Lite Natural Box 4586,Heritage,39.43,pcs,N,2026-10-05 06:00:00
PRD03588,CAT05,Rasna Ultra Extra Item 4587,Close-Up,19.0,pcs,Y,2026-10-05 06:00:00
PRD03589,CAT05,Saffola Gold Extra Item 4588,Vim,176.5,500g,Y,2026-10-05 06:00:00
PRD03590,CAT25,Parle Family Pack Extra Pack 4589,Harpic,93.32,pack,Y,2026-10-05 06:00:00
PRD03591,CAT26,Pepsi Classic Select Jar 4590,Ariel,18.81,500g,N,2026-10-05 06:00:00
PRD03592,CAT19,Colgate Classic Extra Box 4591,Maggi,11.01,pcs,Y,2026-10-05 06:00:00
PRD03593,CAT30,Marico Gold Daily Carton 4592,Nivea,25.87,1L,Y,2026-10-05 06:00:00
PRD03594,CAT36,Harpic Lite Daily Box 4593,Pampers,54.11,250g,Y,2026-10-05 06:00:00
PRD03595,CAT16,Whiskas Ultra Natural Carton 4594,Weikfield,45.43,250g,Y,2026-10-05 06:00:00
PRD03596,CAT07,Pedigree Family Pack  Jar 4595,Dettol,113.05,500g,Y,2026-10-05 06:00:00
PRD03597,CAT18,Colgate Lite  Box 4596,Pepsi,74.51,pcs,Y,2026-10-05 06:00:00
PRD03598,CAT21,Coca-Cola Lite Select Carton 4597,Heritage,87.59,1L,Y,2026-10-05 06:00:00
PRD03599,CAT31,Coca-Cola Gold  Box 4598,Gowardhan,49.12,pcs,Y,2026-10-05 06:00:00
PRD03600,CAT01,Pedigree Family Pack Select Carton 4599,Weikfield,10.48,kg,Y,2026-10-05 06:00:00
PRD03601,CAT03,Catch Ultra Daily Box 4600,Rin,30.69,500g,Y,2026-10-05 06:00:00
PRD03602,CAT31,Close-Up Ultra Natural Pack 4601,Close-Up,95.02,500g,N,2026-10-05 06:00:00
PRD03603,CAT25,Colgate Regular Natural Carton 4602,Fresho,34.94,pcs,Y,2026-10-05 06:00:00
PRD03604,CAT08,Everest Regular Extra Box 4603,Pedigree,57.56,pcs,Y,2026-10-05 06:00:00
PRD03605,CAT01,Vim Organic Select Item 4604,Whiskas,27.47,500g,Y,2026-10-05 06:00:00
PRD03606,CAT07,Saffola Organic  Bottle 4605,Dettol,14.49,pcs,Y,2026-10-05 06:00:00
PRD03607,CAT07,Sunfeast Gold Extra Carton 4606,A2B,32.75,bottle,Y,2026-10-05 06:00:00
PRD03608,CAT08,ITC Premium Daily Pack 4607,A2B,48.33,500g,Y,2026-10-05 06:00:00
PRD03609,CAT19,Weikfield Ultra Fresh Carton 4608,Nestle,20.28,pcs,Y,2026-10-05 06:00:00
PRD03610,CAT17,MTR Premium Natural Bottle 4609,Patanjali,29.6,pcs,Y,2026-10-05 06:00:00
PRD03611,CAT11,Ananda Organic Natural Pouch 4610,Dabur,15.71,250g,Y,2026-10-05 06:00:00
PRD03612,CAT41,Johnson's Lite Daily Pouch 4611,MTR,100.22,pcs,Y,2026-10-05 06:00:00
PRD03613,CAT11,Whiskas Family Pack Fresh Item 4612,Aashirvaad,28.08,500g,Y,2026-10-05 06:00:00
PRD03614,CAT38,Aashirvaad Lite  Box 4613,Pedigree,135.3,1L,Y,2026-10-05 06:00:00
PRD03615,CAT41,Catch Family Pack Extra Item 4614,Sunpure,144.88,pcs,Y,2026-10-05 06:00:00
PRD03616,CAT02,Oleev Organic Extra Pack 4615,Sunfeast,34.02,250g,Y,2026-10-05 06:00:00
PRD03617,CAT04,ITC Organic  Item 4616,Himalaya,14.77,250g,Y,2026-10-05 06:00:00
PRD03618,CAT28,Tata Regular Fresh Pouch 4617,Clinic Plus,5.6,dozen,Y,2026-10-05 06:00:00
PRD03619,CAT33,MTR Family Pack Fresh Item 4618,Saffola,9.73,500g,Y,2026-10-05 06:00:00
PRD03620,CAT11,Close-Up Gold  Box 4619,Weikfield,10.63,500g,Y,2026-10-05 06:00:00
PRD03621,CAT03,Oleev Organic  Carton 4620,Mother Dairy,126.55,pcs,Y,2026-10-05 06:00:00
PRD03622,CAT40,Lay's Ultra Daily Pouch 4621,Sudha,40.62,500g,Y,2026-10-05 06:00:00
PRD03623,CAT05,Dove Family Pack Daily Box 4622,Oleev,51.97,pcs,Y,2026-10-05 06:00:00
PRD03624,CAT21,Huggies Ultra Fresh Jar 4623,Sudha,4.96,250g,Y,2026-10-05 06:00:00
PRD03625,CAT22,Nestle Gold  Carton 4624,Lakme,12.45,pcs,Y,2026-10-05 06:00:00
PRD03626,CAT37,Ananda Regular Natural Carton 4625,Pedigree,81.32,500g,Y,2026-10-05 06:00:00
PRD03627,CAT11,Rin Lite  Box 4626,Saffola,47.38,pcs,Y,2026-10-05 06:00:00
PRD03628,CAT44,Clinic Plus Lite Extra Box 4627,Coca-Cola,32.06,1L,Y,2026-10-05 06:00:00
PRD03629,CAT22,Haldiram's Lite Fresh Box 4628,Patanjali,60.85,500g,Y,2026-10-05 06:00:00
PRD03630,CAT41,Nivea Premium  Item 4629,Everest,159.53,500g,Y,2026-10-05 06:00:00
PRD03631,CAT13,MTR Foods Organic Select Bottle 4630,Catch,30.0,kg,Y,2026-10-05 06:00:00
PRD03632,CAT03,Sudha Family Pack  Carton 4631,Fortune,38.96,250g,Y,2026-10-05 06:00:00
PRD03633,CAT13,Pedigree Premium Natural Item 4632,Pampers,43.53,pcs,Y,2026-10-05 06:00:00
PRD03634,CAT28,Huggies Organic  Pouch 4633,Fresho,315.1,500g,Y,2026-10-05 06:00:00
PRD03635,CAT11,A2B Regular Extra Box 4634,Harpic,5.53,500g,Y,2026-10-05 06:00:00
PRD03636,CAT11,Huggies Regular  Jar 4635,Rin,67.69,pack,Y,2026-10-05 06:00:00
PRD03637,CAT21,Aashirvaad Classic  Pouch 4636,Rasna,33.01,pack,Y,2026-10-05 06:00:00
PRD03638,CAT21,Coca-Cola Classic Extra Pouch 4637,Thirumala,60.95,pcs,Y,2026-10-05 06:00:00
PRD03639,CAT07,MTR Foods Lite  Carton 4638,Haldiram's,20.25,pack,Y,2026-10-05 06:00:00
PRD03640,CAT17,Rasna Organic Fresh Bottle 4639,Sunfeast,35.02,pcs,Y,2026-10-05 06:00:00
PRD03641,CAT14,Rin Gold Natural Item 4640,MTR,69.43,250g,Y,2026-10-05 06:00:00
PRD03642,CAT33,Pepsi Regular Extra Pouch 4641,Pampers,602.82,pcs,Y,2026-10-05 06:00:00
PRD03643,CAT11,Oleev Organic  Bottle 4642,Ananda,75.73,pcs,Y,2026-10-05 06:00:00
PRD03644,CAT13,Huggies Ultra  Pouch 4643,Lay's,17.06,pack,Y,2026-10-05 06:00:00
PRD03645,CAT01,Thirumala Organic  Item 4644,Surf Excel,24.99,500g,Y,2026-10-05 06:00:00
PRD03646,CAT34,Fortune Regular Select Pack 4645,Everest,24.34,dozen,Y,2026-10-05 06:00:00
PRD03647,CAT09,Godrej Lite Natural Pouch 4646,Everest,7.27,pcs,Y,2026-10-05 06:00:00
PRD03648,CAT13,Clinic Plus Lite Natural Jar 4647,Pepsi,27.19,500g,Y,2026-10-05 06:00:00
PRD03649,CAT37,A2B Gold Daily Carton 4648,Rin,70.78,250g,Y,2026-10-05 06:00:00
PRD03650,CAT30,Lay's Lite Fresh Pack 4649,Rin,11.63,pcs,Y,2026-10-05 06:00:00
PRD03651,CAT41,Harpic Premium  Carton 4650,Sunfeast,94.03,pcs,Y,2026-10-05 06:00:00
PRD03652,CAT37,Maggi Regular  Box 4651,Bisleri,56.77,pcs,N,2026-10-05 06:00:00
PRD03653,CAT07,A2B Regular Daily Jar 4652,Huggies,18.9,dozen,Y,2026-10-05 06:00:00
PRD03654,CAT14,Patanjali Lite Fresh Pack 4653,Gillette,32.22,250g,Y,2026-10-05 06:00:00
PRD03655,CAT06,Vim Ultra Daily Pack 4654,Sudha,154.24,500g,Y,2026-10-05 06:00:00
PRD03656,CAT34,Oleev Regular  Pack 4655,Ariel,70.82,pcs,Y,2026-10-05 06:00:00
PRD03657,CAT16,Licious Family Pack  Carton 4656,Licious,36.89,pcs,Y,2026-10-05 06:00:00
PRD03658,CAT37,Gowardhan Premium Extra Carton 4657,Dove,29.55,500g,Y,2026-10-05 06:00:00
PRD03659,CAT36,Everest Lite Select Item 4658,Surf Excel,39.21,dozen,Y,2026-10-05 06:00:00
PRD03660,CAT06,Rin Family Pack Select Pack 4659,Godrej,23.09,250g,Y,2026-10-05 06:00:00
PRD03661,CAT08,Patanjali Organic  Item 4660,Pepsi,5.51,500g,Y,2026-10-05 06:00:00
PRD03662,CAT24,Pepsi Classic  Carton 4661,Haldiram's,229.97,500g,Y,2026-10-05 06:00:00
PRD03663,CAT03,Patanjali Classic Extra Jar 4662,Patanjali,42.09,dozen,Y,2026-10-05 06:00:00
PRD03664,CAT04,Nivea Regular Natural Bottle 4663,Pedigree,52.37,500g,Y,2026-10-05 06:00:00
PRD03665,CAT32,Dabur Lite  Carton 4664,Himalaya,34.74,dozen,Y,2026-10-05 06:00:00
PRD03666,CAT01,Whiskas Regular Extra Box 4665,Dove,18.89,pcs,Y,2026-10-05 06:00:00
PRD03667,CAT34,Whiskas Classic Extra Item 4666,ITC,30.96,250g,Y,2026-10-05 06:00:00
PRD03668,CAT09,Amul Organic Select Bottle 4667,Johnson's,8.68,1L,Y,2026-10-05 06:00:00
PRD03669,CAT12,Sunpure Classic Natural Box 4668,Thirumala,284.11,250g,Y,2026-10-05 06:00:00
PRD03670,CAT10,Colgate Classic Select Carton 4669,Huggies,12.05,1L,N,2026-10-05 06:00:00
PRD03671,CAT10,MTR Foods Ultra Daily Jar 4670,Ariel,14.46,pcs,Y,2026-10-05 06:00:00
PRD03672,CAT44,Dove Organic Extra Item 4671,Fortune,24.63,pcs,Y,2026-10-05 06:00:00
PRD03673,CAT23,ITC Regular  Pack 4672,Ariel,116.66,kg,Y,2026-10-05 06:00:00
PRD03674,CAT06,Sunpure Lite  Pouch 4673,Lakme,37.08,pcs,N,2026-10-05 06:00:00
PRD03675,CAT24,Amul Gold  Pack 4674,Maggi,12.03,dozen,Y,2026-10-05 06:00:00
PRD03676,CAT24,Frooti Family Pack  Item 4675,Heritage,113.17,250g,Y,2026-10-05 06:00:00
PRD03677,CAT21,Nivea Lite Fresh Box 4676,Thirumala,70.66,500g,Y,2026-10-05 06:00:00
PRD03678,CAT42,Lakme Organic  Bottle 4677,Dove,59.42,kg,Y,2026-10-05 06:00:00
PRD03679,CAT31,Pepsi Gold  Jar 4678,Thirumala,69.7,pack,Y,2026-10-05 06:00:00
PRD03680,CAT41,Sudha Gold Natural Item 4679,Nestle,315.74,500g,Y,2026-10-05 06:00:00
PRD03681,CAT30,Ananda Gold  Bottle 4680,Mother Dairy,261.54,pcs,Y,2026-10-05 06:00:00
PRD03682,CAT34,Patanjali Ultra Select Jar 4681,Sudha,19.73,bottle,Y,2026-10-05 06:00:00
PRD03683,CAT18,MTR Ultra Natural Item 4682,Amul,157.83,250g,Y,2026-10-05 06:00:00
PRD03684,CAT12,Ananda Premium Natural Item 4683,Clinic Plus,51.67,pack,Y,2026-10-05 06:00:00
PRD03685,CAT35,Licious Family Pack  Jar 4684,Everest,57.35,250g,Y,2026-10-05 06:00:00
PRD03686,CAT07,A2B Gold Select Item 4685,Whiskas,7.98,pcs,Y,2026-10-05 06:00:00
PRD03687,CAT41,Pampers Organic  Pack 4686,Amul,31.4,pack,Y,2026-10-05 06:00:00
PRD03688,CAT40,Harpic Premium Natural Pack 4687,Nivea,17.61,pcs,Y,2026-10-05 06:00:00
PRD03689,CAT25,Dove Organic  Item 4688,Mother Dairy,0.0,pcs,Y,2026-10-05 06:00:00
PRD03690,CAT06,Close-Up Family Pack Select Carton 4689,Godrej,95.96,pcs,Y,2026-10-05 06:00:00
PRD03691,CAT01,Fresho Family Pack  Carton 4690,Everest,5.66,pcs,Y,2026-10-05 06:00:00
PRD03692,CAT16,Nivea Premium Fresh Bottle 4691,Everest,35.88,500g,Y,2026-10-05 06:00:00
PRD03693,CAT04,Close-Up Ultra  Box 4692,Ariel,100.45,pcs,Y,2026-10-05 06:00:00
PRD03694,CAT29,Weikfield Regular  Bottle 4693,ITC,30.94,pcs,Y,2026-10-05 06:00:00
PRD03695,CAT38,Gillette Lite  Pack 4694,Haldiram's,70.54,pcs,Y,2026-10-05 06:00:00
PRD03696,CAT28,Whiskas Gold  Pack 4695,Haldiram's,50.2,1L,Y,2026-10-05 06:00:00
PRD03697,CAT22,Weikfield Classic  Jar 4696,Safal,49.77,500g,Y,2026-10-05 06:00:00
PRD03698,CAT08,Bisleri Ultra  Pack 4697,Pampers,28.67,500g,Y,2026-10-05 06:00:00
PRD03699,CAT32,Fortune Ultra  Jar 4698,Close-Up,12.24,250g,Y,2026-10-05 06:00:00
PRD03700,CAT33,Weikfield Ultra Natural Jar 4699,Lakme,13.34,500g,Y,2026-10-05 06:00:00
PRD03701,CAT13,Clinic Plus Ultra  Box 4700,Dettol,69.3,pcs,Y,2026-10-05 06:00:00
PRD03702,CAT27,Vim Regular  Pouch 4701,Johnson's,37.24,dozen,Y,2026-10-05 06:00:00
PRD03703,CAT18,Everest Premium Select Jar 4702,Sunpure,32.31,pcs,Y,2026-10-05 06:00:00
PRD03704,CAT18,Tata Lite  Item 4703,Tata,24.99,pcs,Y,2026-10-05 06:00:00
PRD03705,CAT13,Lay's Premium Daily Pack 4704,Saffola,27.81,1L,Y,2026-10-05 06:00:00
PRD03706,CAT22,Bisleri Regular  Pouch 4705,Thirumala,93.9,250g,Y,2026-10-05 06:00:00
PRD03707,CAT14,Close-Up Family Pack Natural Pack 4706,Aashirvaad,27.07,pack,Y,2026-10-05 06:00:00
PRD03708,CAT11,Marico Organic Extra Pack 4707,Gowardhan,10.95,pcs,N,2026-10-05 06:00:00
PRD03709,CAT39,Clinic Plus Ultra Extra Item 4708,Close-Up,71.47,250g,Y,2026-10-05 06:00:00
PRD03710,CAT22,Everest Ultra Natural Box 4709,Patanjali,30.44,250g,Y,2026-10-05 06:00:00
PRD03711,CAT36,Fresho Gold Fresh Box 4710,Clinic Plus,37.65,pcs,Y,2026-10-05 06:00:00
PRD03712,CAT17,Sudha Family Pack Extra Jar 4711,Catch,155.53,pcs,Y,2026-10-05 06:00:00
PRD03713,CAT32,Harpic Regular Fresh Item 4712,Licious,35.93,250g,N,2026-10-05 06:00:00
PRD03714,CAT14,Ananda Regular Select Jar 4713,Pepsi,47.48,pcs,Y,2026-10-05 06:00:00
PRD03715,CAT42,Nestle Gold  Pack 4714,Dettol,12.67,pcs,Y,2026-10-05 06:00:00
PRD03716,CAT29,Clinic Plus Classic  Pouch 4715,Frooti,30.03,pcs,Y,2026-10-05 06:00:00
PRD03717,CAT06,MDH Ultra  Carton 4716,MTR,63.34,pcs,Y,2026-10-05 06:00:00
PRD03718,CAT04,Sunfeast Ultra Extra Bottle 4717,Sunpure,9.03,pcs,Y,2026-10-05 06:00:00
PRD03719,CAT11,Johnson's Classic  Bottle 4718,Clinic Plus,43.85,pcs,Y,2026-10-05 06:00:00
PRD03720,CAT40,Heritage Lite  Carton 4719,ITC,40.07,pcs,Y,2026-10-05 06:00:00
PRD03721,CAT10,Rasna Lite  Pack 4720,Patanjali,37.98,bottle,N,2026-10-05 06:00:00
PRD03722,CAT28,Catch Regular  Pouch 4721,A2B,93.08,pcs,Y,2026-10-05 06:00:00
PRD03723,CAT11,A2B Premium Natural Pouch 4722,Himalaya,49.45,500g,Y,2026-10-05 06:00:00
PRD03724,CAT35,Fortune Gold Natural Pack 4723,Haldiram's,138.42,kg,Y,2026-10-05 06:00:00
PRD03725,CAT15,Harpic Gold Daily Carton 4724,Bisleri,14.97,bottle,Y,2026-10-05 06:00:00
PRD03726,CAT08,Saffola Gold Select Carton 4725,Harpic,41.36,pcs,Y,2026-10-05 06:00:00
PRD03727,CAT20,Dabur Ultra  Bottle 4726,Vim,39.49,pcs,Y,2026-10-05 06:00:00
PRD03728,CAT21,Himalaya Organic Select Bottle 4727,Ariel,13.98,1L,Y,2026-10-05 06:00:00
PRD03729,CAT01,Clinic Plus Regular  Jar 4728,Aashirvaad,86.55,bottle,Y,2026-10-05 06:00:00
PRD03730,CAT29,Colgate Premium  Box 4729,Johnson's,296.55,pcs,Y,2026-10-05 06:00:00
PRD03731,CAT24,MDH Ultra Daily Jar 4730,ITC,36.04,500g,Y,2026-10-05 06:00:00
PRD03732,CAT30,Lakme Classic  Carton 4731,Licious,57.66,pack,Y,2026-10-05 06:00:00
PRD03733,CAT40,Dettol Gold  Bottle 4732,Patanjali,39.49,500g,Y,2026-10-05 06:00:00
PRD03734,CAT35,Heritage Gold Daily Bottle 4733,Everest,19.26,250g,Y,2026-10-05 06:00:00
PRD03735,CAT33,Ananda Gold Select Bottle 4734,Sunfeast,7.11,250g,Y,2026-10-05 06:00:00
PRD03736,CAT20,Ariel Lite Daily Carton 4735,Sunpure,19.39,pcs,Y,2026-10-05 06:00:00
PRD03737,CAT16,Sunfeast Classic Daily Box 4736,Sudha,10.46,500g,Y,2026-10-05 06:00:00
PRD03738,CAT09,Maggi Organic  Jar 4737,Patanjali,169.64,1L,Y,2026-10-05 06:00:00
PRD03739,CAT31,Everest Gold Daily Bottle 4738,Gillette,33.0,250g,Y,2026-10-05 06:00:00
PRD03740,CAT17,Lay's Ultra Natural Item 4739,Aashirvaad,26.81,pack,Y,2026-10-05 06:00:00
PRD03741,CAT31,Marico Classic Fresh Pouch 4740,Haldiram's,81.47,250g,Y,2026-10-05 06:00:00
PRD03742,CAT23,Harpic Family Pack Daily Jar 4741,Vim,13.34,pcs,Y,2026-10-05 06:00:00
PRD03743,CAT06,Rin Ultra  Pouch 4742,Weikfield,18.35,250g,Y,2026-10-05 06:00:00
PRD03744,CAT30,Everest Family Pack  Item 4743,Pepsi,38.91,500g,Y,2026-10-05 06:00:00
PRD03745,CAT07,Licious Regular Fresh Item 4744,ITC,92.38,1L,N,2026-10-05 06:00:00
PRD03746,CAT40,Gowardhan Ultra  Jar 4745,Johnson's,57.48,500g,Y,2026-10-05 06:00:00
PRD03747,CAT42,Clinic Plus Organic  Jar 4746,Close-Up,45.76,250g,Y,2026-10-05 06:00:00
PRD03748,CAT11,Frooti Family Pack Fresh Pack 4747,Dabur,39.26,250g,Y,2026-10-05 06:00:00
PRD03749,CAT34,Pedigree Classic  Jar 4748,Colgate,52.47,1L,Y,2026-10-05 06:00:00
PRD03750,CAT12,Nivea Regular Daily Carton 4749,Frooti,43.88,bottle,Y,2026-10-05 06:00:00
PRD03751,CAT27,Sunpure Family Pack Select Bottle 4750,Johnson's,14.48,pcs,N,2026-10-05 06:00:00
PRD03752,CAT12,Tata Classic Fresh Carton 4751,Sunpure,38.15,pcs,Y,2026-10-05 06:00:00
PRD03753,CAT13,Catch Ultra Fresh Jar 4752,Sunpure,13.92,500g,Y,2026-10-05 06:00:00
PRD03754,CAT08,Whiskas Regular Select Jar 4753,Harpic,39.37,kg,N,2026-10-05 06:00:00
PRD03755,CAT16,Thirumala Ultra Natural Item 4754,Sunfeast,23.75,pcs,Y,2026-10-05 06:00:00
PRD03756,CAT29,Amul Classic Extra Pack 4755,Pedigree,359.76,pcs,Y,2026-10-05 06:00:00
PRD03757,CAT35,Ariel Family Pack Daily Pouch 4756,Heritage,35.31,kg,Y,2026-10-05 06:00:00
PRD03758,CAT29,Vim Ultra  Carton 4757,Fresho,10.34,bottle,Y,2026-10-05 06:00:00
PRD03759,CAT31,Heritage Family Pack Select Pouch 4758,Oleev,32.43,bottle,Y,2026-10-05 06:00:00
PRD03760,CAT13,Pedigree Organic  Pouch 4759,Gillette,58.41,pcs,Y,2026-10-05 06:00:00
PRD03761,CAT12,Harpic Classic  Item 4760,Parle,165.01,pack,Y,2026-10-05 06:00:00
PRD03762,CAT02,Saffola Lite Natural Pouch 4761,Dove,21.53,500g,Y,2026-10-05 06:00:00
PRD03763,CAT33,Rasna Organic Select Jar 4762,Mother Dairy,8.81,1L,Y,2026-10-05 06:00:00
PRD03764,CAT08,Everest Premium Natural Jar 4763,Pampers,76.34,pcs,Y,2026-10-05 06:00:00
PRD03765,CAT41,Ananda Family Pack Extra Pouch 4764,Thirumala,10.56,250g,Y,2026-10-05 06:00:00
PRD03766,CAT40,A2B Premium Select Carton 4765,Catch,24.72,pcs,N,2026-10-05 06:00:00
PRD03767,CAT41,Sudha Organic  Pack 4766,Heritage,29.02,pcs,Y,2026-10-05 06:00:00
PRD03768,CAT32,Huggies Gold  Jar 4767,Colgate,34.38,1L,Y,2026-10-05 06:00:00
PRD03769,CAT38,Haldiram's Classic Fresh Bottle 4768,MTR Foods,68.05,pcs,Y,2026-10-05 06:00:00
PRD03770,CAT28,Sudha Premium Extra Carton 4769,Marico,19.78,pcs,Y,2026-10-05 06:00:00
PRD03771,CAT15,Fresho Ultra Natural Carton 4770,Coca-Cola,28.61,500g,Y,2026-10-05 06:00:00
PRD03772,CAT23,Rasna Regular Natural Pack 4771,Gillette,36.13,250g,Y,2026-10-05 06:00:00
PRD03773,CAT24,ITC Family Pack  Box 4772,Patanjali,41.87,pcs,Y,2026-10-05 06:00:00
PRD03774,CAT13,Clinic Plus Ultra  Pack 4773,MTR,39.97,250g,Y,2026-10-05 06:00:00
PRD03775,CAT21,Johnson's Regular Select Carton 4774,Rasna,54.19,250g,Y,2026-10-05 06:00:00
PRD03776,CAT12,Sunfeast Gold Extra Carton 4775,Nivea,78.21,250g,Y,2026-10-05 06:00:00
PRD03777,CAT13,Dove Regular Natural Pouch 4776,Weikfield,52.11,500g,Y,2026-10-05 06:00:00
PRD03778,CAT39,Pampers Lite Natural Carton 4777,Close-Up,55.05,250g,Y,2026-10-05 06:00:00
PRD03779,CAT23,Colgate Classic  Jar 4778,Godrej,8.81,pcs,Y,2026-10-05 06:00:00
PRD03780,CAT43,Bisleri Regular Extra Jar 4779,Gowardhan,38.29,pcs,Y,2026-10-05 06:00:00
PRD03781,CAT28,Pepsi Organic Daily Box 4780,Maggi,56.35,250g,Y,2026-10-05 06:00:00
PRD03782,CAT14,Sunpure Family Pack Natural Box 4781,Haldiram's,70.53,dozen,Y,2026-10-05 06:00:00
PRD03783,CAT17,Sudha Family Pack Natural Carton 4782,Sunpure,19.63,pcs,Y,2026-10-05 06:00:00
PRD03784,CAT24,Coca-Cola Gold Natural Item 4783,Frooti,20.22,500g,Y,2026-10-05 06:00:00
PRD03785,CAT34,Surf Excel Lite Fresh Pouch 4784,Everest,21.83,kg,N,2026-10-05 06:00:00
PRD03786,CAT22,Frooti Ultra  Bottle 4785,Pampers,59.31,bottle,Y,2026-10-05 06:00:00
PRD03787,CAT10,Lakme Classic Daily Item 4786,Huggies,92.8,pcs,Y,2026-10-05 06:00:00
PRD03788,CAT08,Dove Organic Fresh Pack 4787,Sunpure,25.36,500g,Y,2026-10-05 06:00:00
PRD03789,CAT21,MDH Regular Natural Bottle 4788,Godrej,82.86,pcs,Y,2026-10-05 06:00:00
PRD03790,CAT37,Maggi Organic  Carton 4789,Vim,40.9,250g,Y,2026-10-05 06:00:00
PRD03791,CAT07,Everest Ultra  Box 4790,Amul,32.73,pcs,Y,2026-10-05 06:00:00
PRD03792,CAT26,Fortune Family Pack  Pack 4791,Heritage,30.26,250g,Y,2026-10-05 06:00:00
PRD03793,CAT13,Johnson's Gold Fresh Item 4792,Maggi,71.66,kg,Y,2026-10-05 06:00:00
PRD03794,CAT16,Gillette Lite Daily Pack 4793,Sunpure,49.06,dozen,Y,2026-10-05 06:00:00
PRD03795,CAT30,Licious Lite Extra Jar 4794,Saffola,283.79,bottle,Y,2026-10-05 06:00:00
PRD03796,CAT31,Sudha Lite  Item 4795,Dabur,17.0,pcs,Y,2026-10-05 06:00:00
PRD03797,CAT05,Himalaya Lite  Carton 4796,Catch,58.34,pcs,Y,2026-10-05 06:00:00
PRD03798,CAT32,Lakme Family Pack Extra Bottle 4797,Gillette,22.73,1L,Y,2026-10-05 06:00:00
PRD03799,CAT16,Johnson's Lite Select Pack 4798,Vim,16.74,500g,Y,2026-10-05 06:00:00
PRD03800,CAT09,Sunpure Organic Select Jar 4799,Heritage,36.24,pcs,Y,2026-10-05 06:00:00
PRD03801,CAT22,Godrej Regular Fresh Bottle 4800,Close-Up,41.41,500g,Y,2026-10-05 06:00:00
PRD03802,CAT44,MTR Regular Daily Box 4801,Surf Excel,505.91,bottle,Y,2026-10-05 06:00:00
PRD03803,CAT40,Pampers Regular  Jar 4802,Surf Excel,31.01,bottle,Y,2026-10-05 06:00:00
PRD03804,CAT37,Maggi Regular Daily Carton 4803,Pedigree,13.23,pcs,Y,2026-10-05 06:00:00
PRD03805,CAT14,Pampers Gold  Carton 4804,Sunfeast,46.79,500g,Y,2026-10-05 06:00:00
PRD03806,CAT16,Whiskas Family Pack Natural Item 4805,Lay's,5.66,1L,Y,2026-10-05 06:00:00
PRD03807,CAT43,Sudha Lite Natural Jar 4806,Huggies,33.69,pack,Y,2026-10-05 06:00:00
PRD03808,CAT20,Frooti Lite Extra Box 4807,Everest,37.13,500g,Y,2026-10-05 06:00:00
PRD03809,CAT44,Huggies Premium Extra Pouch 4808,Gowardhan,74.82,dozen,Y,2026-10-05 06:00:00
PRD03810,CAT15,Rin Family Pack Select Item 4809,Ananda,87.91,pack,Y,2026-10-05 06:00:00
PRD03811,CAT44,Coca-Cola Premium Extra Pouch 4810,Whiskas,23.26,kg,Y,2026-10-05 06:00:00
PRD03812,CAT26,MTR Foods Premium Natural Bottle 4811,Frooti,31.96,250g,Y,2026-10-05 06:00:00
PRD03813,CAT09,A2B Gold  Jar 4812,Tata,18.37,bottle,Y,2026-10-05 06:00:00
PRD03814,CAT01,Sunfeast Classic Fresh Pouch 4813,Harpic,13.26,pack,Y,2026-10-05 06:00:00
PRD03815,CAT35,Godrej Premium Extra Bottle 4814,Whiskas,48.37,pcs,Y,2026-10-05 06:00:00
PRD03816,CAT44,MDH Gold Select Pack 4815,Nestle,11.63,pcs,Y,2026-10-05 06:00:00
PRD03817,CAT20,Weikfield Family Pack Fresh Pouch 4816,Everest,25.2,bottle,Y,2026-10-05 06:00:00
PRD03818,CAT06,Frooti Ultra Natural Pack 4817,MDH,14.94,pcs,Y,2026-10-05 06:00:00
PRD03819,CAT42,Huggies Organic  Carton 4818,Gillette,60.02,500g,Y,2026-10-05 06:00:00
PRD03820,CAT10,Pampers Regular  Pouch 4819,Aashirvaad,185.17,pack,Y,2026-10-05 06:00:00
PRD03821,CAT33,Tata Regular  Carton 4820,Licious,11.34,pack,Y,2026-10-05 06:00:00
PRD03822,CAT16,Aashirvaad Classic Select Jar 4821,MDH,6.91,pcs,Y,2026-10-05 06:00:00
PRD03823,CAT36,Coca-Cola Lite Daily Pouch 4822,Godrej,32.71,500g,Y,2026-10-05 06:00:00
PRD03824,CAT06,Oleev Gold  Item 4823,Pepsi,37.12,500g,Y,2026-10-05 06:00:00
PRD03825,CAT19,MTR Foods Family Pack  Box 4824,Sudha,44.56,pcs,Y,2026-10-05 06:00:00
PRD03826,CAT31,Dove Classic Select Pouch 4825,Pepsi,24.49,bottle,Y,2026-10-05 06:00:00
PRD03827,CAT02,Frooti Organic Select Bottle 4826,Pampers,30.55,1L,Y,2026-10-05 06:00:00
PRD03828,CAT18,Frooti Family Pack  Carton 4827,Parle,50.95,dozen,Y,2026-10-05 06:00:00
PRD03829,CAT42,Haldiram's Gold  Box 4828,Parle,93.35,pcs,Y,2026-10-05 06:00:00
PRD03830,CAT28,Sunfeast Gold Select Box 4829,Fresho,6.3,500g,Y,2026-10-05 06:00:00
PRD03831,CAT04,Gillette Classic  Box 4830,Nestle,26.26,pack,Y,2026-10-05 06:00:00
PRD03832,CAT01,Bisleri Lite Daily Box 4831,Heritage,44.36,500g,Y,2026-10-05 06:00:00
PRD03833,CAT42,MTR Foods Classic Natural Bottle 4832,Licious,16.02,pcs,Y,2026-10-05 06:00:00
PRD03834,CAT16,Saffola Classic Fresh Item 4833,Parle,173.83,dozen,Y,2026-10-05 06:00:00
PRD03835,CAT02,Licious Premium  Jar 4834,Fortune,20.66,bottle,Y,2026-10-05 06:00:00
PRD03836,CAT36,MTR Classic  Item 4835,Coca-Cola,35.26,500g,Y,2026-10-05 06:00:00
PRD03837,CAT01,Pedigree Premium  Box 4836,Lay's,60.37,1L,Y,2026-10-05 06:00:00
PRD03838,CAT39,Gowardhan Ultra  Carton 4837,ITC,21.5,pcs,Y,2026-10-05 06:00:00
PRD03839,CAT23,Fresho Regular  Pack 4838,Sunfeast,6.95,dozen,Y,2026-10-05 06:00:00
PRD03840,CAT26,Dabur Family Pack  Pouch 4839,Close-Up,24.88,pack,Y,2026-10-05 06:00:00
PRD03841,CAT11,Patanjali Regular  Carton 4840,Thirumala,92.43,pcs,Y,2026-10-05 06:00:00
PRD03842,CAT42,Rasna Gold Natural Pouch 4841,Sunpure,27.03,pcs,Y,2026-10-05 06:00:00
PRD03843,CAT01,Pepsi Family Pack  Pouch 4842,A2B,17.09,pack,Y,2026-10-05 06:00:00
PRD03844,CAT11,Lay's Family Pack  Pouch 4843,Bisleri,84.19,pcs,Y,2026-10-05 06:00:00
PRD03845,CAT24,Britannia Classic Fresh Box 4844,Heritage,27.18,kg,Y,2026-10-05 06:00:00
PRD03846,CAT10,Harpic Regular  Pouch 4845,Nestle,23.12,dozen,Y,2026-10-05 06:00:00
PRD03847,CAT14,Pedigree Gold  Bottle 4846,Nivea,41.87,bottle,Y,2026-10-05 06:00:00
PRD03848,CAT14,Dabur Gold Natural Bottle 4847,Harpic,73.24,250g,Y,2026-10-05 06:00:00
PRD03849,CAT07,Weikfield Organic Extra Item 4848,MTR,312.17,500g,N,2026-10-05 06:00:00
PRD03850,CAT23,Weikfield Classic Natural Pack 4849,Nivea,77.05,pcs,Y,2026-10-05 06:00:00
PRD03851,CAT43,MTR Gold Daily Carton 4850,Gillette,103.94,250g,Y,2026-10-05 06:00:00
PRD03852,CAT22,Gillette Lite Select Item 4851,Bisleri,23.21,500g,Y,2026-10-05 06:00:00
PRD03853,CAT36,Sunfeast Premium Extra Carton 4852,Sunfeast,14.54,1L,Y,2026-10-05 06:00:00
PRD03854,CAT27,Thirumala Classic  Jar 4853,Patanjali,38.71,pcs,Y,2026-10-05 06:00:00
PRD03855,CAT02,MTR Foods Regular Select Carton 4854,Rin,40.3,pcs,Y,2026-10-05 06:00:00
PRD03856,CAT39,Pampers Lite Fresh Box 4855,Gowardhan,13.86,pcs,Y,2026-10-05 06:00:00
PRD03857,CAT19,Maggi Family Pack Daily Box 4856,A2B,31.26,pack,Y,2026-10-05 06:00:00
PRD03858,CAT07,Marico Organic Select Bottle 4857,Close-Up,52.43,500g,Y,2026-10-05 06:00:00
PRD03859,CAT12,Gowardhan Classic Extra Item 4858,Nestle,50.62,pcs,Y,2026-10-05 06:00:00
PRD03860,CAT03,Gillette Classic Natural Pouch 4859,Nestle,57.62,500g,Y,2026-10-05 06:00:00
PRD03861,CAT05,Close-Up Organic Fresh Bottle 4860,Sunfeast,-47.55,pcs,Y,2026-10-05 06:00:00
PRD03862,CAT08,Ananda Ultra  Pouch 4861,Fresho,23.19,bottle,Y,2026-10-05 06:00:00
PRD03863,CAT14,Thirumala Premium Daily Item 4862,Catch,23.05,1L,Y,2026-10-05 06:00:00
PRD03864,CAT36,Colgate Gold Natural Jar 4863,Coca-Cola,12.44,pcs,N,2026-10-05 06:00:00
PRD03865,CAT07,Tata Premium  Box 4864,Rin,182.42,pcs,Y,2026-10-05 06:00:00
PRD03866,CAT07,Gowardhan Lite Natural Pouch 4865,MTR Foods,37.04,dozen,Y,2026-10-05 06:00:00
PRD03867,CAT32,Tata Organic  Pouch 4866,Pampers,29.89,1L,N,2026-10-05 06:00:00
PRD03868,CAT08,MTR Premium Daily Item 4867,Saffola,15.86,pcs,Y,2026-10-05 06:00:00
PRD03869,CAT12,Clinic Plus Gold Daily Jar 4868,Maggi,513.93,500g,Y,2026-10-05 06:00:00
PRD03870,CAT10,Parle Classic Daily Bottle 4869,Gillette,13.93,pcs,Y,2026-10-05 06:00:00
PRD03871,CAT14,Patanjali Premium  Bottle 4870,Clinic Plus,24.88,pcs,Y,2026-10-05 06:00:00
PRD03872,CAT09,Patanjali Classic Fresh Item 4871,Fortune,53.21,pack,Y,2026-10-05 06:00:00
PRD03873,CAT38,Fresho Lite Natural Pack 4872,Patanjali,62.81,pcs,Y,2026-10-05 06:00:00
PRD03874,CAT30,Gowardhan Lite Natural Carton 4873,Ananda,86.67,pack,Y,2026-10-05 06:00:00
PRD03875,CAT05,Bisleri Premium  Pack 4874,Godrej,186.2,500g,Y,2026-10-05 06:00:00
PRD03876,CAT01,Nivea Lite Fresh Bottle 4875,Haldiram's,57.72,pcs,Y,2026-10-05 06:00:00
PRD03877,CAT01,Rasna Ultra Daily Jar 4876,Sudha,14.15,pack,Y,2026-10-05 06:00:00
PRD03878,CAT20,Everest Ultra Select Jar 4877,Clinic Plus,29.04,500g,Y,2026-10-05 06:00:00
PRD03879,CAT11,Amul Organic Select Bottle 4878,Godrej,48.28,250g,Y,2026-10-05 06:00:00
PRD03880,CAT26,ITC Lite Extra Box 4879,Mother Dairy,235.43,pack,Y,2026-10-05 06:00:00
PRD03881,CAT44,Nivea Premium Select Item 4880,Sudha,10.4,dozen,Y,2026-10-05 06:00:00
PRD03882,CAT03,Frooti Family Pack  Jar 4881,Surf Excel,108.02,pcs,Y,2026-10-05 06:00:00
PRD03883,CAT06,Frooti Lite  Jar 4882,Safal,43.03,pcs,N,2026-10-05 06:00:00
PRD03884,CAT43,Surf Excel Classic  Carton 4883,Nivea,77.79,500g,Y,2026-10-05 06:00:00
PRD03885,CAT11,Gillette Classic  Pouch 4884,Close-Up,33.39,pcs,Y,2026-10-05 06:00:00
PRD03886,CAT08,Parle Gold Fresh Jar 4885,Pepsi,17.15,500g,Y,2026-10-05 06:00:00
PRD03887,CAT29,MDH Organic Fresh Pouch 4886,Whiskas,71.94,pcs,Y,2026-10-05 06:00:00
PRD03888,CAT10,Himalaya Ultra Fresh Item 4887,Fresho,65.96,500g,Y,2026-10-05 06:00:00
PRD03889,CAT34,Saffola Classic Select Carton 4888,Pepsi,87.78,pcs,Y,2026-10-05 06:00:00
PRD03890,CAT24,Licious Lite  Pouch 4889,Gowardhan,36.16,pack,Y,2026-10-05 06:00:00
PRD03891,CAT17,Sunpure Family Pack Daily Pack 4890,Ariel,21.33,250g,Y,2026-10-05 06:00:00
PRD03892,CAT32,Pedigree Premium Extra Bottle 4891,Everest,9.0,pcs,Y,2026-10-05 06:00:00
PRD03893,CAT11,Harpic Classic Daily Item 4892,ITC,76.51,pack,Y,2026-10-05 06:00:00
PRD03894,CAT34,Thirumala Organic  Item 4893,Himalaya,53.6,pcs,Y,2026-10-05 06:00:00
PRD03895,CAT24,Saffola Classic Daily Bottle 4894,Sunpure,15.35,500g,N,2026-10-05 06:00:00
PRD03896,CAT05,Lakme Regular Extra Jar 4895,Britannia,22.54,pcs,Y,2026-10-05 06:00:00
PRD03897,CAT29,Lay's Family Pack  Jar 4896,Pampers,24.04,pack,Y,2026-10-05 06:00:00
PRD03898,CAT34,Whiskas Lite Daily Jar 4897,Aashirvaad,9.63,500g,Y,2026-10-05 06:00:00
PRD03899,CAT16,Parle Premium  Pack 4898,Pampers,17.53,pcs,Y,2026-10-05 06:00:00
PRD03900,CAT25,Haldiram's Ultra  Box 4899,Ananda,13.19,dozen,Y,2026-10-05 06:00:00
PRD03901,CAT37,Clinic Plus Lite  Bottle 4900,Dettol,25.25,pcs,Y,2026-10-05 06:00:00
PRD03902,CAT08,Gowardhan Gold Fresh Pouch 4901,Huggies,18.82,kg,Y,2026-10-05 06:00:00
PRD03903,CAT29,Aashirvaad Lite  Jar 4902,MDH,8.46,pcs,N,2026-10-05 06:00:00
PRD03904,CAT25,Dabur Regular Extra Item 4903,Parle,225.95,pack,Y,2026-10-05 06:00:00
PRD03905,CAT42,A2B Family Pack  Carton 4904,Mother Dairy,112.99,1L,Y,2026-10-05 06:00:00
PRD03906,CAT23,Mother Dairy Ultra  Pack 4905,Vim,18.15,bottle,N,2026-10-05 06:00:00
PRD03907,CAT34,Johnson's Regular  Item 4906,Gowardhan,46.77,dozen,Y,2026-10-05 06:00:00
PRD03908,CAT03,Rasna Classic Select Pouch 4907,Whiskas,53.29,bottle,Y,2026-10-05 06:00:00
PRD03909,CAT30,Pampers Premium  Jar 4908,Godrej,106.91,500g,Y,2026-10-05 06:00:00
PRD03910,CAT34,Parle Regular  Pack 4909,Weikfield,17.52,pack,Y,2026-10-05 06:00:00
PRD03911,CAT32,Fresho Classic Daily Item 4910,Clinic Plus,97.8,250g,Y,2026-10-05 06:00:00
PRD03912,CAT29,Gowardhan Premium  Carton 4911,Marico,22.35,pcs,Y,2026-10-05 06:00:00
PRD03913,CAT09,Gowardhan Classic Daily Carton 4912,Heritage,11.0,kg,Y,2026-10-05 06:00:00
PRD03914,CAT02,Marico Premium  Item 4913,Tata,70.23,500g,Y,2026-10-05 06:00:00
PRD03915,CAT39,MTR Foods Family Pack Select Box 4914,Nestle,116.94,pcs,Y,2026-10-05 06:00:00
PRD03916,CAT07,Rasna Organic Extra Jar 4915,Maggi,375.82,500g,Y,2026-10-05 06:00:00
PRD03917,CAT05,Mother Dairy Family Pack Fresh Box 4916,Thirumala,12.43,1L,Y,2026-10-05 06:00:00
PRD03918,CAT08,Marico Family Pack Extra Pack 4917,Close-Up,68.65,1L,Y,2026-10-05 06:00:00
PRD03919,CAT32,Clinic Plus Regular Daily Pack 4918,Gowardhan,25.31,1L,N,2026-10-05 06:00:00
PRD03920,CAT18,Himalaya Gold Select Box 4919,Huggies,74.07,pcs,Y,2026-10-05 06:00:00
PRD03921,CAT38,Licious Gold Natural Jar 4920,Johnson's,9.74,1L,Y,2026-10-05 06:00:00
PRD03922,CAT18,Nestle Organic Fresh Pack 4921,Sunpure,11.75,bottle,Y,2026-10-05 06:00:00
PRD03923,CAT41,Britannia Family Pack Select Jar 4922,Aashirvaad,18.21,500g,Y,2026-10-05 06:00:00
PRD03924,CAT16,Licious Lite Select Pack 4923,MTR,39.29,1L,Y,2026-10-05 06:00:00
PRD03925,CAT21,Thirumala Regular Daily Bottle 4924,MTR,20.55,pcs,Y,2026-10-05 06:00:00
PRD03926,CAT10,Dettol Organic Extra Jar 4925,Rin,66.23,pcs,Y,2026-10-05 06:00:00
PRD03927,CAT42,Rin Family Pack Select Bottle 4926,Oleev,92.22,1L,Y,2026-10-05 06:00:00
PRD03928,CAT04,MTR Regular Natural Jar 4927,Frooti,62.78,pcs,Y,2026-10-05 06:00:00
PRD03929,CAT44,Bisleri Gold Daily Pack 4928,Close-Up,157.1,250g,Y,2026-10-05 06:00:00
PRD03930,CAT08,Patanjali Lite Daily Carton 4929,Huggies,53.21,250g,Y,2026-10-05 06:00:00
PRD03931,CAT19,Catch Regular Extra Pouch 4930,Fresho,12.24,500g,Y,2026-10-05 06:00:00
PRD03932,CAT40,A2B Organic Natural Jar 4931,A2B,124.84,500g,Y,2026-10-05 06:00:00
PRD03933,CAT40,Colgate Lite Select Pack 4932,Himalaya,21.23,bottle,Y,2026-10-05 06:00:00
PRD03934,CAT09,Close-Up Classic Extra Box 4933,Sunfeast,83.04,pcs,Y,2026-10-05 06:00:00
PRD03935,CAT30,Fresho Organic  Pack 4934,Pampers,150.86,1L,Y,2026-10-05 06:00:00
PRD03936,CAT17,Patanjali Regular  Jar 4935,Thirumala,55.2,kg,Y,2026-10-05 06:00:00
PRD03937,CAT40,Gowardhan Organic  Bottle 4936,Oleev,9.52,bottle,Y,2026-10-05 06:00:00
PRD03938,CAT44,Nestle Lite Select Pouch 4937,Dove,16.02,1L,Y,2026-10-05 06:00:00
PRD03939,CAT15,Weikfield Gold Fresh Jar 4938,Dove,120.36,500g,Y,2026-10-05 06:00:00
PRD03940,CAT04,Rasna Gold Select Pouch 4939,A2B,31.43,pcs,Y,2026-10-05 06:00:00
PRD03941,CAT06,Ananda Lite  Bottle 4940,Huggies,39.32,pcs,Y,2026-10-05 06:00:00
PRD03942,CAT16,Parle Family Pack Daily Carton 4941,Clinic Plus,72.45,250g,Y,2026-10-05 06:00:00
PRD03943,CAT26,Everest Gold Extra Box 4942,Amul,68.49,pcs,Y,2026-10-05 06:00:00
PRD03944,CAT37,Lakme Premium  Carton 4943,Surf Excel,47.04,bottle,Y,2026-10-05 06:00:00
PRD03945,CAT23,Aashirvaad Classic  Item 4944,Vim,30.33,1L,Y,2026-10-05 06:00:00
PRD03946,CAT13,Safal Premium Natural Carton 4945,Gowardhan,27.62,pcs,Y,2026-10-05 06:00:00
PRD03947,CAT17,Dove Regular Natural Pack 4946,Whiskas,79.21,pcs,Y,2026-10-05 06:00:00
PRD03948,CAT27,Everest Gold Daily Box 4947,Heritage,60.23,1L,Y,2026-10-05 06:00:00
PRD03949,CAT22,Thirumala Classic Natural Pouch 4948,Ariel,29.03,pcs,Y,2026-10-05 06:00:00
PRD03950,CAT37,Safal Regular Extra Bottle 4949,Sudha,96.92,250g,Y,2026-10-05 06:00:00
PRD03951,CAT19,Haldiram's Gold Fresh Box 4950,Patanjali,32.59,bottle,Y,2026-10-05 06:00:00
PRD03952,CAT39,Harpic Gold  Pack 4951,Coca-Cola,17.0,dozen,Y,2026-10-05 06:00:00
PRD03953,CAT35,Dettol Classic Select Pack 4952,Nestle,18.48,250g,Y,2026-10-05 06:00:00
PRD03954,CAT13,Johnson's Family Pack Fresh Jar 4953,Heritage,15.17,pack,Y,2026-10-05 06:00:00
PRD03955,CAT14,Sunpure Lite  Jar 4954,Clinic Plus,28.64,1L,Y,2026-10-05 06:00:00
PRD03956,CAT31,Lay's Family Pack  Carton 4955,Clinic Plus,111.09,500g,Y,2026-10-05 06:00:00
PRD03957,CAT02,Britannia Gold Select Bottle 4956,Tata,17.73,250g,Y,2026-10-05 06:00:00
PRD03958,CAT39,Gowardhan Family Pack  Carton 4957,Dabur,43.36,pcs,Y,2026-10-05 06:00:00
PRD03959,CAT37,Nestle Regular Extra Pouch 4958,Harpic,20.27,pcs,Y,2026-10-05 06:00:00
PRD03960,CAT14,Huggies Gold Extra Item 4959,Ariel,28.95,250g,Y,2026-10-05 06:00:00
PRD03961,CAT09,Gillette Regular Natural Item 4960,Britannia,9.4,kg,Y,2026-10-05 06:00:00
PRD03962,CAT10,Licious Regular  Pack 4961,Maggi,30.01,1L,Y,2026-10-05 06:00:00
PRD03963,CAT07,Maggi Ultra Select Pack 4962,Patanjali,30.74,500g,Y,2026-10-05 06:00:00
PRD03964,CAT28,Surf Excel Lite Natural Box 4963,Sudha,59.52,500g,Y,2026-10-05 06:00:00
PRD03965,CAT25,MDH Classic Natural Pouch 4964,Coca-Cola,44.74,500g,N,2026-10-05 06:00:00
PRD03966,CAT28,Sudha Family Pack  Pouch 4965,Huggies,12.45,500g,Y,2026-10-05 06:00:00
PRD03967,CAT02,Fresho Organic  Box 4966,Patanjali,97.1,kg,Y,2026-10-05 06:00:00
PRD03968,CAT17,Sunpure Ultra Daily Pouch 4967,Himalaya,44.22,500g,Y,2026-10-05 06:00:00
PRD03969,CAT04,ITC Premium Extra Box 4968,Surf Excel,43.75,pcs,Y,2026-10-05 06:00:00
PRD03970,CAT13,Fresho Gold  Jar 4969,Safal,36.3,250g,Y,2026-10-05 06:00:00
PRD03971,CAT18,Mother Dairy Ultra Fresh Bottle 4970,Harpic,22.97,500g,Y,2026-10-05 06:00:00
PRD03972,CAT03,Vim Regular  Box 4971,Safal,44.52,250g,Y,2026-10-05 06:00:00
PRD03973,CAT37,Everest Family Pack  Box 4972,Safal,56.15,1L,N,2026-10-05 06:00:00
PRD03974,CAT33,Johnson's Premium  Carton 4973,Harpic,7.6,250g,Y,2026-10-05 06:00:00
PRD03975,CAT41,Lakme Premium  Box 4974,A2B,22.54,pcs,Y,2026-10-05 06:00:00
PRD03976,CAT24,Gowardhan Lite Extra Bottle 4975,Sunpure,29.09,pcs,Y,2026-10-05 06:00:00
PRD03977,CAT08,Gowardhan Premium Fresh Jar 4976,Britannia,46.09,500g,Y,2026-10-05 06:00:00
PRD03978,CAT35,Gowardhan Regular Natural Carton 4977,Britannia,107.12,250g,Y,2026-10-05 06:00:00
PRD03979,CAT02,Whiskas Organic Select Jar 4978,ITC,18.27,pcs,Y,2026-10-05 06:00:00
PRD03980,CAT33,Haldiram's Gold Natural Jar 4979,Frooti,23.38,500g,Y,2026-10-05 06:00:00
PRD03981,CAT12,Godrej Lite Extra Box 4980,Whiskas,23.07,dozen,N,2026-10-05 06:00:00
PRD03982,CAT22,ITC Classic Extra Jar 4981,Huggies,17.79,pcs,Y,2026-10-05 06:00:00
PRD03983,CAT13,Dove Regular  Item 4982,Vim,26.78,pack,Y,2026-10-05 06:00:00
PRD03984,CAT10,Sudha Gold  Pack 4983,Johnson's,73.24,pack,Y,2026-10-05 06:00:00
PRD03985,CAT17,Aashirvaad Gold Natural Item 4984,Mother Dairy,14.18,bottle,Y,2026-10-05 06:00:00
PRD03986,CAT43,Lay's Lite  Carton 4985,Fortune,53.79,bottle,Y,2026-10-05 06:00:00
PRD03987,CAT05,Aashirvaad Premium  Jar 4986,Rin,7.91,500g,Y,2026-10-05 06:00:00
PRD03988,CAT09,Sudha Regular  Pack 4987,Safal,22.08,250g,Y,2026-10-05 06:00:00
PRD03989,CAT13,Ariel Family Pack Natural Carton 4988,ITC,27.21,1L,Y,2026-10-05 06:00:00
PRD03990,CAT23,Weikfield Classic  Item 4989,Saffola,165.24,pcs,Y,2026-10-05 06:00:00
PRD03991,CAT30,MDH Gold Daily Jar 4990,MDH,28.58,pcs,Y,2026-10-05 06:00:00
PRD03992,CAT43,Dove Gold  Jar 4991,MDH,5.05,pcs,Y,2026-10-05 06:00:00
PRD03993,CAT04,Dove Premium Select Carton 4992,Himalaya,6.06,pcs,Y,2026-10-05 06:00:00
PRD03994,CAT21,Rasna Lite Daily Item 4993,Rin,37.74,250g,Y,2026-10-05 06:00:00
PRD03995,CAT43,MDH Classic Select Box 4994,Dove,63.59,dozen,Y,2026-10-05 06:00:00
PRD03996,CAT09,Marico Lite Extra Carton 4995,Frooti,51.31,bottle,Y,2026-10-05 06:00:00
PRD03997,CAT07,Dabur Family Pack  Bottle 4996,Oleev,42.56,pcs,Y,2026-10-05 06:00:00
PRD03998,CAT16,Himalaya Premium Extra Pack 4997,Fresho,104.17,pcs,Y,2026-10-05 06:00:00
PRD03999,CAT23,Whiskas Premium  Pack 4998,Catch,22.52,250g,Y,2026-10-05 06:00:00
PRD04000,CAT23,Dabur Ultra  Pouch 4999,Sunpure,81.89,500g,Y,2026-10-05 06:00:00
PRD04001,CAT31,Huggies Lite  Jar 5000,Dettol,8.42,pack,Y,2026-10-05 06:00:00
PRD04002,CAT05,Saffola Classic Daily Pack 5001,Harpic,16.21,250g,Y,2026-10-05 06:00:00
PRD04003,CAT06,Sunpure Regular Daily Pack 5002,Dettol,7.2,1L,Y,2026-10-05 06:00:00
PRD04004,CAT01,Bisleri Ultra Select Pouch 5003,Himalaya,28.58,pcs,N,2026-10-05 06:00:00
PRD04005,CAT28,Marico Ultra Daily Bottle 5004,Godrej,35.11,pcs,Y,2026-10-05 06:00:00
PRD04006,CAT18,Godrej Regular Daily Pouch 5005,Marico,40.56,pcs,Y,2026-10-05 06:00:00
PRD04007,CAT24,Amul Ultra Fresh Carton 5006,Coca-Cola,38.69,500g,Y,2026-10-05 06:00:00
PRD04008,CAT13,Coca-Cola Classic  Item 5007,Aashirvaad,15.88,dozen,Y,2026-10-05 06:00:00
PRD04009,CAT33,Gillette Regular  Pouch 5008,Nestle,30.84,pcs,Y,2026-10-05 06:00:00
PRD04010,CAT10,Saffola Organic  Jar 5009,Catch,9.51,pcs,Y,2026-10-05 06:00:00
PRD04011,CAT07,Saffola Family Pack  Jar 5010,A2B,124.82,1L,N,2026-10-05 06:00:00
PRD04012,CAT37,Rasna Classic Natural Pouch 5011,Pepsi,27.85,pcs,Y,2026-10-05 06:00:00
PRD04013,CAT32,Oleev Regular  Pouch 5012,MTR Foods,23.57,pack,Y,2026-10-05 06:00:00
PRD04014,CAT22,Godrej Regular Extra Box 5013,MTR Foods,152.94,pcs,Y,2026-10-05 06:00:00
PRD04015,CAT16,Everest Family Pack Natural Bottle 5014,Sudha,11.96,dozen,Y,2026-10-05 06:00:00
PRD04016,CAT24,Colgate Family Pack Natural Pouch 5015,Coca-Cola,13.29,bottle,Y,2026-10-05 06:00:00
PRD04017,CAT14,Everest Lite Daily Pouch 5016,Lay's,13.65,bottle,N,2026-10-05 06:00:00
PRD04018,CAT11,Coca-Cola Premium Natural Bottle 5017,Vim,34.43,pcs,Y,2026-10-05 06:00:00
PRD04019,CAT19,Clinic Plus Family Pack Natural Carton 5018,Harpic,53.97,pcs,Y,2026-10-05 06:00:00
PRD04020,CAT23,Sunpure Organic Extra Carton 5019,Patanjali,71.22,pack,Y,2026-10-05 06:00:00
PRD04021,CAT34,Fresho Family Pack Extra Pack 5020,Dabur,370.48,pack,Y,2026-10-05 06:00:00
PRD04022,CAT40,Lay's Organic Select Item 5021,Aashirvaad,4.83,250g,Y,2026-10-05 06:00:00
PRD04023,CAT13,A2B Gold Natural Bottle 5022,Ananda,63.3,500g,Y,2026-10-05 06:00:00
PRD04024,CAT39,A2B Gold Select Box 5023,MTR Foods,22.17,pcs,Y,2026-10-05 06:00:00
PRD04025,CAT44,Amul Organic  Pack 5024,Surf Excel,21.59,dozen,Y,2026-10-05 06:00:00
PRD04026,CAT28,Ariel Gold Daily Item 5025,Oleev,20.95,pcs,Y,2026-10-05 06:00:00
PRD04027,CAT40,Nestle Organic Extra Pack 5026,Amul,16.15,pcs,Y,2026-10-05 06:00:00
PRD04028,CAT16,ITC Regular Daily Item 5027,Aashirvaad,166.68,pcs,N,2026-10-05 06:00:00
PRD04029,CAT28,Gillette Organic  Box 5028,Coca-Cola,78.11,250g,Y,2026-10-05 06:00:00
PRD04030,CAT04,Thirumala Ultra Daily Pack 5029,Sudha,37.37,pcs,Y,2026-10-05 06:00:00
PRD04031,CAT28,Gillette Family Pack Select Bottle 5030,Weikfield,123.46,500g,Y,2026-10-05 06:00:00
PRD04032,CAT12,Sunpure Gold Extra Jar 5031,Everest,9.38,500g,Y,2026-10-05 06:00:00
PRD04033,CAT16,Tata Regular  Item 5032,Lay's,11.05,pcs,Y,2026-10-05 06:00:00
PRD04034,CAT36,Parle Family Pack Fresh Pack 5033,Fortune,5.15,250g,Y,2026-10-05 06:00:00
PRD04035,CAT20,Mother Dairy Family Pack Daily Bottle 5034,Nivea,19.5,pcs,Y,2026-10-05 06:00:00
PRD04036,CAT26,Gillette Premium Fresh Jar 5035,Catch,42.33,pcs,Y,2026-10-05 06:00:00
PRD04037,CAT26,Coca-Cola Regular Fresh Jar 5036,Rin,40.15,1L,Y,2026-10-05 06:00:00
PRD04038,CAT22,Lakme Organic  Pouch 5037,Gowardhan,41.86,500g,Y,2026-10-05 06:00:00
PRD04039,CAT09,Maggi Ultra Natural Jar 5038,Everest,10.28,pcs,Y,2026-10-05 06:00:00
PRD04040,CAT05,MTR Gold Natural Pouch 5039,Dove,75.4,kg,Y,2026-10-05 06:00:00
PRD04041,CAT17,Close-Up Classic  Bottle 5040,Coca-Cola,45.41,kg,Y,2026-10-05 06:00:00
PRD04042,CAT34,MTR Organic Daily Pack 5041,Godrej,70.79,500g,Y,2026-10-05 06:00:00
PRD04043,CAT02,Parle Lite Natural Jar 5042,Fortune,6.66,500g,Y,2026-10-05 06:00:00
PRD04044,CAT07,Safal Family Pack Fresh Pouch 5043,Mother Dairy,48.44,pcs,Y,2026-10-05 06:00:00
PRD04045,CAT36,Haldiram's Regular Daily Pack 5044,A2B,12.57,pack,Y,2026-10-05 06:00:00
PRD04046,CAT13,Parle Lite Daily Carton 5045,Nestle,25.6,1L,Y,2026-10-05 06:00:00
PRD04047,CAT20,Heritage Lite Extra Pouch 5046,Johnson's,59.2,pcs,Y,2026-10-05 06:00:00
PRD04048,CAT30,Close-Up Premium Natural Pouch 5047,Himalaya,39.73,pack,Y,2026-10-05 06:00:00
PRD04049,CAT30,Licious Classic Select Carton 5048,Ariel,17.01,500g,Y,2026-10-05 06:00:00
PRD04050,CAT11,Lay's Regular  Pouch 5049,Oleev,36.81,500g,Y,2026-10-05 06:00:00
PRD04051,CAT31,Gillette Family Pack Fresh Item 5050,Parle,9.22,pcs,Y,2026-10-05 06:00:00
PRD04052,CAT03,Rin Organic Daily Carton 5051,Coca-Cola,103.05,pcs,Y,2026-10-05 06:00:00
PRD04053,CAT02,Oleev Ultra  Box 5052,Marico,30.42,kg,Y,2026-10-05 06:00:00
PRD04054,CAT03,Sunpure Premium Extra Pack 5053,Britannia,100.15,250g,Y,2026-10-05 06:00:00
PRD04055,CAT15,Fortune Premium Natural Box 5054,Pedigree,22.79,pcs,Y,2026-10-05 06:00:00
PRD04056,CAT17,Heritage Family Pack  Carton 5055,ITC,22.85,500g,Y,2026-10-05 06:00:00
PRD04057,CAT07,ITC Regular Extra Box 5056,Fortune,18.4,1L,Y,2026-10-05 06:00:00
PRD04058,CAT05,Nivea Lite Daily Pouch 5057,Gowardhan,80.52,pcs,Y,2026-10-05 06:00:00
PRD04059,CAT34,Nivea Classic Fresh Jar 5058,Thirumala,19.33,500g,Y,2026-10-05 06:00:00
PRD04060,CAT33,Tata Lite Fresh Pack 5059,Oleev,65.37,1L,Y,2026-10-05 06:00:00
PRD04061,CAT16,Ananda Organic Select Jar 5060,Ananda,25.94,pcs,Y,2026-10-05 06:00:00
PRD04062,CAT37,Heritage Premium Fresh Box 5061,Fortune,6.18,pcs,Y,2026-10-05 06:00:00
PRD04063,CAT03,Patanjali Gold Fresh Item 5062,Clinic Plus,21.91,pcs,Y,2026-10-05 06:00:00
PRD04064,CAT43,Nestle Organic  Box 5063,Godrej,12.66,500g,Y,2026-10-05 06:00:00
PRD04065,CAT21,Clinic Plus Gold Extra Jar 5064,ITC,37.73,1L,Y,2026-10-05 06:00:00
PRD04066,CAT41,Gowardhan Gold Extra Carton 5065,Close-Up,12.54,pcs,Y,2026-10-05 06:00:00
PRD04067,CAT08,Parle Classic Fresh Bottle 5066,Oleev,84.22,1L,Y,2026-10-05 06:00:00
PRD04068,CAT22,ITC Lite Extra Box 5067,Weikfield,33.72,500g,Y,2026-10-05 06:00:00
PRD04069,CAT05,Coca-Cola Gold Natural Item 5068,ITC,31.19,250g,Y,2026-10-05 06:00:00
PRD04070,CAT17,Surf Excel Premium Natural Pouch 5069,Sunpure,66.04,pcs,Y,2026-10-05 06:00:00
PRD04071,CAT37,Close-Up Regular  Box 5070,Pampers,87.14,1L,Y,2026-10-05 06:00:00
PRD04072,CAT14,Thirumala Organic  Jar 5071,Dabur,35.94,1L,Y,2026-10-05 06:00:00
PRD04073,CAT39,Vim Regular Select Pack 5072,Patanjali,18.28,250g,Y,2026-10-05 06:00:00
PRD04074,CAT41,Parle Premium Fresh Box 5073,Safal,7.41,250g,Y,2026-10-05 06:00:00
PRD04075,CAT28,Huggies Premium  Jar 5074,Johnson's,19.74,pcs,Y,2026-10-05 06:00:00
PRD04076,CAT31,MDH Gold Extra Item 5075,ITC,21.0,dozen,Y,2026-10-05 06:00:00
PRD04077,CAT17,Aashirvaad Gold  Item 5076,Aashirvaad,40.3,pack,Y,2026-10-05 06:00:00
PRD04078,CAT35,Pedigree Gold Daily Item 5077,Patanjali,26.83,1L,Y,2026-10-05 06:00:00
PRD04079,CAT40,Saffola Regular Natural Box 5078,Gowardhan,67.97,bottle,Y,2026-10-05 06:00:00
PRD04080,CAT22,Dove Organic Natural Carton 5079,Rasna,21.08,500g,Y,2026-10-05 06:00:00
PRD04081,CAT29,Aashirvaad Family Pack Select Pouch 5080,Licious,34.77,pcs,N,2026-10-05 06:00:00
PRD04082,CAT10,Tata Organic Select Jar 5081,Nivea,106.23,250g,Y,2026-10-05 06:00:00
PRD04083,CAT18,Lay's Classic Daily Bottle 5082,Pepsi,49.78,kg,Y,2026-10-05 06:00:00
PRD04084,CAT35,Coca-Cola Classic Fresh Pack 5083,Lakme,34.67,pcs,Y,2026-10-05 06:00:00
PRD04085,CAT44,Mother Dairy Premium  Item 5084,Heritage,21.29,1L,Y,2026-10-05 06:00:00
PRD04086,CAT16,MTR Foods Lite Extra Item 5085,Heritage,20.7,pack,Y,2026-10-05 06:00:00
PRD04087,CAT07,Britannia Lite Daily Pack 5086,Vim,17.02,bottle,Y,2026-10-05 06:00:00
PRD04088,CAT30,A2B Gold Natural Box 5087,Pampers,22.49,pcs,N,2026-10-05 06:00:00
PRD04089,CAT19,Gowardhan Organic  Pouch 5088,Thirumala,0.0,pcs,Y,2026-10-05 06:00:00
PRD04090,CAT23,Saffola Ultra Extra Item 5089,Amul,29.97,pcs,Y,2026-10-05 06:00:00
PRD04091,CAT08,Weikfield Organic  Item 5090,Britannia,10.86,1L,Y,2026-10-05 06:00:00
PRD04092,CAT17,Dabur Premium Daily Pack 5091,Weikfield,179.71,bottle,Y,2026-10-05 06:00:00
PRD04093,CAT21,Ariel Family Pack  Box 5092,Oleev,48.81,1L,Y,2026-10-05 06:00:00
PRD04094,CAT26,Frooti Classic Natural Pouch 5093,Harpic,10.32,bottle,Y,2026-10-05 06:00:00
PRD04095,CAT28,Fresho Gold Select Pack 5094,Maggi,24.59,250g,Y,2026-10-05 06:00:00
PRD04096,CAT39,Lay's Premium Fresh Box 5095,Johnson's,40.44,1L,Y,2026-10-05 06:00:00
PRD04097,CAT33,Johnson's Regular Select Pack 5096,Sunfeast,169.72,pcs,Y,2026-10-05 06:00:00
PRD04098,CAT40,Thirumala Lite Fresh Box 5097,MTR,13.5,pcs,Y,2026-10-05 06:00:00
PRD04099,CAT19,Dabur Regular Fresh Bottle 5098,Lay's,88.1,pcs,N,2026-10-05 06:00:00
PRD04100,CAT29,Surf Excel Ultra Extra Item 5099,Oleev,128.96,pcs,Y,2026-10-05 06:00:00
PRD04101,CAT20,Rin Organic Daily Pack 5100,Sunpure,20.78,pcs,Y,2026-10-05 06:00:00
PRD04102,CAT20,Surf Excel Premium Select Carton 5101,Everest,28.51,pcs,Y,2026-10-05 06:00:00
PRD04103,CAT10,Harpic Lite Daily Carton 5102,Pepsi,14.4,500g,Y,2026-10-05 06:00:00
PRD04104,CAT12,Huggies Ultra Daily Pouch 5103,Himalaya,30.47,500g,Y,2026-10-05 06:00:00
PRD04105,CAT33,Heritage Ultra Natural Bottle 5104,Gillette,35.41,pcs,Y,2026-10-05 06:00:00
PRD04106,CAT25,Tata Lite Fresh Pack 5105,MTR,66.27,250g,Y,2026-10-05 06:00:00
PRD04107,CAT25,Whiskas Premium Fresh Item 5106,Haldiram's,97.63,1L,Y,2026-10-05 06:00:00
PRD04108,CAT04,Patanjali Gold Natural Pack 5107,Britannia,18.67,250g,Y,2026-10-05 06:00:00
PRD04109,CAT04,Gillette Organic Natural Bottle 5108,Lakme,6.23,250g,Y,2026-10-05 06:00:00
PRD04110,CAT09,Bisleri Gold Extra Bottle 5109,Dettol,35.91,250g,Y,2026-10-05 06:00:00
PRD04111,CAT15,Johnson's Ultra Daily Item 5110,Himalaya,47.66,kg,Y,2026-10-05 06:00:00
PRD04112,CAT26,Lakme Classic  Carton 5111,Maggi,45.81,pcs,Y,2026-10-05 06:00:00
PRD04113,CAT15,Nestle Premium  Box 5112,Safal,27.28,pcs,Y,2026-10-05 06:00:00
PRD04114,CAT26,Amul Ultra Extra Bottle 5113,Ananda,40.95,pcs,Y,2026-10-05 06:00:00
PRD04115,CAT28,Catch Gold  Item 5114,Saffola,143.15,1L,Y,2026-10-05 06:00:00
PRD04116,CAT07,MTR Lite Daily Bottle 5115,Dabur,51.6,500g,Y,2026-10-05 06:00:00
PRD04117,CAT32,Everest Regular  Box 5116,Nestle,26.15,500g,Y,2026-10-05 06:00:00
PRD04118,CAT12,Dettol Premium Fresh Carton 5117,Johnson's,23.33,pcs,Y,2026-10-05 06:00:00
PRD04119,CAT35,Britannia Classic Fresh Pack 5118,Rin,31.41,1L,Y,2026-10-05 06:00:00
PRD04120,CAT32,Godrej Family Pack Daily Item 5119,Coca-Cola,159.66,1L,Y,2026-10-05 06:00:00
PRD04121,CAT09,Safal Premium Extra Pack 5120,Pedigree,31.03,pcs,Y,2026-10-05 06:00:00
PRD04122,CAT14,Amul Classic  Jar 5121,Tata,35.95,500g,Y,2026-10-05 06:00:00
PRD04123,CAT13,Mother Dairy Family Pack Fresh Box 5122,Tata,23.71,bottle,Y,2026-10-05 06:00:00
PRD04124,CAT44,Nestle Family Pack  Jar 5123,Sudha,98.4,250g,Y,2026-10-05 06:00:00
PRD04125,CAT33,Frooti Gold Daily Item 5124,Amul,213.55,pcs,Y,2026-10-05 06:00:00
PRD04126,CAT32,Bisleri Organic  Item 5125,Gowardhan,54.9,bottle,Y,2026-10-05 06:00:00
PRD04127,CAT19,Gillette Organic Extra Bottle 5126,Bisleri,39.43,pcs,Y,2026-10-05 06:00:00
PRD04128,CAT30,Pepsi Premium  Jar 5127,Coca-Cola,37.83,500g,Y,2026-10-05 06:00:00
PRD04129,CAT16,Aashirvaad Ultra Fresh Jar 5128,Sunfeast,4.28,pcs,Y,2026-10-05 06:00:00
PRD04130,CAT12,Close-Up Lite Fresh Item 5129,Nestle,71.57,kg,Y,2026-10-05 06:00:00
PRD04131,CAT10,Weikfield Ultra Daily Pack 5130,Himalaya,41.3,pcs,Y,2026-10-05 06:00:00
PRD04132,CAT02,Frooti Family Pack  Jar 5131,Rin,53.81,pcs,Y,2026-10-05 06:00:00
PRD04133,CAT18,Britannia Organic Extra Carton 5132,Lakme,19.29,bottle,Y,2026-10-05 06:00:00
PRD04134,CAT13,Fortune Premium Fresh Box 5133,Sunpure,25.89,1L,Y,2026-10-05 06:00:00
PRD04135,CAT29,Dove Regular Extra Carton 5134,Sudha,25.28,pack,Y,2026-10-05 06:00:00
PRD04136,CAT24,Close-Up Gold Natural Jar 5135,Tata,91.79,pcs,Y,2026-10-05 06:00:00
PRD04137,CAT38,Fresho Regular  Box 5136,Licious,26.03,500g,Y,2026-10-05 06:00:00
PRD04138,CAT12,Everest Regular Select Pack 5137,Mother Dairy,238.51,dozen,Y,2026-10-05 06:00:00
PRD04139,CAT29,Ariel Organic Natural Bottle 5138,Catch,53.93,1L,Y,2026-10-05 06:00:00
PRD04140,CAT22,Sunfeast Ultra  Carton 5139,Huggies,11.61,pack,Y,2026-10-05 06:00:00
PRD04141,CAT36,Rasna Family Pack Select Box 5140,Dettol,32.6,dozen,Y,2026-10-05 06:00:00
PRD04142,CAT01,Vim Classic Fresh Pack 5141,Aashirvaad,20.36,250g,Y,2026-10-05 06:00:00
PRD04143,CAT43,Haldiram's Regular Extra Bottle 5142,Fortune,5.08,pcs,Y,2026-10-05 06:00:00
PRD04144,CAT40,Saffola Gold  Box 5143,Sunfeast,154.4,pcs,Y,2026-10-05 06:00:00
PRD04145,CAT34,Whiskas Gold Natural Pouch 5144,Saffola,68.91,pcs,Y,2026-10-05 06:00:00
PRD04146,CAT34,Marico Gold  Carton 5145,Britannia,59.14,500g,Y,2026-10-05 06:00:00
PRD04147,CAT33,Ananda Lite Select Item 5146,ITC,42.47,bottle,Y,2026-10-05 06:00:00
PRD04148,CAT04,Heritage Organic  Pouch 5147,Weikfield,10.55,500g,Y,2026-10-05 06:00:00
PRD04149,CAT38,Pampers Premium  Pouch 5148,Bisleri,23.68,bottle,Y,2026-10-05 06:00:00
PRD04150,CAT30,Amul Ultra  Jar 5149,Dove,78.07,pack,Y,2026-10-05 06:00:00
PRD04151,CAT20,Fortune Regular Extra Item 5150,Safal,14.21,dozen,Y,2026-10-05 06:00:00
PRD04152,CAT26,Parle Regular Select Pouch 5151,Rasna,3.75,kg,Y,2026-10-05 06:00:00
PRD04153,CAT15,Weikfield Organic Daily Pouch 5152,Thirumala,29.83,250g,Y,2026-10-05 06:00:00
PRD04154,CAT07,Sunfeast Organic  Pack 5153,Fresho,32.21,bottle,N,2026-10-05 06:00:00
PRD04155,CAT07,Marico Family Pack  Carton 5154,Godrej,41.35,250g,N,2026-10-05 06:00:00
PRD04156,CAT29,Frooti Lite  Carton 5155,MDH,70.5,250g,Y,2026-10-05 06:00:00
PRD04157,CAT23,Whiskas Classic Extra Pack 5156,Ariel,64.96,250g,Y,2026-10-05 06:00:00
PRD04158,CAT34,Safal Classic Fresh Pack 5157,MTR Foods,46.2,250g,Y,2026-10-05 06:00:00
PRD04159,CAT20,Saffola Organic Fresh Carton 5158,Everest,107.34,500g,Y,2026-10-05 06:00:00
PRD04160,CAT15,Patanjali Classic Daily Item 5159,Oleev,9.33,500g,Y,2026-10-05 06:00:00
PRD04161,CAT33,Nestle Premium Fresh Item 5160,Dettol,57.63,pcs,Y,2026-10-05 06:00:00
PRD04162,CAT17,Patanjali Gold  Item 5161,Colgate,64.32,pcs,Y,2026-10-05 06:00:00
PRD04163,CAT20,Godrej Family Pack  Bottle 5162,Dove,11.99,500g,N,2026-10-05 06:00:00
PRD04164,CAT13,Sunfeast Organic  Jar 5163,Ananda,9.46,bottle,Y,2026-10-05 06:00:00
PRD04165,CAT44,Nivea Ultra Natural Bottle 5164,Pampers,18.7,1L,Y,2026-10-05 06:00:00
PRD04166,CAT24,MTR Lite Fresh Bottle 5165,Pepsi,20.18,pcs,Y,2026-10-05 06:00:00
PRD04167,CAT37,Lakme Family Pack  Jar 5166,Everest,72.1,pack,Y,2026-10-05 06:00:00
PRD04168,CAT07,Gillette Premium Extra Box 5167,Britannia,21.05,kg,Y,2026-10-05 06:00:00
PRD04169,CAT08,Sunfeast Premium Fresh Jar 5168,Everest,16.93,pack,Y,2026-10-05 06:00:00
PRD04170,CAT23,Close-Up Organic  Bottle 5169,Tata,21.11,250g,Y,2026-10-05 06:00:00
PRD04171,CAT14,Frooti Regular Extra Item 5170,Licious,100.16,pcs,Y,2026-10-05 06:00:00
PRD04172,CAT04,Gowardhan Premium Extra Carton 5171,Sudha,37.03,pcs,Y,2026-10-05 06:00:00
PRD04173,CAT21,Fresho Classic Extra Box 5172,Frooti,31.15,1L,Y,2026-10-05 06:00:00
PRD04174,CAT10,Pampers Classic  Pack 5173,Tata,33.15,pcs,Y,2026-10-05 06:00:00
PRD04175,CAT22,Catch Classic Extra Bottle 5174,Tata,117.08,pcs,Y,2026-10-05 06:00:00
PRD04176,CAT30,Everest Regular Daily Pouch 5175,Nivea,18.65,kg,Y,2026-10-05 06:00:00
PRD04177,CAT30,Close-Up Premium Natural Box 5176,Parle,119.58,250g,Y,2026-10-05 06:00:00
PRD04178,CAT16,Johnson's Family Pack Daily Pouch 5177,Rasna,44.23,pcs,Y,2026-10-05 06:00:00
PRD04179,CAT11,Dettol Classic  Jar 5178,Nestle,31.68,pcs,Y,2026-10-05 06:00:00
PRD04180,CAT22,Maggi Premium Extra Item 5179,Mother Dairy,347.52,500g,Y,2026-10-05 06:00:00
PRD04181,CAT29,Whiskas Gold Extra Box 5180,Harpic,14.15,pcs,Y,2026-10-05 06:00:00
PRD04182,CAT25,Frooti Organic  Box 5181,Himalaya,26.62,250g,Y,2026-10-05 06:00:00
PRD04183,CAT14,Ariel Classic Extra Pack 5182,Weikfield,12.07,pcs,Y,2026-10-05 06:00:00
PRD04184,CAT14,Fresho Family Pack Fresh Carton 5183,Whiskas,-86.25,pack,Y,2026-10-05 06:00:00
PRD04185,CAT02,Coca-Cola Premium Fresh Pouch 5184,Maggi,167.38,pack,Y,2026-10-05 06:00:00
PRD04186,CAT13,Haldiram's Organic  Jar 5185,Huggies,164.5,1L,Y,2026-10-05 06:00:00
PRD04187,CAT03,Lay's Classic Daily Bottle 5186,Fresho,110.12,250g,Y,2026-10-05 06:00:00
PRD04188,CAT30,Gillette Lite  Bottle 5187,Godrej,30.63,pcs,Y,2026-10-05 06:00:00
PRD04189,CAT18,Oleev Gold Select Item 5188,Dettol,26.35,1L,Y,2026-10-05 06:00:00
PRD04190,CAT36,Colgate Gold Daily Box 5189,Whiskas,8.13,250g,Y,2026-10-05 06:00:00
PRD04191,CAT21,A2B Family Pack Daily Jar 5190,Saffola,228.67,1L,Y,2026-10-05 06:00:00
PRD04192,CAT19,Rin Classic  Pack 5191,Pepsi,55.82,pcs,Y,2026-10-05 06:00:00
PRD04193,CAT16,Maggi Gold  Bottle 5192,Licious,23.51,pcs,Y,2026-10-05 06:00:00
PRD04194,CAT28,Gillette Regular Select Item 5193,Frooti,120.93,pcs,Y,2026-10-05 06:00:00
PRD04195,CAT04,MDH Regular  Bottle 5194,A2B,15.25,1L,Y,2026-10-05 06:00:00
PRD04196,CAT15,Close-Up Premium Fresh Bottle 5195,Coca-Cola,52.77,250g,Y,2026-10-05 06:00:00
PRD04197,CAT01,Johnson's Organic  Item 5196,Dabur,31.33,1L,N,2026-10-05 06:00:00
PRD04198,CAT16,Dove Ultra Natural Bottle 5197,Close-Up,65.03,250g,Y,2026-10-05 06:00:00
PRD04199,CAT20,Bisleri Lite  Item 5198,Dabur,34.56,pcs,Y,2026-10-05 06:00:00
PRD04200,CAT33,Nestle Gold  Pouch 5199,Ariel,9.92,bottle,Y,2026-10-05 06:00:00
PRD04201,CAT17,Pepsi Lite Extra Jar 5200,Bisleri,39.17,500g,Y,2026-10-05 06:00:00
PRD04202,CAT05,Pampers Regular Fresh Bottle 5201,Close-Up,94.06,pcs,Y,2026-10-05 06:00:00
PRD04203,CAT05,Aashirvaad Gold Select Item 5202,Haldiram's,35.65,1L,Y,2026-10-05 06:00:00
PRD04204,CAT39,Johnson's Premium Daily Pack 5203,Dove,73.52,500g,Y,2026-10-05 06:00:00
PRD04205,CAT13,Lay's Ultra  Jar 5204,Colgate,14.28,pcs,Y,2026-10-05 06:00:00
PRD04206,CAT44,Frooti Organic  Box 5205,Parle,35.74,250g,Y,2026-10-05 06:00:00
PRD04207,CAT36,Tata Premium  Pouch 5206,Lay's,20.86,kg,Y,2026-10-05 06:00:00
PRD04208,CAT30,Weikfield Ultra  Box 5207,Himalaya,71.69,pcs,Y,2026-10-05 06:00:00
PRD04209,CAT04,Licious Gold Natural Pack 5208,Pampers,37.65,500g,Y,2026-10-05 06:00:00
PRD04210,CAT23,A2B Family Pack Daily Pack 5209,Bisleri,68.11,pcs,Y,2026-10-05 06:00:00
PRD04211,CAT21,Weikfield Family Pack Extra Bottle 5210,Harpic,97.41,kg,Y,2026-10-05 06:00:00
PRD04212,CAT21,Patanjali Classic  Bottle 5211,Huggies,68.2,pcs,N,2026-10-05 06:00:00
PRD04213,CAT06,Johnson's Classic  Jar 5212,Surf Excel,46.8,pcs,Y,2026-10-05 06:00:00
PRD04214,CAT24,Maggi Gold  Bottle 5213,Aashirvaad,14.9,500g,Y,2026-10-05 06:00:00
PRD04215,CAT31,Whiskas Classic  Pack 5214,Rasna,36.51,pcs,Y,2026-10-05 06:00:00
PRD04216,CAT19,Marico Organic Natural Pack 5215,Johnson's,22.65,pcs,Y,2026-10-05 06:00:00
PRD04217,CAT38,Heritage Ultra Select Item 5216,Ananda,26.85,pcs,Y,2026-10-05 06:00:00
PRD04218,CAT12,Saffola Organic  Carton 5217,Vim,26.13,pcs,Y,2026-10-05 06:00:00
PRD04219,CAT14,Parle Organic  Pack 5218,Oleev,15.15,pcs,Y,2026-10-05 06:00:00
PRD04220,CAT12,Weikfield Regular Select Bottle 5219,Britannia,6.29,bottle,Y,2026-10-05 06:00:00
PRD04221,CAT15,Nivea Lite  Bottle 5220,Nivea,20.06,kg,Y,2026-10-05 06:00:00
PRD04222,CAT19,Lakme Organic  Pack 5221,Surf Excel,43.56,500g,Y,2026-10-05 06:00:00
PRD04223,CAT28,Nivea Ultra Extra Carton 5222,Fortune,10.88,1L,Y,2026-10-05 06:00:00
PRD04224,CAT40,Aashirvaad Organic  Bottle 5223,Heritage,37.12,250g,Y,2026-10-05 06:00:00
PRD04225,CAT41,Aashirvaad Classic  Carton 5224,Dettol,202.4,500g,Y,2026-10-05 06:00:00
PRD04226,CAT05,MTR Foods Premium Natural Box 5225,Saffola,91.9,500g,Y,2026-10-05 06:00:00
PRD04227,CAT05,Bisleri Ultra Extra Jar 5226,Ananda,160.64,250g,Y,2026-10-05 06:00:00
PRD04228,CAT06,Sudha Regular Fresh Carton 5227,Johnson's,52.04,500g,Y,2026-10-05 06:00:00
PRD04229,CAT23,Pampers Regular Fresh Carton 5228,Mother Dairy,104.66,1L,Y,2026-10-05 06:00:00
PRD04230,CAT03,Close-Up Family Pack Select Carton 5229,Bisleri,19.08,500g,Y,2026-10-05 06:00:00
PRD04231,CAT37,A2B Gold Extra Box 5230,Frooti,20.49,500g,Y,2026-10-05 06:00:00
PRD04232,CAT33,Dove Family Pack Natural Pouch 5231,Rasna,3.11,pack,Y,2026-10-05 06:00:00
PRD04233,CAT43,Pedigree Classic Fresh Jar 5232,Tata,106.43,250g,N,2026-10-05 06:00:00
PRD04234,CAT21,ITC Ultra Fresh Pouch 5233,Pepsi,146.39,dozen,Y,2026-10-05 06:00:00
PRD04235,CAT20,Whiskas Lite Natural Box 5234,Godrej,22.25,pack,Y,2026-10-05 06:00:00
PRD04236,CAT01,Safal Lite Daily Box 5235,Fresho,29.12,pcs,Y,2026-10-05 06:00:00
PRD04237,CAT39,Colgate Lite Natural Pouch 5236,Marico,18.57,250g,Y,2026-10-05 06:00:00
PRD04238,CAT17,Rasna Organic Fresh Box 5237,Rasna,51.64,1L,Y,2026-10-05 06:00:00
PRD04239,CAT29,Nivea Organic Daily Carton 5238,Bisleri,100.73,1L,Y,2026-10-05 06:00:00
PRD04240,CAT08,Lakme Gold Fresh Pack 5239,Close-Up,7.63,500g,Y,2026-10-05 06:00:00
PRD04241,CAT26,Rasna Regular Natural Pack 5240,Fortune,52.9,pcs,Y,2026-10-05 06:00:00
PRD04242,CAT28,Sudha Family Pack  Item 5241,Sudha,28.53,kg,Y,2026-10-05 06:00:00
PRD04243,CAT34,Catch Ultra Daily Pack 5242,Pedigree,40.53,pack,Y,2026-10-05 06:00:00
PRD04244,CAT26,Nivea Regular  Jar 5243,Rin,55.32,500g,Y,2026-10-05 06:00:00
PRD04245,CAT13,Sudha Family Pack Natural Pack 5244,Maggi,30.9,pcs,Y,2026-10-05 06:00:00
PRD04246,CAT44,Bisleri Family Pack Fresh Pouch 5245,Patanjali,33.34,pack,Y,2026-10-05 06:00:00
PRD04247,CAT37,Clinic Plus Regular  Box 5246,Johnson's,30.19,500g,Y,2026-10-05 06:00:00
PRD04248,CAT13,Nivea Classic Fresh Item 5247,Tata,87.64,500g,Y,2026-10-05 06:00:00
PRD04249,CAT38,Gowardhan Organic  Item 5248,Safal,53.35,1L,Y,2026-10-05 06:00:00
PRD04250,CAT25,Dabur Ultra Extra Bottle 5249,Ariel,44.64,250g,Y,2026-10-05 06:00:00
PRD04251,CAT23,Johnson's Ultra Select Pack 5250,A2B,11.66,pcs,Y,2026-10-05 06:00:00
PRD04252,CAT22,ITC Premium Select Jar 5251,Huggies,26.03,250g,Y,2026-10-05 06:00:00
PRD04253,CAT21,Gillette Classic Extra Bottle 5252,MTR,82.17,250g,Y,2026-10-05 06:00:00
PRD04254,CAT30,Gowardhan Regular  Pack 5253,Godrej,37.86,1L,Y,2026-10-05 06:00:00
PRD04255,CAT11,Pepsi Classic Natural Carton 5254,Dabur,66.26,pcs,Y,2026-10-05 06:00:00
PRD04256,CAT04,Sudha Premium  Carton 5255,Colgate,179.44,pcs,Y,2026-10-05 06:00:00
PRD04257,CAT33,Aashirvaad Ultra  Pouch 5256,Godrej,93.2,pcs,Y,2026-10-05 06:00:00
PRD04258,CAT12,Pampers Ultra  Carton 5257,Ananda,39.8,pcs,Y,2026-10-05 06:00:00
PRD04259,CAT09,Harpic Organic Daily Item 5258,Dettol,23.11,pcs,Y,2026-10-05 06:00:00
PRD04260,CAT32,Fresho Premium  Item 5259,Sunpure,3.68,500g,Y,2026-10-05 06:00:00
PRD04261,CAT11,Haldiram's Ultra Fresh Bottle 5260,Whiskas,31.45,pcs,Y,2026-10-05 06:00:00
PRD04262,CAT37,Mother Dairy Lite Daily Pouch 5261,Parle,27.29,pcs,Y,2026-10-05 06:00:00
PRD04263,CAT24,Nivea Ultra Natural Carton 5262,Godrej,52.0,500g,Y,2026-10-05 06:00:00
PRD04264,CAT07,Mother Dairy Gold  Pouch 5263,Haldiram's,31.86,pcs,Y,2026-10-05 06:00:00
PRD04265,CAT08,Ariel Regular Daily Pack 5264,Gowardhan,27.43,250g,Y,2026-10-05 06:00:00
PRD04266,CAT33,Sudha Organic Daily Pouch 5265,Britannia,7.38,500g,Y,2026-10-05 06:00:00
PRD04267,CAT25,Lakme Premium  Item 5266,Dettol,15.71,pcs,Y,2026-10-05 06:00:00
PRD04268,CAT01,Huggies Ultra Extra Item 5267,Dettol,56.2,pcs,Y,2026-10-05 06:00:00
PRD04269,CAT03,Harpic Lite Select Pack 5268,MDH,171.45,250g,Y,2026-10-05 06:00:00
PRD04270,CAT40,Mother Dairy Family Pack  Pack 5269,Pepsi,33.52,pcs,Y,2026-10-05 06:00:00
PRD04271,CAT28,Safal Lite Fresh Item 5270,Fortune,49.16,kg,Y,2026-10-05 06:00:00
PRD04272,CAT43,Amul Lite Fresh Bottle 5271,Ariel,86.25,250g,Y,2026-10-05 06:00:00
PRD04273,CAT33,Ariel Organic Extra Pack 5272,Colgate,17.64,pcs,Y,2026-10-05 06:00:00
PRD04274,CAT01,Fortune Classic  Bottle 5273,Haldiram's,50.91,500g,Y,2026-10-05 06:00:00
PRD04275,CAT38,MDH Family Pack Extra Pack 5274,Nestle,18.79,1L,Y,2026-10-05 06:00:00
PRD04276,CAT27,Everest Organic Select Item 5275,Tata,79.71,pcs,Y,2026-10-05 06:00:00
PRD04277,CAT38,Pampers Ultra Daily Jar 5276,Frooti,41.94,pcs,Y,2026-10-05 06:00:00
PRD04278,CAT35,Gillette Organic Natural Box 5277,Dabur,47.88,500g,Y,2026-10-05 06:00:00
PRD04279,CAT10,Nestle Family Pack Select Carton 5278,Sunpure,18.1,kg,Y,2026-10-05 06:00:00
PRD04280,CAT12,Rin Lite Natural Pack 5279,Gillette,69.15,pcs,Y,2026-10-05 06:00:00
PRD04281,CAT10,MDH Classic Select Pack 5280,Safal,238.95,500g,Y,2026-10-05 06:00:00
PRD04282,CAT34,Ananda Organic Daily Pack 5281,Haldiram's,14.77,kilo,Y,2026-10-05 06:00:00
PRD04283,CAT24,Parle Regular Select Box 5282,Gowardhan,26.96,1L,Y,2026-10-05 06:00:00
PRD04284,CAT28,Mother Dairy Ultra Daily Bottle 5283,Dettol,45.08,250g,Y,2026-10-05 06:00:00
PRD04285,CAT22,Nivea Family Pack  Jar 5284,Sunpure,74.27,500g,Y,2026-10-05 06:00:00
PRD04286,CAT16,Huggies Lite  Bottle 5285,Godrej,22.12,250g,Y,2026-10-05 06:00:00
PRD04287,CAT13,MDH Premium Select Pouch 5286,Dove,3.0,pcs,Y,2026-10-05 06:00:00
PRD04288,CAT36,Sunfeast Regular Select Item 5287,Weikfield,124.37,250g,Y,2026-10-05 06:00:00
PRD04289,CAT36,Gillette Organic Extra Bottle 5288,Ananda,72.56,pcs,Y,2026-10-05 06:00:00
PRD04290,CAT43,Dove Organic Fresh Box 5289,Mother Dairy,7.62,250g,Y,2026-10-05 06:00:00
PRD04291,CAT23,Fortune Ultra Natural Box 5290,Surf Excel,21.18,pack,Y,2026-10-05 06:00:00
PRD04292,CAT14,Close-Up Gold  Pack 5291,Whiskas,150.11,pack,Y,2026-10-05 06:00:00
PRD04293,CAT32,Sunpure Lite  Bottle 5292,Lay's,134.7,pcs,Y,2026-10-05 06:00:00
PRD04294,CAT03,MTR Premium Daily Item 5293,Pedigree,85.18,250g,Y,2026-10-05 06:00:00
PRD04295,CAT27,MDH Gold  Pouch 5294,Himalaya,31.23,500g,Y,2026-10-05 06:00:00
PRD04296,CAT19,Frooti Premium Fresh Item 5295,Patanjali,39.44,dozen,Y,2026-10-05 06:00:00
PRD04297,CAT22,Pedigree Ultra Extra Pack 5296,Britannia,32.53,500g,Y,2026-10-05 06:00:00
PRD04298,CAT01,Himalaya Gold Select Box 5297,Sunpure,101.03,250g,Y,2026-10-05 06:00:00
PRD04299,CAT05,A2B Gold Daily Bottle 5298,A2B,16.64,500g,Y,2026-10-05 06:00:00
PRD04300,CAT33,Colgate Gold  Pack 5299,Marico,17.72,500g,Y,2026-10-05 06:00:00
PRD04301,CAT19,A2B Classic  Pouch 5300,Sunfeast,90.85,pcs,Y,2026-10-05 06:00:00
PRD04302,CAT36,MTR Foods Gold Fresh Pouch 5301,Lakme,35.17,pcs,Y,2026-10-05 06:00:00
PRD04303,CAT06,Close-Up Organic  Pack 5302,Coca-Cola,126.55,pcs,Y,2026-10-05 06:00:00
PRD04304,CAT15,Nestle Lite  Item 5303,Catch,20.0,pcs,Y,2026-10-05 06:00:00
PRD04305,CAT36,Oleev Classic Fresh Carton 5304,Dove,34.84,pcs,N,2026-10-05 06:00:00
PRD04306,CAT33,Ananda Gold  Carton 5305,Pedigree,15.96,pack,Y,2026-10-05 06:00:00
PRD04307,CAT24,Clinic Plus Regular  Pack 5306,Amul,36.84,500g,Y,2026-10-05 06:00:00
PRD04308,CAT27,Pampers Gold Daily Carton 5307,Pampers,9.67,pack,Y,2026-10-05 06:00:00
PRD04309,CAT11,Amul Regular  Carton 5308,Gowardhan,23.6,1L,Y,2026-10-05 06:00:00
PRD04310,CAT23,ITC Premium  Bottle 5309,Rin,10.05,pack,Y,2026-10-05 06:00:00
PRD04311,CAT33,Maggi Gold  Bottle 5310,Sunfeast,68.34,500g,Y,2026-10-05 06:00:00
PRD04312,CAT41,Lay's Gold Daily Carton 5311,ITC,69.75,pcs,Y,2026-10-05 06:00:00
PRD04313,CAT29,Nivea Regular Fresh Bottle 5312,Patanjali,7.71,1L,Y,2026-10-05 06:00:00
PRD04314,CAT31,Mother Dairy Family Pack  Jar 5313,Godrej,121.57,250g,Y,2026-10-05 06:00:00
PRD04315,CAT01,Surf Excel Lite  Jar 5314,Nestle,346.43,1L,Y,2026-10-05 06:00:00
PRD04316,CAT34,Nivea Premium  Bottle 5315,Close-Up,38.15,pack,Y,2026-10-05 06:00:00
PRD04317,CAT18,Maggi Premium Fresh Bottle 5316,Himalaya,20.55,250g,Y,2026-10-05 06:00:00
PRD04318,CAT18,Pedigree Family Pack Select Pouch 5317,Gillette,464.93,500g,Y,2026-10-05 06:00:00
PRD04319,CAT06,Pampers Organic Extra Jar 5318,Thirumala,11.17,pack,Y,2026-10-05 06:00:00
PRD04320,CAT40,Pedigree Regular Select Carton 5319,Vim,37.27,250g,Y,2026-10-05 06:00:00
PRD04321,CAT01,Godrej Organic  Pouch 5320,Marico,43.02,pcs,Y,2026-10-05 06:00:00
PRD04322,CAT42,Sunpure Family Pack  Carton 5321,Surf Excel,122.81,500g,Y,2026-10-05 06:00:00
PRD04323,CAT30,Britannia Lite  Pouch 5322,MTR Foods,50.59,250g,Y,2026-10-05 06:00:00
PRD04324,CAT04,MTR Ultra  Pouch 5323,Marico,23.36,1L,Y,2026-10-05 06:00:00
PRD04325,CAT32,Fresho Organic Select Bottle 5324,Safal,15.55,kg,Y,2026-10-05 06:00:00
PRD04326,CAT10,Colgate Regular  Box 5325,Safal,26.91,pcs,Y,2026-10-05 06:00:00
PRD04327,CAT43,Gillette Lite  Pack 5326,Lakme,14.79,250g,Y,2026-10-05 06:00:00
PRD04328,CAT05,Vim Gold Extra Carton 5327,Nivea,38.21,pack,Y,2026-10-05 06:00:00
PRD04329,CAT09,Ariel Gold Fresh Bottle 5328,Haldiram's,22.03,250g,Y,2026-10-05 06:00:00
PRD04330,CAT05,Mother Dairy Gold  Pack 5329,MTR,9.54,500g,N,2026-10-05 06:00:00
PRD04331,CAT11,Fresho Family Pack Fresh Bottle 5330,Ariel,113.25,500g,Y,2026-10-05 06:00:00
PRD04332,CAT35,Bisleri Family Pack Extra Box 5331,Nestle,23.38,1L,Y,2026-10-05 06:00:00
PRD04333,CAT27,Licious Lite Extra Pack 5332,Marico,11.69,500g,Y,2026-10-05 06:00:00
PRD04334,CAT04,Dettol Premium Daily Pack 5333,Marico,31.46,bottle,Y,2026-10-05 06:00:00
PRD04335,CAT10,Fresho Classic Fresh Box 5334,Himalaya,38.92,pcs,Y,2026-10-05 06:00:00
PRD04336,CAT39,Tata Regular Extra Bottle 5335,Marico,7.6,1L,Y,2026-10-05 06:00:00
PRD04337,CAT33,Licious Organic  Pouch 5336,Nestle,49.33,pcs,Y,2026-10-05 06:00:00
PRD04338,CAT38,Himalaya Regular Extra Item 5337,Vim,14.26,500g,Y,2026-10-05 06:00:00
PRD04339,CAT08,A2B Family Pack  Box 5338,Gillette,170.7,250g,Y,2026-10-05 06:00:00
PRD04340,CAT24,Haldiram's Lite Fresh Pouch 5339,Himalaya,58.65,pcs,Y,2026-10-05 06:00:00
PRD04341,CAT39,Coca-Cola Premium  Pack 5340,Mother Dairy,25.54,250g,Y,2026-10-05 06:00:00
PRD04342,CAT33,Everest Ultra  Item 5341,Clinic Plus,18.72,pcs,Y,2026-10-05 06:00:00
PRD04343,CAT41,Whiskas Lite Natural Item 5342,Haldiram's,33.3,1L,Y,2026-10-05 06:00:00
PRD04344,CAT43,Rin Organic Natural Carton 5343,Patanjali,63.53,500g,Y,2026-10-05 06:00:00
PRD04345,CAT19,Lakme Family Pack Natural Pouch 5344,Sudha,35.77,pcs,Y,2026-10-05 06:00:00
PRD04346,CAT02,Parle Ultra Natural Item 5345,A2B,30.1,pcs,Y,2026-10-05 06:00:00
PRD04347,CAT11,Sudha Classic Extra Carton 5346,Amul,38.57,250g,Y,2026-10-05 06:00:00
PRD04348,CAT35,Gillette Organic  Jar 5347,Frooti,21.25,500g,Y,2026-10-05 06:00:00
PRD04349,CAT17,Oleev Classic  Carton 5348,Thirumala,26.87,pcs,Y,2026-10-05 06:00:00
PRD04350,CAT42,Gowardhan Regular Extra Jar 5349,Nestle,5.6,250g,N,2026-10-05 06:00:00
PRD04351,CAT03,Catch Ultra  Pack 5350,Haldiram's,87.91,pcs,Y,2026-10-05 06:00:00
PRD04352,CAT22,Saffola Lite  Pouch 5351,MDH,47.89,250g,Y,2026-10-05 06:00:00
PRD04353,CAT35,Gowardhan Ultra Select Pack 5352,Whiskas,18.24,1L,Y,2026-10-05 06:00:00
PRD04354,CAT21,Britannia Premium Fresh Item 5353,Fortune,202.12,pcs,Y,2026-10-05 06:00:00
PRD04355,CAT25,Maggi Lite Select Pouch 5354,Oleev,39.58,pcs,Y,2026-10-05 06:00:00
PRD04356,CAT39,Dabur Organic  Bottle 5355,Marico,14.4,1L,Y,2026-10-05 06:00:00
PRD04357,CAT02,Johnson's Ultra Daily Item 5356,Haldiram's,79.13,pcs,Y,2026-10-05 06:00:00
PRD04358,CAT01,Aashirvaad Gold  Box 5357,Lakme,52.37,pcs,Y,2026-10-05 06:00:00
PRD04359,CAT07,Catch Family Pack  Pack 5358,Nivea,52.2,250g,Y,2026-10-05 06:00:00
PRD04360,CAT20,Clinic Plus Gold Extra Item 5359,Marico,24.95,500g,Y,2026-10-05 06:00:00
PRD04361,CAT43,Dove Family Pack Natural Pouch 5360,Marico,54.9,pcs,Y,2026-10-05 06:00:00
PRD04362,CAT06,Catch Regular Extra Box 5361,Coca-Cola,28.92,500g,N,2026-10-05 06:00:00
PRD04363,CAT36,Huggies Regular Natural Pouch 5362,Tata,60.36,1L,Y,2026-10-05 06:00:00
PRD04364,CAT21,Lay's Ultra Daily Pack 5363,Harpic,6.59,1L,Y,2026-10-05 06:00:00
PRD04365,CAT35,Heritage Premium Select Bottle 5364,Parle,24.77,1L,Y,2026-10-05 06:00:00
PRD04366,CAT36,ITC Regular Fresh Bottle 5365,Harpic,172.42,kg,Y,2026-10-05 06:00:00
PRD04367,CAT08,Catch Organic  Pouch 5366,Tata,18.35,500g,Y,2026-10-05 06:00:00
PRD04368,CAT04,Colgate Ultra  Carton 5367,Pepsi,21.25,pcs,Y,2026-10-05 06:00:00
PRD04369,CAT43,Lay's Lite Daily Pack 5368,Fresho,24.46,pcs,Y,2026-10-05 06:00:00
PRD04370,CAT16,Clinic Plus Gold  Jar 5369,Dettol,12.26,pcs,Y,2026-10-05 06:00:00
PRD04371,CAT03,Pampers Regular Select Jar 5370,Safal,5.02,pcs,Y,2026-10-05 06:00:00
PRD04372,CAT07,Bisleri Organic Natural Box 5371,Godrej,29.74,pcs,Y,2026-10-05 06:00:00
PRD04373,CAT02,Dove Lite  Pouch 5372,Colgate,41.36,1L,Y,2026-10-05 06:00:00
PRD04374,CAT01,Close-Up Classic Natural Item 5373,Close-Up,34.91,pcs,Y,2026-10-05 06:00:00
PRD04375,CAT01,Vim Organic Select Pack 5374,Bisleri,32.12,250g,Y,2026-10-05 06:00:00
PRD04376,CAT38,Dettol Family Pack  Box 5375,Close-Up,38.04,500g,Y,2026-10-05 06:00:00
PRD04377,CAT07,MTR Classic Fresh Pack 5376,Pampers,91.89,dozen,Y,2026-10-05 06:00:00
PRD04378,CAT24,Gillette Family Pack Select Pouch 5377,Maggi,30.83,1L,Y,2026-10-05 06:00:00
PRD04379,CAT05,Patanjali Organic Select Carton 5378,Aashirvaad,21.83,250g,Y,2026-10-05 06:00:00
PRD04380,CAT21,Mother Dairy Ultra Daily Pouch 5379,Sudha,28.42,bottle,Y,2026-10-05 06:00:00
PRD04381,CAT28,Sudha Gold Natural Pack 5380,Everest,61.65,bottle,Y,2026-10-05 06:00:00
PRD04382,CAT18,Nivea Regular Select Carton 5381,Surf Excel,130.43,500g,Y,2026-10-05 06:00:00
PRD04383,CAT24,Dove Classic  Item 5382,Parle,20.79,500g,Y,2026-10-05 06:00:00
PRD04384,CAT32,Ananda Premium  Pouch 5383,Mother Dairy,40.01,1L,Y,2026-10-05 06:00:00
PRD04385,CAT33,Vim Family Pack  Carton 5384,Ananda,49.63,500g,Y,2026-10-05 06:00:00
PRD04386,CAT10,Sudha Gold  Item 5385,Mother Dairy,14.98,pcs,Y,2026-10-05 06:00:00
PRD04387,CAT09,Close-Up Gold  Pack 5386,ITC,37.28,pcs,Y,2026-10-05 06:00:00
PRD04388,CAT33,Himalaya Regular Natural Jar 5387,Catch,9.79,pcs,Y,2026-10-05 06:00:00
PRD04389,CAT33,Huggies Classic  Pack 5388,A2B,7.45,pcs,Y,2026-10-05 06:00:00
PRD04390,CAT07,Fresho Ultra Natural Item 5389,Vim,50.91,pcs,Y,2026-10-05 06:00:00
PRD04391,CAT04,Britannia Classic  Pouch 5390,ITC,25.91,500g,Y,2026-10-05 06:00:00
PRD04392,CAT28,Amul Lite  Bottle 5391,Patanjali,43.91,pcs,Y,2026-10-05 06:00:00
PRD04393,CAT23,Heritage Family Pack  Box 5392,A2B,36.01,500g,Y,2026-10-05 06:00:00
PRD04394,CAT32,Ariel Ultra  Carton 5393,Everest,15.2,pack,Y,2026-10-05 06:00:00
PRD04395,CAT44,Lakme Ultra  Item 5394,Huggies,35.14,500g,Y,2026-10-05 06:00:00
PRD04396,CAT16,Clinic Plus Ultra  Jar 5395,Lakme,12.06,kg,N,2026-10-05 06:00:00
PRD04397,CAT10,Oleev Classic Extra Pouch 5396,Mother Dairy,127.98,pcs,Y,2026-10-05 06:00:00
PRD04398,CAT14,Fortune Ultra  Bottle 5397,Parle,10.8,pack,Y,2026-10-05 06:00:00
PRD04399,CAT39,Sunpure Regular  Jar 5398,Amul,30.69,pcs,Y,2026-10-05 06:00:00
PRD04400,CAT36,Close-Up Family Pack Natural Pouch 5399,Coca-Cola,14.32,kg,Y,2026-10-05 06:00:00
PRD04401,CAT34,Colgate Ultra Select Bottle 5400,Coca-Cola,61.15,pcs,Y,2026-10-05 06:00:00
PRD04402,CAT24,Sudha Lite Fresh Jar 5401,Nestle,27.16,250g,Y,2026-10-05 06:00:00
PRD04403,CAT18,Parle Lite Daily Bottle 5402,Gillette,22.95,pcs,Y,2026-10-05 06:00:00
PRD04404,CAT16,Lay's Gold  Item 5403,Thirumala,78.88,1L,Y,2026-10-05 06:00:00
PRD04405,CAT41,Tata Classic  Item 5404,Himalaya,37.58,pcs,Y,2026-10-05 06:00:00
PRD04406,CAT37,Rin Gold  Jar 5405,A2B,58.26,250g,Y,2026-10-05 06:00:00
PRD04407,CAT41,Aashirvaad Ultra Natural Jar 5406,Aashirvaad,15.13,1L,Y,2026-10-05 06:00:00
PRD04408,CAT25,Parle Lite Extra Bottle 5407,Britannia,10.34,kg,Y,2026-10-05 06:00:00
PRD04409,CAT08,Dettol Classic Fresh Jar 5408,Vim,40.31,1L,Y,2026-10-05 06:00:00
PRD04410,CAT24,Patanjali Family Pack  Box 5409,Bisleri,27.47,500g,Y,2026-10-05 06:00:00
PRD04411,CAT20,Coca-Cola Organic Daily Box 5410,Sunfeast,64.31,pcs,Y,2026-10-05 06:00:00
PRD04412,CAT30,Aashirvaad Premium  Carton 5411,Clinic Plus,34.06,1L,Y,2026-10-05 06:00:00
PRD04413,CAT20,Sunpure Ultra Select Pack 5412,Surf Excel,44.02,pcs,Y,2026-10-05 06:00:00
PRD04414,CAT18,Heritage Family Pack Extra Jar 5413,Johnson's,8.49,pack,Y,2026-10-05 06:00:00
PRD04415,CAT04,Bisleri Regular Extra Pack 5414,Rin,200.26,pcs,Y,2026-10-05 06:00:00
PRD04416,CAT36,Heritage Regular Select Jar 5415,Dabur,31.57,500g,Y,2026-10-05 06:00:00
PRD04417,CAT06,Parle Gold  Carton 5416,Safal,68.57,1L,Y,2026-10-05 06:00:00
PRD04418,CAT03,Ananda Gold Fresh Bottle 5417,Gowardhan,17.24,500g,Y,2026-10-05 06:00:00
PRD04419,CAT18,Dove Family Pack Natural Pack 5418,Haldiram's,48.29,1L,Y,2026-10-05 06:00:00
PRD04420,CAT40,Britannia Gold Daily Pouch 5419,MDH,11.33,pcs,Y,2026-10-05 06:00:00
PRD04421,CAT18,Nivea Family Pack Fresh Pack 5420,Whiskas,54.97,pcs,Y,2026-10-05 06:00:00
PRD04422,CAT23,Catch Gold Select Item 5421,Huggies,26.57,kg,Y,2026-10-05 06:00:00
PRD04423,CAT35,Oleev Premium Natural Jar 5422,Heritage,37.57,pcs,Y,2026-10-05 06:00:00
PRD04424,CAT06,Haldiram's Regular Natural Item 5423,Harpic,68.59,250g,Y,2026-10-05 06:00:00
PRD04425,CAT26,Harpic Family Pack Daily Pack 5424,Sunfeast,12.07,500g,Y,2026-10-05 06:00:00
PRD04426,CAT21,Lay's Regular Fresh Pouch 5425,Dove,19.77,1L,N,2026-10-05 06:00:00
PRD04427,CAT24,Bisleri Lite Select Carton 5426,Fortune,55.23,pcs,Y,2026-10-05 06:00:00
PRD04428,CAT15,Catch Premium Extra Jar 5427,Fortune,241.87,500g,Y,2026-10-05 06:00:00
PRD04429,CAT27,Ariel Ultra Extra Item 5428,Lakme,32.32,500g,Y,2026-10-05 06:00:00
PRD04430,CAT32,Himalaya Regular  Bottle 5429,Pedigree,62.3,500g,Y,2026-10-05 06:00:00
PRD04431,CAT12,Ariel Classic Extra Carton 5430,Patanjali,33.24,dozen,Y,2026-10-05 06:00:00
PRD04432,CAT05,Licious Organic Extra Pouch 5431,Rin,210.19,pcs,Y,2026-10-05 06:00:00
PRD04433,CAT07,Huggies Lite Natural Carton 5432,Mother Dairy,7.6,250g,Y,2026-10-05 06:00:00
PRD04434,CAT22,Ariel Lite Extra Box 5433,Rin,39.85,pcs,Y,2026-10-05 06:00:00
PRD04435,CAT27,Colgate Premium Daily Jar 5434,Sunfeast,8.47,pcs,Y,2026-10-05 06:00:00
PRD04436,CAT15,Fresho Ultra Select Box 5435,Lay's,3.83,pcs,Y,2026-10-05 06:00:00
PRD04437,CAT39,Amul Lite  Pack 5436,Catch,47.83,pcs,Y,2026-10-05 06:00:00
PRD04438,CAT35,Heritage Family Pack Daily Bottle 5437,Sunpure,41.49,500g,Y,2026-10-05 06:00:00
PRD04439,CAT26,Amul Organic  Item 5438,Tata,28.32,pcs,Y,2026-10-05 06:00:00
PRD04440,CAT23,Sudha Ultra Select Item 5439,Pepsi,33.26,1L,N,2026-10-05 06:00:00
PRD04441,CAT13,Whiskas Ultra  Bottle 5440,MTR Foods,594.95,pcs,Y,2026-10-05 06:00:00
PRD04442,CAT26,Ariel Lite Fresh Carton 5441,Pedigree,29.01,pcs,Y,2026-10-05 06:00:00
PRD04443,CAT03,Surf Excel Lite Select Pouch 5442,Tata,57.92,pcs,Y,2026-10-05 06:00:00
PRD04444,CAT29,Catch Regular  Pouch 5443,Colgate,20.4,250g,N,2026-10-05 06:00:00
PRD04445,CAT02,MTR Foods Lite  Jar 5444,Vim,47.74,pcs,Y,2026-10-05 06:00:00
PRD04446,CAT28,Vim Classic Natural Jar 5445,Vim,29.54,kg,Y,2026-10-05 06:00:00
PRD04447,CAT23,Mother Dairy Family Pack  Item 5446,Dove,25.29,pcs,Y,2026-10-05 06:00:00
PRD04448,CAT36,Maggi Ultra  Jar 5447,Patanjali,188.11,500g,Y,2026-10-05 06:00:00
PRD04449,CAT06,Himalaya Ultra Select Pack 5448,Sunpure,105.58,pcs,Y,2026-10-05 06:00:00
PRD04450,CAT11,Fresho Organic Daily Jar 5449,Pampers,41.39,pcs,Y,2026-10-05 06:00:00
PRD04451,CAT38,Coca-Cola Regular  Carton 5450,Catch,4.6,250g,Y,2026-10-05 06:00:00
PRD04452,CAT34,Himalaya Ultra  Item 5451,Fresho,26.45,500g,N,2026-10-05 06:00:00
PRD04453,CAT17,Lay's Classic  Pack 5452,Amul,416.85,pcs,Y,2026-10-05 06:00:00
PRD04454,CAT03,Aashirvaad Ultra  Item 5453,Himalaya,29.74,pcs,Y,2026-10-05 06:00:00
PRD04455,CAT44,Saffola Family Pack Natural Item 5454,Licious,98.78,pcs,Y,2026-10-05 06:00:00
PRD04456,CAT34,Whiskas Family Pack  Bottle 5455,Amul,133.99,kg,Y,2026-10-05 06:00:00
PRD04457,CAT22,Weikfield Ultra  Box 5456,Dabur,44.57,pack,N,2026-10-05 06:00:00
PRD04458,CAT29,Ananda Classic Natural Pack 5457,Surf Excel,17.16,500g,Y,2026-10-05 06:00:00
PRD04459,CAT29,Gowardhan Lite Fresh Jar 5458,ITC,4.09,500g,Y,2026-10-05 06:00:00
PRD04460,CAT05,Nestle Classic  Pack 5459,Thirumala,67.74,bottle,Y,2026-10-05 06:00:00
PRD04461,CAT10,Lay's Regular  Pouch 5460,Pampers,17.58,1L,Y,2026-10-05 06:00:00
PRD04462,CAT10,Heritage Lite Extra Carton 5461,Sunfeast,42.89,bottle,Y,2026-10-05 06:00:00
PRD04463,CAT09,Marico Regular  Box 5462,Oleev,11.88,500g,Y,2026-10-05 06:00:00
PRD04464,CAT21,Sunpure Organic Select Item 5463,Sudha,28.83,pcs,Y,2026-10-05 06:00:00
PRD04465,CAT13,Sudha Organic Daily Pack 5464,Bisleri,37.73,250g,Y,2026-10-05 06:00:00
PRD04466,CAT10,Dabur Family Pack  Jar 5465,Marico,46.61,500g,Y,2026-10-05 06:00:00
PRD04467,CAT38,Fortune Family Pack Extra Bottle 5466,Ariel,13.42,1L,Y,2026-10-05 06:00:00
PRD04468,CAT11,Parle Regular Daily Item 5467,Colgate,107.47,pcs,Y,2026-10-05 06:00:00
PRD04469,CAT04,Britannia Family Pack Daily Item 5468,Nestle,21.39,1L,Y,2026-10-05 06:00:00
PRD04470,CAT31,Huggies Regular  Jar 5469,Bisleri,8.11,500g,Y,2026-10-05 06:00:00
PRD04471,CAT34,MTR Regular Select Jar 5470,Licious,33.18,pcs,Y,2026-10-05 06:00:00
PRD04472,CAT42,Thirumala Premium Natural Carton 5471,Johnson's,37.75,250g,Y,2026-10-05 06:00:00
PRD04473,CAT35,Clinic Plus Classic  Carton 5472,Gowardhan,42.29,1L,Y,2026-10-05 06:00:00
PRD04474,CAT39,Harpic Classic  Bottle 5473,Clinic Plus,124.7,1L,Y,2026-10-05 06:00:00
PRD04475,CAT39,Gillette Regular  Pouch 5474,ITC,29.58,dozen,Y,2026-10-05 06:00:00
PRD04476,CAT33,Sudha Premium Natural Pack 5475,Harpic,32.86,250g,Y,2026-10-05 06:00:00
PRD04477,CAT08,Colgate Organic Fresh Item 5476,Dettol,13.56,1L,Y,2026-10-05 06:00:00
PRD04478,CAT32,Sunpure Classic  Box 5477,Coca-Cola,76.59,1L,Y,2026-10-05 06:00:00
PRD04479,CAT33,Weikfield Gold Fresh Carton 5478,Huggies,43.2,500g,Y,2026-10-05 06:00:00
PRD04480,CAT08,Gowardhan Gold Fresh Box 5479,Surf Excel,25.08,pack,Y,2026-10-05 06:00:00
PRD04481,CAT14,Sunpure Organic  Pouch 5480,Coca-Cola,6.59,500g,Y,2026-10-05 06:00:00
PRD04482,CAT34,MTR Classic Extra Box 5481,MTR,134.29,250g,Y,2026-10-05 06:00:00
PRD04483,CAT08,Everest Ultra Select Item 5482,Clinic Plus,12.12,pcs,Y,2026-10-05 06:00:00
PRD04484,CAT42,Nestle Ultra Natural Pack 5483,Clinic Plus,21.5,pcs,Y,2026-10-05 06:00:00
PRD04485,CAT07,MDH Classic  Pouch 5484,Sudha,50.53,pcs,Y,2026-10-05 06:00:00
PRD04486,CAT13,Nivea Classic Natural Item 5485,Sudha,12.47,1L,Y,2026-10-05 06:00:00
PRD04487,CAT21,Harpic Ultra Natural Box 5486,Fortune,9.54,pcs,Y,2026-10-05 06:00:00
PRD04488,CAT32,Licious Classic  Pouch 5487,A2B,5.41,pcs,Y,2026-10-05 06:00:00
PRD04489,CAT11,Patanjali Classic Daily Item 5488,Pampers,70.03,1L,Y,2026-10-05 06:00:00
PRD04490,CAT14,ITC Ultra  Carton 5489,Nivea,22.41,pcs,Y,2026-10-05 06:00:00
PRD04491,CAT11,MDH Ultra Fresh Item 5490,MTR,510.07,pcs,Y,2026-10-05 06:00:00
PRD04492,CAT02,Fresho Organic  Box 5491,Surf Excel,14.96,pcs,Y,2026-10-05 06:00:00
PRD04493,CAT34,Safal Organic  Jar 5492,Weikfield,15.97,250g,Y,2026-10-05 06:00:00
PRD04494,CAT44,Haldiram's Ultra  Pack 5493,MTR Foods,22.0,500g,Y,2026-10-05 06:00:00
PRD04495,CAT17,Aashirvaad Classic  Item 5494,Colgate,45.55,pack,Y,2026-10-05 06:00:00
PRD04496,CAT14,Fresho Family Pack  Bottle 5495,Marico,23.97,pcs,Y,2026-10-05 06:00:00
PRD04497,CAT25,Sudha Regular Select Pouch 5496,Catch,63.5,pcs,N,2026-10-05 06:00:00
PRD04498,CAT27,Harpic Ultra  Pouch 5497,Bisleri,15.17,pcs,N,2026-10-05 06:00:00
PRD04499,CAT08,Johnson's Lite  Box 5498,Sudha,10.55,kg,Y,2026-10-05 06:00:00
PRD04500,CAT17,Coca-Cola Gold  Jar 5499,MTR,7.25,500g,Y,2026-10-05 06:00:00
PRD04501,CAT05,Sudha Premium Extra Pack 5500,Haldiram's,4.95,500g,Y,2026-10-05 06:00:00
PRD04502,CAT12,Catch Gold  Jar 5501,Aashirvaad,22.96,kg,Y,2026-10-05 06:00:00
PRD04503,CAT38,Heritage Lite Select Item 5502,Fortune,27.91,pcs,Y,2026-10-05 06:00:00
PRD04504,CAT18,Rasna Ultra Daily Bottle 5503,Johnson's,20.73,pcs,Y,2026-10-05 06:00:00
PRD04505,CAT26,Johnson's Lite  Bottle 5504,Huggies,112.06,1L,Y,2026-10-05 06:00:00
PRD04506,CAT31,Patanjali Organic Daily Carton 5505,Rin,110.52,250g,Y,2026-10-05 06:00:00
PRD04507,CAT37,Pedigree Ultra Natural Pack 5506,Fortune,27.08,250g,Y,2026-10-05 06:00:00
PRD04508,CAT06,Bisleri Organic Fresh Box 5507,Dettol,7.28,250g,Y,2026-10-05 06:00:00
PRD04509,CAT41,Mother Dairy Classic Select Box 5508,Saffola,21.98,1L,Y,2026-10-05 06:00:00
PRD04510,CAT15,MTR Foods Family Pack  Item 5509,Sunpure,21.33,bottle,Y,2026-10-05 06:00:00
PRD04511,CAT42,Bisleri Lite Fresh Jar 5510,Surf Excel,20.26,1L,Y,2026-10-05 06:00:00
PRD04512,CAT26,Maggi Gold  Jar 5511,Licious,19.53,pcs,Y,2026-10-05 06:00:00
PRD04513,CAT12,Mother Dairy Gold  Pack 5512,Rin,20.33,500g,Y,2026-10-05 06:00:00
PRD04514,CAT41,Mother Dairy Premium  Jar 5513,Himalaya,25.84,250g,Y,2026-10-05 06:00:00
PRD04515,CAT14,Bisleri Gold Daily Box 5514,Close-Up,20.66,1L,Y,2026-10-05 06:00:00
PRD04516,CAT01,Surf Excel Premium Daily Jar 5515,Maggi,44.15,pcs,Y,2026-10-05 06:00:00
PRD04517,CAT17,Surf Excel Premium Select Item 5516,Lay's,50.62,pcs,Y,2026-10-05 06:00:00
PRD04518,CAT33,Haldiram's Lite Extra Pack 5517,Huggies,16.13,pcs,N,2026-10-05 06:00:00
PRD04519,CAT29,Lay's Classic Natural Box 5518,Lay's,114.89,dozen,Y,2026-10-05 06:00:00
PRD04520,CAT31,Dettol Organic Fresh Bottle 5519,Thirumala,15.15,pcs,Y,2026-10-05 06:00:00
PRD04521,CAT08,Weikfield Lite  Pack 5520,Whiskas,8.53,500g,Y,2026-10-05 06:00:00
PRD04522,CAT30,Gowardhan Regular Daily Carton 5521,Gowardhan,51.56,1L,Y,2026-10-05 06:00:00
PRD04523,CAT13,Weikfield Lite Extra Bottle 5522,Licious,17.54,bottle,Y,2026-10-05 06:00:00
PRD04524,CAT16,ITC Organic  Box 5523,Thirumala,48.87,250g,Y,2026-10-05 06:00:00
PRD04525,CAT02,Amul Organic Extra Pack 5524,A2B,4.21,bottle,Y,2026-10-05 06:00:00
PRD04526,CAT18,Tata Premium Extra Pouch 5525,Tata,128.15,1L,Y,2026-10-05 06:00:00
PRD04527,CAT35,Himalaya Lite Select Item 5526,Heritage,67.02,bottle,Y,2026-10-05 06:00:00
PRD04528,CAT19,Licious Ultra  Box 5527,Aashirvaad,9.48,pcs,Y,2026-10-05 06:00:00
PRD04529,CAT13,ITC Gold Select Carton 5528,Sunfeast,9.67,500g,Y,2026-10-05 06:00:00
PRD04530,CAT04,Amul Family Pack  Pouch 5529,Nivea,164.85,pack,Y,2026-10-05 06:00:00
PRD04531,CAT19,Clinic Plus Regular Fresh Jar 5530,Sunpure,18.85,pcs,N,2026-10-05 06:00:00
PRD04532,CAT25,Fortune Family Pack Daily Jar 5531,Aashirvaad,17.27,bottle,Y,2026-10-05 06:00:00
PRD04533,CAT38,A2B Ultra Extra Bottle 5532,Sudha,4.76,500g,Y,2026-10-05 06:00:00
PRD04534,CAT31,ITC Gold Extra Pack 5533,Surf Excel,26.69,500g,Y,2026-10-05 06:00:00
PRD04535,CAT36,Rin Gold  Carton 5534,Godrej,29.82,pcs,Y,2026-10-05 06:00:00
PRD04536,CAT04,Mother Dairy Family Pack Select Pack 5535,Amul,69.68,500g,Y,2026-10-05 06:00:00
PRD04537,CAT39,Johnson's Gold  Box 5536,Thirumala,10.39,pcs,Y,2026-10-05 06:00:00
PRD04538,CAT07,Catch Regular Fresh Jar 5537,Oleev,9.32,pcs,Y,2026-10-05 06:00:00
PRD04539,CAT16,Harpic Ultra Fresh Jar 5538,Pepsi,54.92,bottle,Y,2026-10-05 06:00:00
PRD04540,CAT05,Bisleri Premium  Pouch 5539,Pampers,90.56,kg,Y,2026-10-05 06:00:00
PRD04541,CAT23,Licious Classic Daily Box 5540,Sudha,8.9,pcs,Y,2026-10-05 06:00:00
PRD04542,CAT36,Godrej Lite  Jar 5541,Patanjali,96.87,500g,Y,2026-10-05 06:00:00
PRD04543,CAT32,Gillette Premium  Item 5542,Everest,37.86,500g,Y,2026-10-05 06:00:00
PRD04544,CAT24,Parle Organic Natural Item 5543,ITC,97.77,500g,Y,2026-10-05 06:00:00
PRD04545,CAT25,Close-Up Lite  Item 5544,Lay's,34.36,1L,Y,2026-10-05 06:00:00
PRD04546,CAT28,Catch Ultra Select Box 5545,Sunpure,3.78,500g,Y,2026-10-05 06:00:00
PRD04547,CAT19,Frooti Ultra Daily Jar 5546,Fortune,31.92,500g,Y,2026-10-05 06:00:00
PRD04548,CAT07,Bisleri Regular  Bottle 5547,MTR Foods,95.02,250g,Y,2026-10-05 06:00:00
PRD04549,CAT44,Close-Up Lite Daily Box 5548,Whiskas,16.37,500g,Y,2026-10-05 06:00:00
PRD04550,CAT41,Britannia Regular Natural Bottle 5549,Himalaya,25.81,pcs,Y,2026-10-05 06:00:00
PRD04551,CAT17,Saffola Lite Natural Bottle 5550,Pedigree,31.23,1L,Y,2026-10-05 06:00:00
PRD04552,CAT02,Fortune Organic  Jar 5551,Frooti,3.0,1L,Y,2026-10-05 06:00:00
PRD04553,CAT16,Aashirvaad Classic  Pack 5552,Gowardhan,164.71,1L,Y,2026-10-05 06:00:00
PRD04554,CAT39,Dettol Premium Daily Bottle 5553,Mother Dairy,16.26,1L,Y,2026-10-05 06:00:00
PRD04555,CAT18,Dettol Classic  Jar 5554,Surf Excel,57.69,1L,Y,2026-10-05 06:00:00
PRD04556,CAT39,Johnson's Family Pack  Pack 5555,Pampers,33.85,pcs,Y,2026-10-05 06:00:00
PRD04557,CAT01,Everest Lite Daily Box 5556,Parle,113.51,500g,Y,2026-10-05 06:00:00
PRD04558,CAT03,Harpic Premium Fresh Item 5557,Himalaya,52.74,1L,Y,2026-10-05 06:00:00
PRD04559,CAT21,Safal Organic  Box 5558,MDH,29.62,250g,Y,2026-10-05 06:00:00
PRD04560,CAT30,MTR Foods Family Pack Daily Item 5559,Coca-Cola,16.38,500g,Y,2026-10-05 06:00:00
PRD04561,CAT11,Haldiram's Lite  Item 5560,Rasna,75.04,500g,Y,2026-10-05 06:00:00
PRD04562,CAT22,Sudha Ultra Daily Item 5561,Coca-Cola,6.78,250g,Y,2026-10-05 06:00:00
PRD04563,CAT25,Close-Up Ultra  Jar 5562,Coca-Cola,65.45,pcs,Y,2026-10-05 06:00:00
PRD04564,CAT03,Saffola Premium Extra Carton 5563,Haldiram's,13.61,pcs,Y,2026-10-05 06:00:00
PRD04565,CAT30,Patanjali Organic Natural Item 5564,Parle,112.96,500g,Y,2026-10-05 06:00:00
PRD04566,CAT24,Dove Lite Fresh Item 5565,Dettol,42.32,pcs,Y,2026-10-05 06:00:00
PRD04567,CAT36,Vim Regular Natural Carton 5566,ITC,65.35,500g,Y,2026-10-05 06:00:00
PRD04568,CAT23,Rin Gold  Jar 5567,MTR Foods,39.4,pcs,Y,2026-10-05 06:00:00
PRD04569,CAT08,Harpic Premium Fresh Pack 5568,Everest,7.56,250g,N,2026-10-05 06:00:00
PRD04570,CAT04,Pepsi Gold Daily Jar 5569,Lakme,16.87,pcs,Y,2026-10-05 06:00:00
PRD04571,CAT39,Britannia Gold Daily Carton 5570,Ariel,67.03,1L,Y,2026-10-05 06:00:00
PRD04572,CAT43,Patanjali Lite  Box 5571,Clinic Plus,42.52,250g,Y,2026-10-05 06:00:00
PRD04573,CAT31,Clinic Plus Premium Extra Pack 5572,Ananda,105.94,500g,Y,2026-10-05 06:00:00
PRD04574,CAT29,Lakme Gold  Item 5573,Frooti,52.61,pcs,Y,2026-10-05 06:00:00
PRD04575,CAT36,Catch Lite Natural Jar 5574,Catch,15.33,250g,Y,2026-10-05 06:00:00
PRD04576,CAT13,Saffola Ultra Select Pack 5575,Frooti,17.88,pcs,N,2026-10-05 06:00:00
PRD04577,CAT41,Frooti Classic  Bottle 5576,Whiskas,40.15,pcs,Y,2026-10-05 06:00:00
PRD04578,CAT09,Gowardhan Premium  Box 5577,Parle,4.56,pcs,Y,2026-10-05 06:00:00
PRD04579,CAT21,Britannia Gold Select Item 5578,Safal,165.03,pcs,Y,2026-10-05 06:00:00
PRD04580,CAT03,Dove Gold Daily Item 5579,Nestle,54.47,pack,Y,2026-10-05 06:00:00
PRD04581,CAT25,Lay's Organic  Bottle 5580,Dabur,110.42,250g,Y,2026-10-05 06:00:00
PRD04582,CAT25,Fortune Gold Fresh Jar 5581,Nestle,8.82,500g,Y,2026-10-05 06:00:00
PRD04583,CAT12,Pedigree Regular Extra Pack 5582,Licious,112.18,dozen,Y,2026-10-05 06:00:00
PRD04584,CAT29,Thirumala Lite Extra Bottle 5583,Weikfield,272.69,pcs,Y,2026-10-05 06:00:00
PRD04585,CAT11,Pepsi Family Pack Fresh Box 5584,Frooti,11.15,kilo,N,2026-10-05 06:00:00
PRD04586,CAT11,Godrej Lite  Pack 5585,Close-Up,73.28,pack,Y,2026-10-05 06:00:00
PRD04587,CAT26,Bisleri Ultra Select Carton 5586,Lay's,36.63,pack,Y,2026-10-05 06:00:00
PRD04588,CAT14,Pampers Family Pack  Carton 5587,Sunfeast,9.12,pcs,Y,2026-10-05 06:00:00
PRD04589,CAT16,Ariel Classic  Item 5588,Haldiram's,57.03,250g,Y,2026-10-05 06:00:00
PRD04590,CAT10,Fortune Classic Extra Bottle 5589,Catch,77.5,pcs,Y,2026-10-05 06:00:00
PRD04591,CAT31,Safal Gold  Pouch 5590,Rin,21.31,500g,Y,2026-10-05 06:00:00
PRD04592,CAT31,Pepsi Lite  Pack 5591,Whiskas,104.51,500g,Y,2026-10-05 06:00:00
PRD04593,CAT36,Safal Premium  Pack 5592,Close-Up,8.17,pack,Y,2026-10-05 06:00:00
PRD04594,CAT10,Pampers Classic Natural Pouch 5593,Patanjali,9.53,pcs,Y,2026-10-05 06:00:00
PRD04595,CAT26,Pampers Classic Fresh Box 5594,Lay's,41.39,pcs,N,2026-10-05 06:00:00
PRD04596,CAT20,Haldiram's Gold  Item 5595,ITC,37.44,pcs,Y,2026-10-05 06:00:00
PRD04597,CAT44,Vim Family Pack Daily Pack 5596,Coca-Cola,19.2,pcs,Y,2026-10-05 06:00:00
PRD04598,CAT09,Sudha Lite  Pouch 5597,Nivea,75.84,pcs,Y,2026-10-05 06:00:00
PRD04599,CAT15,Lay's Family Pack  Bottle 5598,Catch,59.02,kg,Y,2026-10-05 06:00:00
PRD04600,CAT09,Catch Classic Natural Bottle 5599,Britannia,79.23,pcs,N,2026-10-05 06:00:00
PRD04601,CAT07,Coca-Cola Ultra Natural Item 5600,Nestle,32.76,pcs,Y,2026-10-05 06:00:00
PRD04602,CAT26,Britannia Premium  Carton 5601,Thirumala,62.95,1L,N,2026-10-05 06:00:00
PRD04603,CAT24,Weikfield Premium  Item 5602,Surf Excel,24.51,250g,Y,2026-10-05 06:00:00
PRD04604,CAT12,Parle Gold  Item 5603,Close-Up,232.39,250g,Y,2026-10-05 06:00:00
PRD04605,CAT20,Frooti Lite Extra Carton 5604,Surf Excel,17.61,250g,Y,2026-10-05 06:00:00
PRD04606,CAT14,Harpic Family Pack Natural Item 5605,Weikfield,243.41,pcs,Y,2026-10-05 06:00:00
PRD04607,CAT22,Ananda Premium  Box 5606,Everest,37.77,250g,Y,2026-10-05 06:00:00
PRD04608,CAT16,Parle Organic  Carton 5607,Nestle,10.61,500g,Y,2026-10-05 06:00:00
PRD04609,CAT29,Safal Ultra Fresh Box 5608,Haldiram's,125.37,1L,N,2026-10-05 06:00:00
PRD04610,CAT32,Coca-Cola Classic  Pouch 5609,Aashirvaad,40.99,kg,Y,2026-10-05 06:00:00
PRD04611,CAT19,Weikfield Family Pack Fresh Bottle 5610,Harpic,78.73,pack,Y,2026-10-05 06:00:00
PRD04612,CAT35,Pedigree Classic  Pack 5611,Colgate,110.11,pack,Y,2026-10-05 06:00:00
PRD04613,CAT43,Heritage Ultra  Box 5612,Vim,49.61,pcs,Y,2026-10-05 06:00:00
PRD04614,CAT32,Gowardhan Family Pack  Pouch 5613,Dabur,21.48,500g,Y,2026-10-05 06:00:00
PRD04615,CAT20,Vim Family Pack  Item 5614,Nestle,88.07,kg,Y,2026-10-05 06:00:00
PRD04616,CAT40,Nivea Premium  Jar 5615,Gillette,36.62,1L,Y,2026-10-05 06:00:00
PRD04617,CAT20,Godrej Lite Select Box 5616,Bisleri,67.85,pcs,Y,2026-10-05 06:00:00
PRD04618,CAT08,Marico Regular  Box 5617,Britannia,5.27,250g,Y,2026-10-05 06:00:00
PRD04619,CAT35,Catch Ultra  Bottle 5618,Marico,54.72,pcs,Y,2026-10-05 06:00:00
PRD04620,CAT42,Gowardhan Classic Daily Bottle 5619,MTR Foods,20.6,250g,Y,2026-10-05 06:00:00
PRD04621,CAT13,Lay's Ultra Daily Box 5620,A2B,162.06,bottle,Y,2026-10-05 06:00:00
PRD04622,CAT41,MTR Premium Natural Box 5621,Dabur,64.12,500g,N,2026-10-05 06:00:00
PRD04623,CAT06,Heritage Gold Select Jar 5622,Licious,45.42,500g,Y,2026-10-05 06:00:00
PRD04624,CAT16,Britannia Premium Extra Item 5623,Parle,56.69,pcs,Y,2026-10-05 06:00:00
PRD04625,CAT05,Dettol Lite Daily Bottle 5624,Frooti,14.9,bottle,Y,2026-10-05 06:00:00
PRD04626,CAT34,Nivea Family Pack Natural Carton 5625,Huggies,157.74,500g,Y,2026-10-05 06:00:00
PRD04627,CAT06,Nestle Gold  Item 5626,Sunfeast,219.69,1L,Y,2026-10-05 06:00:00
PRD04628,CAT33,Tata Ultra  Item 5627,Harpic,52.12,1L,Y,2026-10-05 06:00:00
PRD04629,CAT15,A2B Organic Fresh Carton 5628,Godrej,153.14,pcs,Y,2026-10-05 06:00:00
PRD04630,CAT15,Pedigree Classic  Box 5629,Vim,21.93,500g,Y,2026-10-05 06:00:00
PRD04631,CAT14,Marico Ultra  Pouch 5630,Catch,17.86,250g,Y,2026-10-05 06:00:00
PRD04632,CAT39,Close-Up Family Pack Daily Pouch 5631,Clinic Plus,37.97,dozen,Y,2026-10-05 06:00:00
PRD04633,CAT05,Dabur Organic Daily Pouch 5632,Aashirvaad,54.13,pcs,Y,2026-10-05 06:00:00
PRD04634,CAT26,MTR Foods Classic Select Box 5633,MTR,25.67,pcs,N,2026-10-05 06:00:00
PRD04635,CAT17,Mother Dairy Gold  Pack 5634,Harpic,59.38,500g,N,2026-10-05 06:00:00
PRD04636,CAT43,Frooti Organic Fresh Jar 5635,Safal,48.22,1L,Y,2026-10-05 06:00:00
PRD04637,CAT16,Coca-Cola Ultra Select Box 5636,Pedigree,14.9,500g,Y,2026-10-05 06:00:00
PRD04638,CAT35,Coca-Cola Premium Daily Bottle 5637,A2B,58.38,dozen,Y,2026-10-05 06:00:00
PRD04639,CAT38,Saffola Gold Natural Jar 5638,Oleev,79.61,pcs,Y,2026-10-05 06:00:00
PRD04640,CAT23,Catch Organic Daily Item 5639,MTR Foods,42.71,pcs,Y,2026-10-05 06:00:00
PRD04641,CAT13,Colgate Ultra  Bottle 5640,Whiskas,103.27,pcs,Y,2026-10-05 06:00:00
PRD04642,CAT33,A2B Premium Select Box 5641,Safal,12.24,bottle,Y,2026-10-05 06:00:00
PRD04643,CAT29,Marico Organic  Box 5642,Dettol,55.77,pcs,Y,2026-10-05 06:00:00
PRD04644,CAT34,Saffola Regular Fresh Carton 5643,Patanjali,12.77,500g,Y,2026-10-05 06:00:00
PRD04645,CAT34,A2B Premium  Bottle 5644,Safal,13.43,500g,Y,2026-10-05 06:00:00
PRD04646,CAT27,Ananda Lite Natural Box 5645,Himalaya,20.74,1L,Y,2026-10-05 06:00:00
PRD04647,CAT15,Pampers Gold Fresh Pack 5646,Everest,15.68,pcs,Y,2026-10-05 06:00:00
PRD04648,CAT09,A2B Premium  Bottle 5647,Ananda,22.35,1L,Y,2026-10-05 06:00:00
PRD04649,CAT26,Gowardhan Ultra Select Carton 5648,Ariel,30.18,500g,Y,2026-10-05 06:00:00
PRD04650,CAT03,ITC Ultra  Carton 5649,Pepsi,77.75,kg,Y,2026-10-05 06:00:00
PRD04651,CAT36,Fortune Classic Natural Pack 5650,Britannia,27.41,pack,N,2026-10-05 06:00:00
PRD04652,CAT05,Johnson's Gold Fresh Box 5651,Harpic,8.78,500g,Y,2026-10-05 06:00:00
PRD04653,CAT20,Catch Gold Extra Pouch 5652,A2B,102.11,dozen,Y,2026-10-05 06:00:00
PRD04654,CAT20,Thirumala Premium Natural Item 5653,Pampers,17.23,pcs,Y,2026-10-05 06:00:00
PRD04655,CAT05,Himalaya Premium Fresh Pack 5654,Gowardhan,34.71,250g,Y,2026-10-05 06:00:00
PRD04656,CAT10,Patanjali Lite Daily Carton 5655,Saffola,54.7,500g,N,2026-10-05 06:00:00
PRD04657,CAT16,Heritage Regular Daily Carton 5656,Fortune,43.8,500g,N,2026-10-05 06:00:00
PRD04658,CAT25,Pedigree Ultra Natural Jar 5657,Himalaya,97.98,pcs,Y,2026-10-05 06:00:00
PRD04659,CAT44,Surf Excel Organic Daily Carton 5658,Himalaya,56.32,500g,Y,2026-10-05 06:00:00
PRD04660,CAT25,Lay's Classic  Item 5659,Sunfeast,16.86,pcs,Y,2026-10-05 06:00:00
PRD04661,CAT30,MDH Family Pack Extra Jar 5660,Coca-Cola,260.01,1L,Y,2026-10-05 06:00:00
PRD04662,CAT14,Licious Classic  Pouch 5661,Safal,43.59,pcs,Y,2026-10-05 06:00:00
PRD04663,CAT22,Dabur Lite  Jar 5662,Parle,32.05,250g,Y,2026-10-05 06:00:00
PRD04664,CAT43,Rasna Lite Extra Pack 5663,Sudha,87.14,1L,Y,2026-10-05 06:00:00
PRD04665,CAT28,Maggi Organic Natural Pack 5664,Pedigree,45.81,250g,Y,2026-10-05 06:00:00
PRD04666,CAT30,Britannia Organic  Jar 5665,Nivea,52.42,250g,Y,2026-10-05 06:00:00
PRD04667,CAT19,Aashirvaad Classic Extra Carton 5666,Ananda,344.8,pcs,Y,2026-10-05 06:00:00
PRD04668,CAT38,Parle Organic  Bottle 5667,Harpic,28.57,pcs,Y,2026-10-05 06:00:00
PRD04669,CAT42,Whiskas Organic  Item 5668,MTR Foods,27.5,500g,Y,2026-10-05 06:00:00
PRD04670,CAT20,Safal Gold Daily Carton 5669,Rasna,40.65,bottle,Y,2026-10-05 06:00:00
PRD04671,CAT35,Nestle Premium  Box 5670,Sunpure,96.0,1L,Y,2026-10-05 06:00:00
PRD04672,CAT22,Oleev Organic  Pouch 5671,Dettol,9.43,250g,Y,2026-10-05 06:00:00
PRD04673,CAT15,Maggi Premium Daily Jar 5672,Oleev,6.24,bottle,Y,2026-10-05 06:00:00
PRD04674,CAT11,Gowardhan Regular Extra Jar 5673,Sunfeast,21.58,bottle,Y,2026-10-05 06:00:00
PRD04675,CAT34,Frooti Family Pack Fresh Jar 5674,Ariel,8.41,500g,Y,2026-10-05 06:00:00
PRD04676,CAT24,Himalaya Classic Select Item 5675,Fresho,24.97,500g,Y,2026-10-05 06:00:00
PRD04677,CAT06,Licious Lite Select Box 5676,Colgate,57.53,pack,Y,2026-10-05 06:00:00
PRD04678,CAT17,Lakme Regular  Item 5677,Dettol,16.42,pack,Y,2026-10-05 06:00:00
PRD04679,CAT28,Aashirvaad Ultra  Carton 5678,Heritage,10.13,250g,Y,2026-10-05 06:00:00
PRD04680,CAT31,Surf Excel Ultra  Pouch 5679,Surf Excel,38.95,1L,Y,2026-10-05 06:00:00
PRD04681,CAT36,Himalaya Lite Daily Bottle 5680,Huggies,79.54,1L,Y,2026-10-05 06:00:00
PRD04682,CAT09,Pedigree Family Pack Natural Carton 5681,Britannia,7.96,500g,Y,2026-10-05 06:00:00
PRD04683,CAT10,Nestle Gold Select Pack 5682,Nestle,76.57,pack,Y,2026-10-05 06:00:00
PRD04684,CAT21,Coca-Cola Gold Daily Pouch 5683,Haldiram's,76.37,1L,Y,2026-10-05 06:00:00
PRD04685,CAT34,Nivea Gold  Pack 5684,Dove,86.37,pcs,Y,2026-10-05 06:00:00
PRD04686,CAT31,Rin Ultra Natural Box 5685,Nivea,109.58,pcs,Y,2026-10-05 06:00:00
PRD04687,CAT29,Dettol Classic  Box 5686,Lakme,265.55,bottle,Y,2026-10-05 06:00:00
PRD04688,CAT43,Britannia Ultra  Pouch 5687,Johnson's,26.56,1L,Y,2026-10-05 06:00:00
PRD04689,CAT43,Pampers Organic  Carton 5688,Rasna,40.39,500g,Y,2026-10-05 06:00:00
PRD04690,CAT11,MTR Premium Natural Pack 5689,MTR,25.16,pcs,N,2026-10-05 06:00:00
PRD04691,CAT33,Gillette Organic Select Bottle 5690,Pepsi,36.66,1L,Y,2026-10-05 06:00:00
PRD04692,CAT01,Ananda Premium  Item 5691,Godrej,145.41,pcs,Y,2026-10-05 06:00:00
PRD04693,CAT21,Everest Gold Select Carton 5692,Haldiram's,10.91,500g,Y,2026-10-05 06:00:00
PRD04694,CAT23,Sunpure Premium  Pack 5693,Thirumala,16.86,250g,Y,2026-10-05 06:00:00
PRD04695,CAT09,A2B Premium Daily Box 5694,Himalaya,126.4,1L,Y,2026-10-05 06:00:00
PRD04696,CAT01,Gowardhan Organic  Carton 5695,Maggi,91.66,kg,Y,2026-10-05 06:00:00
PRD04697,CAT21,A2B Premium Select Pack 5696,Pepsi,26.4,pcs,Y,2026-10-05 06:00:00
PRD04698,CAT22,Rasna Family Pack  Box 5697,Gillette,78.96,pcs,Y,2026-10-05 06:00:00
PRD04699,CAT04,Everest Lite  Pack 5698,Heritage,49.75,pcs,Y,2026-10-05 06:00:00
PRD04700,CAT01,Oleev Lite Fresh Box 5699,Close-Up,141.21,pcs,Y,2026-10-05 06:00:00
PRD04701,CAT10,Sunfeast Premium Select Pouch 5700,Godrej,39.14,pcs,Y,2026-10-05 06:00:00
PRD04702,CAT15,Johnson's Gold Select Pouch 5701,Sunfeast,92.12,250g,Y,2026-10-05 06:00:00
PRD04703,CAT36,Harpic Family Pack Extra Bottle 5702,Lay's,394.58,500g,Y,2026-10-05 06:00:00
PRD04704,CAT29,Saffola Gold Daily Pouch 5703,Clinic Plus,62.7,kg,Y,2026-10-05 06:00:00
PRD04705,CAT05,Thirumala Ultra Fresh Jar 5704,Himalaya,38.26,pcs,Y,2026-10-05 06:00:00
PRD04706,CAT29,Britannia Classic Daily Box 5705,Bisleri,70.12,1L,N,2026-10-05 06:00:00
PRD04707,CAT27,Fresho Premium Extra Carton 5706,Bisleri,26.34,dozen,Y,2026-10-05 06:00:00
PRD04708,CAT25,Dabur Regular Fresh Pack 5707,Coca-Cola,313.93,pcs,Y,2026-10-05 06:00:00
PRD04709,CAT16,Close-Up Gold Select Item 5708,Colgate,43.04,500g,Y,2026-10-05 06:00:00
PRD04710,CAT16,Patanjali Lite Natural Pouch 5709,Thirumala,28.63,250g,Y,2026-10-05 06:00:00
PRD04711,CAT36,Catch Classic  Item 5710,A2B,17.25,1L,Y,2026-10-05 06:00:00
PRD04712,CAT25,Weikfield Regular Extra Jar 5711,Frooti,98.25,1L,Y,2026-10-05 06:00:00
PRD04713,CAT41,Frooti Premium  Pouch 5712,Tata,79.88,pcs,Y,2026-10-05 06:00:00
PRD04714,CAT01,MTR Classic Fresh Box 5713,Catch,23.39,250g,Y,2026-10-05 06:00:00
PRD04715,CAT05,Huggies Gold  Jar 5714,Pepsi,61.49,1L,Y,2026-10-05 06:00:00
PRD04716,CAT41,Rin Ultra  Bottle 5715,Gowardhan,9.41,pcs,Y,2026-10-05 06:00:00
PRD04717,CAT20,Saffola Organic Select Carton 5716,A2B,43.23,dozen,Y,2026-10-05 06:00:00
PRD04718,CAT05,Oleev Ultra Extra Item 5717,Fresho,55.01,1L,Y,2026-10-05 06:00:00
PRD04719,CAT36,Licious Ultra  Pouch 5718,Lay's,170.14,500g,Y,2026-10-05 06:00:00
PRD04720,CAT29,Ananda Regular Select Jar 5719,Haldiram's,18.29,pack,Y,2026-10-05 06:00:00
PRD04721,CAT34,Huggies Lite  Box 5720,Harpic,11.58,1L,Y,2026-10-05 06:00:00
PRD04722,CAT18,Huggies Classic Fresh Item 5721,MTR,16.35,pcs,Y,2026-10-05 06:00:00
PRD04723,CAT02,Oleev Ultra Daily Pack 5722,Nestle,10.99,500g,Y,2026-10-05 06:00:00
PRD04724,CAT16,Licious Lite  Pack 5723,Gillette,121.87,250g,Y,2026-10-05 06:00:00
PRD04725,CAT29,Thirumala Lite Fresh Carton 5724,Parle,147.49,250g,Y,2026-10-05 06:00:00
PRD04726,CAT33,Lay's Organic Select Pouch 5725,Harpic,48.82,dozen,Y,2026-10-05 06:00:00
PRD04727,CAT16,Johnson's Premium Select Pouch 5726,Surf Excel,109.86,pcs,Y,2026-10-05 06:00:00
PRD04728,CAT35,Frooti Premium Extra Pack 5727,Heritage,41.29,pcs,Y,2026-10-05 06:00:00
PRD04729,CAT43,Bisleri Classic Extra Carton 5728,Ananda,33.6,500g,Y,2026-10-05 06:00:00
PRD04730,CAT42,Dettol Premium Extra Pack 5729,Ariel,27.12,1L,Y,2026-10-05 06:00:00
PRD04731,CAT17,Everest Lite Fresh Pouch 5730,Parle,27.68,pcs,Y,2026-10-05 06:00:00
PRD04732,CAT04,Catch Lite Daily Box 5731,Surf Excel,9.09,pack,Y,2026-10-05 06:00:00
PRD04733,CAT04,Weikfield Regular Daily Pouch 5732,Licious,46.42,pcs,Y,2026-10-05 06:00:00
PRD04734,CAT25,Maggi Premium Fresh Carton 5733,Gowardhan,35.29,pcs,Y,2026-10-05 06:00:00
PRD04735,CAT33,Amul Regular Select Jar 5734,Vim,71.58,kg,Y,2026-10-05 06:00:00
PRD04736,CAT14,Surf Excel Gold Select Box 5735,Vim,39.81,500g,Y,2026-10-05 06:00:00
PRD04737,CAT24,Nestle Gold Select Pouch 5736,Thirumala,31.61,kg,Y,2026-10-05 06:00:00
PRD04738,CAT11,Saffola Regular  Bottle 5737,Close-Up,16.71,pcs,Y,2026-10-05 06:00:00
PRD04739,CAT25,Weikfield Ultra  Carton 5738,Sudha,39.05,pcs,Y,2026-10-05 06:00:00
PRD04740,CAT28,Johnson's Organic Select Box 5739,Johnson's,71.12,250g,Y,2026-10-05 06:00:00
PRD04741,CAT07,Dettol Classic Daily Item 5740,Gowardhan,13.08,pack,Y,2026-10-05 06:00:00
PRD04742,CAT36,Johnson's Family Pack Select Item 5741,Sudha,39.6,500g,Y,2026-10-05 06:00:00
PRD04743,CAT10,Rasna Gold Daily Carton 5742,A2B,45.14,pcs,Y,2026-10-05 06:00:00
PRD04744,CAT36,Pedigree Regular Natural Carton 5743,Marico,19.18,1L,Y,2026-10-05 06:00:00
PRD04745,CAT31,Surf Excel Ultra Daily Carton 5744,Huggies,21.56,pcs,Y,2026-10-05 06:00:00
PRD04746,CAT19,ITC Organic  Pack 5745,Ariel,45.04,pack,Y,2026-10-05 06:00:00
PRD04747,CAT18,Ariel Ultra Fresh Jar 5746,Ananda,13.2,pcs,Y,2026-10-05 06:00:00
PRD04748,CAT06,Fresho Premium  Carton 5747,Pepsi,50.15,pack,Y,2026-10-05 06:00:00
PRD04749,CAT28,Coca-Cola Family Pack Daily Item 5748,Huggies,16.35,500g,Y,2026-10-05 06:00:00
PRD04750,CAT07,Amul Organic Select Bottle 5749,Huggies,95.26,1L,Y,2026-10-05 06:00:00
PRD04751,CAT38,Aashirvaad Premium  Carton 5750,Close-Up,300.08,250g,Y,2026-10-05 06:00:00
PRD04752,CAT12,Saffola Organic Daily Item 5751,ITC,16.87,pcs,Y,2026-10-05 06:00:00
PRD04753,CAT41,Dove Lite Natural Carton 5752,Bisleri,59.19,pack,Y,2026-10-05 06:00:00
PRD04754,CAT34,Heritage Premium  Item 5753,Dove,19.03,pcs,N,2026-10-05 06:00:00
PRD04755,CAT25,Gowardhan Premium Fresh Item 5754,Maggi,93.4,500g,Y,2026-10-05 06:00:00
PRD04756,CAT17,Himalaya Classic Natural Item 5755,Coca-Cola,11.72,500g,Y,2026-10-05 06:00:00
PRD04757,CAT33,Clinic Plus Organic  Carton 5756,Close-Up,56.4,bottle,Y,2026-10-05 06:00:00
PRD04758,CAT23,Marico Lite Extra Jar 5757,Sunpure,16.68,pcs,Y,2026-10-05 06:00:00
PRD04759,CAT09,Dettol Gold  Jar 5758,MDH,30.38,1L,Y,2026-10-05 06:00:00
PRD04760,CAT06,MTR Lite Fresh Box 5759,A2B,14.47,1L,Y,2026-10-05 06:00:00
PRD04761,CAT02,Nestle Family Pack Extra Bottle 5760,Nestle,76.72,pcs,Y,2026-10-05 06:00:00
PRD04762,CAT38,Nivea Ultra Select Pack 5761,Safal,17.23,pcs,Y,2026-10-05 06:00:00
PRD04763,CAT09,Tata Family Pack  Jar 5762,Rin,60.15,500g,N,2026-10-05 06:00:00
PRD04764,CAT03,Bisleri Organic  Pouch 5763,MDH,26.85,pcs,Y,2026-10-05 06:00:00
PRD04765,CAT16,Maggi Regular  Pouch 5764,Licious,33.02,500g,Y,2026-10-05 06:00:00
PRD04766,CAT25,Sudha Classic Extra Jar 5765,Ananda,41.8,250g,Y,2026-10-05 06:00:00
PRD04767,CAT24,Marico Family Pack Select Item 5766,MTR Foods,18.44,pack,Y,2026-10-05 06:00:00
PRD04768,CAT29,Coca-Cola Classic Fresh Item 5767,Aashirvaad,44.23,500g,Y,2026-10-05 06:00:00
PRD04769,CAT44,Bisleri Ultra  Pack 5768,Sunfeast,145.08,1L,Y,2026-10-05 06:00:00
PRD04770,CAT40,Dabur Lite Extra Pack 5769,Johnson's,18.17,pcs,Y,2026-10-05 06:00:00
PRD04771,CAT26,Dove Gold Natural Box 5770,Harpic,105.07,1L,Y,2026-10-05 06:00:00
PRD04772,CAT38,MDH Gold Daily Box 5771,A2B,140.93,dozen,Y,2026-10-05 06:00:00
PRD04773,CAT35,Safal Organic  Bottle 5772,Dabur,17.56,pcs,Y,2026-10-05 06:00:00
PRD04774,CAT23,Pampers Classic Extra Item 5773,MTR Foods,9.88,1L,Y,2026-10-05 06:00:00
PRD04775,CAT04,Patanjali Gold  Item 5774,Lay's,48.03,250g,Y,2026-10-05 06:00:00
PRD04776,CAT42,Nivea Gold  Bottle 5775,Johnson's,22.36,1L,Y,2026-10-05 06:00:00
PRD04777,CAT14,Surf Excel Lite Select Pack 5776,Mother Dairy,196.71,500g,Y,2026-10-05 06:00:00
PRD04778,CAT39,Heritage Regular  Bottle 5777,Fortune,37.76,pcs,Y,2026-10-05 06:00:00
PRD04779,CAT07,Gillette Regular Select Item 5778,Heritage,17.78,500g,Y,2026-10-05 06:00:00
PRD04780,CAT08,Dabur Lite Extra Item 5779,Weikfield,13.03,pcs,Y,2026-10-05 06:00:00
PRD04781,CAT42,Fresho Ultra Fresh Box 5780,Himalaya,97.6,250g,Y,2026-10-05 06:00:00
PRD04782,CAT19,Ariel Premium  Carton 5781,Parle,21.89,500g,Y,2026-10-05 06:00:00
PRD04783,CAT02,Ariel Regular  Pack 5782,A2B,38.07,pack,Y,2026-10-05 06:00:00
PRD04784,CAT01,A2B Organic Fresh Pouch 5783,Pampers,86.51,pcs,Y,2026-10-05 06:00:00
PRD04785,CAT42,Britannia Classic Select Box 5784,Fortune,23.67,500g,Y,2026-10-05 06:00:00
PRD04786,CAT38,Himalaya Premium Daily Bottle 5785,Everest,35.12,1L,Y,2026-10-05 06:00:00
PRD04787,CAT13,Patanjali Ultra  Bottle 5786,Patanjali,36.06,pcs,Y,2026-10-05 06:00:00
PRD04788,CAT42,Close-Up Classic  Bottle 5787,Rin,67.69,1L,Y,2026-10-05 06:00:00
PRD04789,CAT44,Everest Family Pack  Pack 5788,Aashirvaad,62.28,pcs,Y,2026-10-05 06:00:00
PRD04790,CAT24,Aashirvaad Premium  Jar 5789,Fresho,30.02,pcs,Y,2026-10-05 06:00:00
PRD04791,CAT32,Dove Family Pack  Item 5790,Saffola,38.76,pcs,Y,2026-10-05 06:00:00
PRD04792,CAT30,Marico Lite Fresh Pouch 5791,ITC,26.19,pcs,Y,2026-10-05 06:00:00
PRD04793,CAT06,Dettol Gold Natural Jar 5792,Ananda,9.68,kg,Y,2026-10-05 06:00:00
PRD04794,CAT38,Thirumala Family Pack Extra Pack 5793,Amul,46.15,pcs,Y,2026-10-05 06:00:00
PRD04795,CAT33,Saffola Organic Daily Carton 5794,Dettol,200.93,pack,N,2026-10-05 06:00:00
PRD04796,CAT44,Heritage Lite  Carton 5795,Dettol,16.52,500g,Y,2026-10-05 06:00:00
PRD04797,CAT23,Whiskas Gold Natural Bottle 5796,Gowardhan,18.25,1L,Y,2026-10-05 06:00:00
PRD04798,CAT10,Nestle Regular Daily Pouch 5797,Marico,16.72,500g,Y,2026-10-05 06:00:00
PRD04799,CAT15,Saffola Family Pack  Bottle 5798,Parle,70.26,kg,Y,2026-10-05 06:00:00
PRD04800,CAT23,Ananda Organic Select Jar 5799,Patanjali,54.8,250g,Y,2026-10-05 06:00:00
PRD04801,CAT36,Surf Excel Family Pack Extra Jar 5800,Sudha,31.73,dozen,Y,2026-10-05 06:00:00
PRD04802,CAT01,Tata Organic Extra Pack 5801,Heritage,16.02,pack,Y,2026-10-05 06:00:00
PRD04803,CAT08,Fresho Organic  Carton 5802,Colgate,39.77,pcs,Y,2026-10-05 06:00:00
PRD04804,CAT03,Ananda Premium Natural Carton 5803,Vim,8.95,dozen,Y,2026-10-05 06:00:00
PRD04805,CAT14,Amul Organic  Item 5804,Parle,41.64,dozen,Y,2026-10-05 06:00:00
PRD04806,CAT17,Weikfield Gold  Pack 5805,Sunfeast,80.19,pcs,Y,2026-10-05 06:00:00
PRD04807,CAT34,Marico Regular Natural Jar 5806,Coca-Cola,11.87,bottle,Y,2026-10-05 06:00:00
PRD04808,CAT06,Coca-Cola Classic Select Jar 5807,A2B,9.21,1L,Y,2026-10-05 06:00:00
PRD04809,CAT05,A2B Regular  Carton 5808,Nestle,151.64,kg,Y,2026-10-05 06:00:00
PRD04810,CAT41,Haldiram's Family Pack  Jar 5809,Colgate,21.1,bottle,Y,2026-10-05 06:00:00
PRD04811,CAT40,Godrej Organic  Jar 5810,MTR,101.73,bottle,Y,2026-10-05 06:00:00
PRD04812,CAT29,Aashirvaad Gold  Pouch 5811,Sunpure,31.86,bottle,Y,2026-10-05 06:00:00
PRD04813,CAT35,Maggi Regular Select Bottle 5812,Gowardhan,31.63,pcs,Y,2026-10-05 06:00:00
PRD04814,CAT18,Saffola Premium Fresh Pack 5813,Huggies,54.3,pcs,Y,2026-10-05 06:00:00
PRD04815,CAT40,Vim Ultra  Pack 5814,Haldiram's,16.52,pcs,Y,2026-10-05 06:00:00
PRD04816,CAT30,Maggi Premium Natural Carton 5815,Safal,41.23,pcs,Y,2026-10-05 06:00:00
PRD04817,CAT15,Britannia Lite Select Jar 5816,MTR,25.96,500g,Y,2026-10-05 06:00:00
PRD04818,CAT15,Nivea Ultra Fresh Jar 5817,Fortune,11.15,250g,Y,2026-10-05 06:00:00
PRD04819,CAT16,Maggi Ultra Natural Carton 5818,Pepsi,49.59,500g,Y,2026-10-05 06:00:00
PRD04820,CAT33,Everest Classic  Box 5819,MDH,28.88,250g,Y,2026-10-05 06:00:00
PRD04821,CAT10,Sunfeast Family Pack Extra Carton 5820,Close-Up,31.77,pack,Y,2026-10-05 06:00:00
PRD04822,CAT19,Saffola Premium Extra Item 5821,Weikfield,12.32,1L,Y,2026-10-05 06:00:00
PRD04823,CAT37,Sunfeast Gold Daily Pouch 5822,Close-Up,153.28,500g,N,2026-10-05 06:00:00
PRD04824,CAT03,Bisleri Family Pack Select Bottle 5823,Heritage,80.56,pcs,Y,2026-10-05 06:00:00
PRD04825,CAT36,Dabur Gold  Pouch 5824,Clinic Plus,87.16,pcs,Y,2026-10-05 06:00:00
PRD04826,CAT04,Rin Ultra Select Carton 5825,Marico,27.8,500g,Y,2026-10-05 06:00:00
PRD04827,CAT11,Aashirvaad Classic Extra Bottle 5826,Colgate,7.72,250g,Y,2026-10-05 06:00:00
PRD04828,CAT41,Lakme Family Pack Select Pouch 5827,Surf Excel,212.22,500g,Y,2026-10-05 06:00:00
PRD04829,CAT33,Lay's Organic Extra Jar 5828,Rasna,34.64,250g,N,2026-10-05 06:00:00
PRD04830,CAT28,Sunpure Gold  Box 5829,Clinic Plus,18.65,pcs,N,2026-10-05 06:00:00
PRD04831,CAT32,Pedigree Lite Extra Jar 5830,Pampers,53.26,pcs,Y,2026-10-05 06:00:00
PRD04832,CAT16,Britannia Regular  Bottle 5831,Parle,104.63,250g,Y,2026-10-05 06:00:00
PRD04833,CAT09,MTR Foods Gold Daily Box 5832,Catch,35.85,pcs,N,2026-10-05 06:00:00
PRD04834,CAT11,Tata Ultra  Jar 5833,Lakme,115.67,1L,Y,2026-10-05 06:00:00
PRD04835,CAT06,Fresho Regular Select Bottle 5834,Fresho,97.0,pack,Y,2026-10-05 06:00:00
PRD04836,CAT27,Catch Regular Extra Pouch 5835,Vim,13.89,pcs,Y,2026-10-05 06:00:00
PRD04837,CAT12,Britannia Premium  Pack 5836,Nivea,19.96,1L,Y,2026-10-05 06:00:00
PRD04838,CAT22,ITC Gold Natural Carton 5837,Godrej,86.64,250g,Y,2026-10-05 06:00:00
PRD04839,CAT40,MTR Ultra Fresh Pack 5838,Pepsi,3.19,250g,Y,2026-10-05 06:00:00
PRD04840,CAT37,Pedigree Organic Extra Pouch 5839,Sudha,31.99,pcs,Y,2026-10-05 06:00:00
PRD04841,CAT21,Bisleri Lite  Box 5840,Oleev,10.1,pack,Y,2026-10-05 06:00:00
PRD04842,CAT33,Heritage Ultra  Jar 5841,ITC,23.83,pcs,Y,2026-10-05 06:00:00
PRD04843,CAT17,Mother Dairy Gold Fresh Carton 5842,Catch,27.97,500g,Y,2026-10-05 06:00:00
PRD04844,CAT29,Bisleri Lite Daily Pouch 5843,Sunpure,26.51,500g,Y,2026-10-05 06:00:00
PRD04845,CAT40,Fresho Classic Natural Bottle 5844,Vim,22.26,pcs,Y,2026-10-05 06:00:00
PRD04846,CAT10,Coca-Cola Ultra  Jar 5845,Britannia,13.63,pcs,Y,2026-10-05 06:00:00
PRD04847,CAT18,Rasna Regular  Pouch 5846,Ananda,287.93,pcs,Y,2026-10-05 06:00:00
PRD04848,CAT13,Saffola Regular Extra Pack 5847,Fortune,196.51,500g,N,2026-10-05 06:00:00
PRD04849,CAT27,Safal Regular Select Pack 5848,Mother Dairy,12.86,pcs,Y,2026-10-05 06:00:00
PRD04850,CAT10,Huggies Gold Select Pouch 5849,Haldiram's,152.0,bottle,Y,2026-10-05 06:00:00
PRD04851,CAT32,Fortune Lite Natural Pouch 5850,Thirumala,25.55,pcs,Y,2026-10-05 06:00:00
PRD04852,CAT41,Nivea Regular  Pack 5851,Saffola,41.11,bottle,Y,2026-10-05 06:00:00
PRD04853,CAT03,A2B Classic Select Box 5852,Close-Up,34.57,bottle,Y,2026-10-05 06:00:00
PRD04854,CAT22,MTR Premium Extra Pouch 5853,Close-Up,20.21,500g,Y,2026-10-05 06:00:00
PRD04855,CAT27,Godrej Organic Natural Item 5854,Amul,88.72,500g,Y,2026-10-05 06:00:00
PRD04856,CAT03,Lakme Regular Extra Carton 5855,Coca-Cola,40.99,pcs,Y,2026-10-05 06:00:00
PRD04857,CAT33,Rasna Ultra Fresh Pack 5856,Dove,23.83,dozen,Y,2026-10-05 06:00:00
PRD04858,CAT02,Amul Lite Fresh Jar 5857,Sunfeast,11.31,250g,Y,2026-10-05 06:00:00
PRD04859,CAT11,Lakme Classic  Carton 5858,Maggi,16.38,kg,Y,2026-10-05 06:00:00
PRD04860,CAT10,Surf Excel Family Pack Extra Pack 5859,Sudha,8.35,500g,Y,2026-10-05 06:00:00
PRD04861,CAT39,Tata Lite Natural Pouch 5860,Mother Dairy,37.0,bottle,Y,2026-10-05 06:00:00
PRD04862,CAT33,Mother Dairy Ultra  Item 5861,Fresho,12.47,500g,Y,2026-10-05 06:00:00
PRD04863,CAT07,Thirumala Regular Daily Bottle 5862,Ariel,28.82,bottle,Y,2026-10-05 06:00:00
PRD04864,CAT15,Colgate Classic Natural Box 5863,Rasna,125.6,pcs,Y,2026-10-05 06:00:00
PRD04865,CAT26,Clinic Plus Classic Natural Carton 5864,Himalaya,107.7,1L,Y,2026-10-05 06:00:00
PRD04866,CAT11,Parle Lite  Pack 5865,Frooti,35.55,250g,Y,2026-10-05 06:00:00
PRD04867,CAT38,Catch Gold Natural Pouch 5866,Dabur,33.84,1L,Y,2026-10-05 06:00:00
PRD04868,CAT27,Licious Lite Select Bottle 5867,Safal,198.72,500g,Y,2026-10-05 06:00:00
PRD04869,CAT39,Catch Classic Daily Carton 5868,Gillette,58.48,250g,Y,2026-10-05 06:00:00
PRD04870,CAT07,Vim Family Pack Natural Item 5869,Johnson's,27.25,pcs,Y,2026-10-05 06:00:00
PRD04871,CAT01,Nestle Ultra  Jar 5870,Maggi,10.14,1L,Y,2026-10-05 06:00:00
PRD04872,CAT10,A2B Classic Fresh Carton 5871,MDH,52.17,1L,Y,2026-10-05 06:00:00
PRD04873,CAT21,Ananda Classic  Carton 5872,MDH,77.2,pcs,N,2026-10-05 06:00:00
PRD04874,CAT15,Sunfeast Gold Extra Bottle 5873,Saffola,20.73,250g,Y,2026-10-05 06:00:00
PRD04875,CAT30,Lakme Classic Extra Pouch 5874,Huggies,47.56,pcs,Y,2026-10-05 06:00:00
PRD04876,CAT30,Tata Gold Extra Item 5875,Close-Up,26.38,pcs,Y,2026-10-05 06:00:00
PRD04877,CAT08,ITC Regular  Pack 5876,Close-Up,31.01,500g,Y,2026-10-05 06:00:00
PRD04878,CAT24,Sunpure Regular Select Pack 5877,Safal,3.9,bottle,Y,2026-10-05 06:00:00
PRD04879,CAT19,Licious Gold Natural Pouch 5878,Sunpure,29.98,1L,Y,2026-10-05 06:00:00
PRD04880,CAT03,Sudha Organic Select Item 5879,Himalaya,87.57,pack,Y,2026-10-05 06:00:00
PRD04881,CAT15,Parle Organic Extra Pouch 5880,Nestle,20.73,500g,Y,2026-10-05 06:00:00
PRD04882,CAT36,Rin Ultra Fresh Carton 5881,Frooti,38.37,250g,Y,2026-10-05 06:00:00
PRD04883,CAT06,Coca-Cola Gold Extra Jar 5882,Gillette,18.53,pcs,Y,2026-10-05 06:00:00
PRD04884,CAT42,Haldiram's Regular Fresh Pouch 5883,Weikfield,50.62,pack,Y,2026-10-05 06:00:00
PRD04885,CAT18,Marico Regular Select Box 5884,Pedigree,30.12,500g,Y,2026-10-05 06:00:00
PRD04886,CAT38,Ananda Regular Fresh Pack 5885,Amul,15.72,1L,Y,2026-10-05 06:00:00
PRD04887,CAT19,Whiskas Gold Fresh Pouch 5886,Parle,121.42,pcs,Y,2026-10-05 06:00:00
PRD04888,CAT30,Safal Classic  Carton 5887,Britannia,84.44,kg,Y,2026-10-05 06:00:00
PRD04889,CAT13,Frooti Organic Natural Item 5888,Dettol,21.23,250g,Y,2026-10-05 06:00:00
PRD04890,CAT39,Maggi Premium  Item 5889,Rasna,57.28,pack,Y,2026-10-05 06:00:00
PRD04891,CAT12,Lay's Ultra Natural Jar 5890,Harpic,59.36,pcs,N,2026-10-05 06:00:00
PRD04892,CAT34,Fortune Lite  Pack 5891,Whiskas,65.24,pcs,Y,2026-10-05 06:00:00
PRD04893,CAT12,Maggi Classic Natural Carton 5892,Maggi,7.97,pcs,Y,2026-10-05 06:00:00
PRD04894,CAT44,Parle Classic Daily Item 5893,Clinic Plus,90.55,500g,Y,2026-10-05 06:00:00
PRD04895,CAT24,Parle Regular Extra Item 5894,ITC,21.92,pack,Y,2026-10-05 06:00:00
PRD04896,CAT04,Pedigree Lite Select Pouch 5895,A2B,26.52,500g,Y,2026-10-05 06:00:00
PRD04897,CAT36,Everest Gold  Box 5896,Bisleri,393.11,pcs,Y,2026-10-05 06:00:00
PRD04898,CAT14,Colgate Ultra Select Bottle 5897,Colgate,48.02,500g,N,2026-10-05 06:00:00
PRD04899,CAT17,Ariel Family Pack  Bottle 5898,Ariel,25.85,250g,Y,2026-10-05 06:00:00
PRD04900,CAT03,Sunpure Lite Select Bottle 5899,Marico,5.03,pcs,Y,2026-10-05 06:00:00
PRD04901,CAT38,Fresho Family Pack Fresh Jar 5900,Sunpure,127.84,dozen,Y,2026-10-05 06:00:00
PRD04902,CAT23,Dettol Gold  Pack 5901,Close-Up,10.91,pcs,Y,2026-10-05 06:00:00
PRD04903,CAT13,MTR Gold Natural Box 5902,Surf Excel,14.83,250g,Y,2026-10-05 06:00:00
PRD04904,CAT09,Patanjali Classic Daily Carton 5903,Sunfeast,27.16,1L,Y,2026-10-05 06:00:00
PRD04905,CAT21,Heritage Gold  Jar 5904,Oleev,130.94,pcs,N,2026-10-05 06:00:00
PRD04906,CAT41,Maggi Lite  Pack 5905,Gowardhan,73.4,250g,Y,2026-10-05 06:00:00
PRD04907,CAT08,Dabur Gold  Jar 5906,Catch,31.75,500g,Y,2026-10-05 06:00:00
PRD04908,CAT17,Colgate Classic  Bottle 5907,Amul,48.3,250g,Y,2026-10-05 06:00:00
PRD04909,CAT16,Everest Premium  Pouch 5908,MDH,21.32,1L,Y,2026-10-05 06:00:00
PRD04910,CAT16,Mother Dairy Organic Fresh Bottle 5909,ITC,41.5,pcs,Y,2026-10-05 06:00:00
PRD04911,CAT28,Coca-Cola Lite Extra Box 5910,Himalaya,39.1,pack,Y,2026-10-05 06:00:00
PRD04912,CAT16,Nestle Gold Extra Bottle 5911,Ananda,87.52,250g,Y,2026-10-05 06:00:00
PRD04913,CAT14,Pedigree Classic Extra Pack 5912,MTR Foods,87.4,250g,Y,2026-10-05 06:00:00
PRD04914,CAT44,Ananda Gold Natural Bottle 5913,Sudha,57.09,500g,Y,2026-10-05 06:00:00
PRD04915,CAT38,Clinic Plus Regular Fresh Jar 5914,Heritage,26.41,pcs,Y,2026-10-05 06:00:00
PRD04916,CAT20,MTR Ultra Extra Pack 5915,Dove,71.35,pcs,Y,2026-10-05 06:00:00
PRD04917,CAT41,Gowardhan Gold  Box 5916,Godrej,33.69,bottle,Y,2026-10-05 06:00:00
PRD04918,CAT34,Lay's Classic Extra Bottle 5917,MDH,13.82,kg,Y,2026-10-05 06:00:00
PRD04919,CAT29,Fresho Lite  Bottle 5918,Frooti,25.46,500g,Y,2026-10-05 06:00:00
PRD04920,CAT03,Tata Gold Extra Item 5919,Surf Excel,39.49,pcs,Y,2026-10-05 06:00:00
PRD04921,CAT10,MTR Foods Family Pack  Item 5920,Thirumala,83.03,250g,Y,2026-10-05 06:00:00
PRD04922,CAT20,Clinic Plus Lite Daily Bottle 5921,MTR Foods,31.03,250g,Y,2026-10-05 06:00:00
PRD04923,CAT02,Ananda Lite  Carton 5922,Maggi,12.33,pack,Y,2026-10-05 06:00:00
PRD04924,CAT27,Nestle Regular  Pack 5923,Huggies,38.52,pcs,Y,2026-10-05 06:00:00
PRD04925,CAT32,Lay's Lite Select Pack 5924,Sunpure,40.53,pcs,Y,2026-10-05 06:00:00
PRD04926,CAT10,Harpic Organic Natural Jar 5925,Dettol,43.26,500g,Y,2026-10-05 06:00:00
PRD04927,CAT40,Sunpure Classic Fresh Pack 5926,Johnson's,83.75,pcs,Y,2026-10-05 06:00:00
PRD04928,CAT17,Johnson's Gold Daily Pack 5927,Dove,91.56,pack,Y,2026-10-05 06:00:00
PRD04929,CAT33,Parle Regular Daily Carton 5928,Dove,21.44,500g,Y,2026-10-05 06:00:00
PRD04930,CAT06,Huggies Lite Natural Pouch 5929,Frooti,21.02,pack,Y,2026-10-05 06:00:00
PRD04931,CAT39,Colgate Ultra Select Item 5930,Tata,14.35,pcs,Y,2026-10-05 06:00:00
PRD04932,CAT18,Gillette Family Pack Extra Pack 5931,Haldiram's,68.64,1L,Y,2026-10-05 06:00:00
PRD04933,CAT09,Coca-Cola Organic Fresh Pack 5932,Lakme,134.82,1L,Y,2026-10-05 06:00:00
PRD04934,CAT08,Nestle Regular Fresh Carton 5933,Dettol,27.56,pcs,Y,2026-10-05 06:00:00
PRD04935,CAT25,Godrej Family Pack  Pack 5934,Huggies,29.45,500g,Y,2026-10-05 06:00:00
PRD04936,CAT31,Fresho Family Pack Extra Item 5935,Nestle,137.02,1L,Y,2026-10-05 06:00:00
PRD04937,CAT42,Pepsi Gold Extra Item 5936,Maggi,57.69,bottle,Y,2026-10-05 06:00:00
PRD04938,CAT04,Coca-Cola Premium Natural Pack 5937,Coca-Cola,54.2,pcs,Y,2026-10-05 06:00:00
PRD04939,CAT20,Weikfield Family Pack Extra Jar 5938,Colgate,12.53,pack,Y,2026-10-05 06:00:00
PRD04940,CAT28,Surf Excel Lite Extra Jar 5939,Sudha,67.41,dozen,N,2026-10-05 06:00:00
PRD04941,CAT40,Fresho Regular  Pouch 5940,Weikfield,15.86,250g,Y,2026-10-05 06:00:00
PRD04942,CAT01,Johnson's Lite  Pack 5941,Nivea,13.19,250g,Y,2026-10-05 06:00:00
PRD04943,CAT40,Nestle Classic  Carton 5942,Fresho,26.79,pcs,Y,2026-10-05 06:00:00
PRD04944,CAT44,MTR Organic  Pouch 5943,Patanjali,21.6,500g,Y,2026-10-05 06:00:00
PRD04945,CAT23,Dabur Gold  Item 5944,Bisleri,29.98,250g,Y,2026-10-05 06:00:00
PRD04946,CAT13,Godrej Family Pack Extra Pouch 5945,Ariel,10.01,1L,Y,2026-10-05 06:00:00
PRD04947,CAT16,Whiskas Family Pack Natural Jar 5946,Clinic Plus,86.74,500g,Y,2026-10-05 06:00:00
PRD04948,CAT26,Patanjali Regular Natural Pack 5947,Johnson's,100.98,kg,Y,2026-10-05 06:00:00
PRD04949,CAT31,Mother Dairy Organic  Carton 5948,Ariel,6.34,500g,Y,2026-10-05 06:00:00
PRD04950,CAT01,Thirumala Premium Daily Item 5949,Pampers,88.29,dozen,Y,2026-10-05 06:00:00
PRD04951,CAT17,ITC Ultra Daily Bottle 5950,Sunpure,17.65,1L,Y,2026-10-05 06:00:00
PRD04952,CAT16,MTR Foods Classic Natural Item 5951,Dove,79.14,pack,N,2026-10-05 06:00:00
PRD04953,CAT37,Clinic Plus Classic Natural Carton 5952,Britannia,34.41,250g,Y,2026-10-05 06:00:00
PRD04954,CAT10,A2B Gold Daily Carton 5953,Amul,37.56,1L,Y,2026-10-05 06:00:00
PRD04955,CAT38,Catch Classic  Carton 5954,Fresho,30.98,pcs,Y,2026-10-05 06:00:00
PRD04956,CAT44,Lay's Gold Natural Jar 5955,Heritage,108.95,pcs,Y,2026-10-05 06:00:00
PRD04957,CAT31,Nestle Classic Fresh Pack 5956,Fresho,11.99,1L,Y,2026-10-05 06:00:00
PRD04958,CAT10,Close-Up Ultra Daily Item 5957,ITC,63.25,bottle,Y,2026-10-05 06:00:00
PRD04959,CAT34,Lakme Lite  Pouch 5958,Sunfeast,98.61,1L,Y,2026-10-05 06:00:00
PRD04960,CAT06,Dettol Family Pack  Pack 5959,Gillette,69.74,pcs,Y,2026-10-05 06:00:00
PRD04961,CAT28,Rasna Family Pack  Pouch 5960,Rin,296.55,pcs,Y,2026-10-05 06:00:00
PRD04962,CAT28,Surf Excel Gold Select Item 5961,Sunfeast,22.74,1L,Y,2026-10-05 06:00:00
PRD04963,CAT13,Marico Gold  Item 5962,Johnson's,86.62,1L,Y,2026-10-05 06:00:00
PRD04964,CAT41,Patanjali Gold  Carton 5963,Dove,33.27,kg,Y,2026-10-05 06:00:00
PRD04965,CAT12,Rasna Family Pack Select Bottle 5964,Godrej,111.06,500g,Y,2026-10-05 06:00:00
PRD04966,CAT40,Saffola Gold  Item 5965,ITC,36.35,500g,Y,2026-10-05 06:00:00
PRD04967,CAT02,Nivea Classic  Item 5966,Close-Up,25.81,500g,Y,2026-10-05 06:00:00
PRD04968,CAT08,Gowardhan Organic  Pack 5967,Dove,118.57,250g,Y,2026-10-05 06:00:00
PRD04969,CAT42,Safal Gold  Item 5968,Pedigree,23.51,500g,Y,2026-10-05 06:00:00
PRD04970,CAT09,Lakme Premium Extra Pack 5969,Rasna,10.26,pcs,Y,2026-10-05 06:00:00
PRD04971,CAT08,Catch Regular Extra Pack 5970,Rasna,22.98,pcs,Y,2026-10-05 06:00:00
PRD04972,CAT03,Dabur Lite  Box 5971,Dettol,63.89,250g,Y,2026-10-05 06:00:00
PRD04973,CAT09,Huggies Lite Select Bottle 5972,Johnson's,128.1,pcs,Y,2026-10-05 06:00:00
PRD04974,CAT13,Haldiram's Lite  Jar 5973,Everest,40.45,pcs,Y,2026-10-05 06:00:00
PRD04975,CAT09,Pepsi Family Pack Fresh Carton 5974,Sudha,119.87,pcs,Y,2026-10-05 06:00:00
PRD04976,CAT31,Pedigree Classic  Carton 5975,MTR Foods,10.78,kg,Y,2026-10-05 06:00:00
PRD04977,CAT25,Ananda Ultra  Item 5976,Gowardhan,24.56,pcs,Y,2026-10-05 06:00:00
PRD04978,CAT44,Dove Ultra  Carton 5977,Lay's,28.23,250g,Y,2026-10-05 06:00:00
PRD04979,CAT08,Johnson's Organic  Box 5978,Nivea,33.01,1L,N,2026-10-05 06:00:00
PRD04980,CAT31,A2B Premium Natural Pack 5979,MDH,39.48,1L,Y,2026-10-05 06:00:00
PRD04981,CAT31,Lay's Ultra Select Pack 5980,Nivea,68.16,250g,Y,2026-10-05 06:00:00
PRD04982,CAT17,Nestle Lite Natural Box 5981,Pepsi,24.52,500g,Y,2026-10-05 06:00:00
PRD04983,CAT19,Catch Organic  Carton 5982,Coca-Cola,41.48,500g,Y,2026-10-05 06:00:00
PRD04984,CAT03,Everest Premium Daily Jar 5983,Saffola,35.14,pcs,Y,2026-10-05 06:00:00
PRD04985,CAT30,Weikfield Regular  Carton 5984,Weikfield,15.91,1L,Y,2026-10-05 06:00:00
PRD04986,CAT10,Frooti Family Pack  Carton 5985,Heritage,33.04,kg,Y,2026-10-05 06:00:00
PRD04987,CAT29,Harpic Lite Extra Item 5986,Britannia,32.16,kg,Y,2026-10-05 06:00:00
PRD04988,CAT40,Lay's Ultra Daily Bottle 5987,Ananda,31.55,250g,Y,2026-10-05 06:00:00
PRD04989,CAT18,Sunfeast Regular Natural Bottle 5988,Haldiram's,37.66,bottle,Y,2026-10-05 06:00:00
PRD04990,CAT12,Colgate Gold Daily Carton 5989,Tata,39.18,dozen,Y,2026-10-05 06:00:00
PRD04991,CAT23,Nestle Ultra  Jar 5990,Surf Excel,24.8,pack,Y,2026-10-05 06:00:00
PRD04992,CAT11,Oleev Gold  Pack 5991,Patanjali,115.06,500g,Y,2026-10-05 06:00:00
PRD04993,CAT09,Close-Up Premium Select Item 5992,Colgate,12.77,500g,Y,2026-10-05 06:00:00
PRD04994,CAT24,MTR Gold Extra Pack 5993,MTR,19.13,kg,Y,2026-10-05 06:00:00
PRD04995,CAT25,Johnson's Family Pack Fresh Item 5994,Patanjali,446.74,250g,Y,2026-10-05 06:00:00
PRD04996,CAT25,Coca-Cola Premium Extra Jar 5995,Vim,14.38,pack,Y,2026-10-05 06:00:00
PRD04997,CAT09,Catch Classic Select Bottle 5996,Mother Dairy,10.82,pcs,Y,2026-10-05 06:00:00
PRD04998,CAT12,A2B Premium Select Pack 5997,Gillette,70.88,pcs,Y,2026-10-05 06:00:00
PRD04999,CAT11,Maggi Gold Fresh Pouch 5998,Catch,5.64,pcs,Y,2026-10-05 06:00:00
PRD05000,CAT38,MTR Foods Classic Natural Box 5999,Pepsi,29.61,pcs,N,2026-10-05 06:00:00
PRD05001,CAT28,Godrej Gold  Pack 6000,Mother Dairy,252.46,bottle,Y,2026-10-05 06:00:00
PRD05002,CAT08,Frooti Ultra  Pack 6001,Sudha,9.11,pcs,Y,2026-10-05 06:00:00
PRD05003,CAT10,Tata Classic  Pouch 6002,Himalaya,6.15,1L,Y,2026-10-05 06:00:00
PRD05004,CAT25,MTR Organic Extra Pouch 6003,Aashirvaad,9.49,pcs,Y,2026-10-05 06:00:00
PRD05005,CAT36,Safal Family Pack Natural Bottle 6004,Pepsi,82.15,pcs,Y,2026-10-05 06:00:00
PRD05006,CAT43,Fresho Ultra  Box 6005,Rin,100.72,pcs,Y,2026-10-05 06:00:00
PRD05007,CAT09,Rin Regular Natural Box 6006,Aashirvaad,23.07,dozen,Y,2026-10-05 06:00:00
PRD05008,CAT41,Vim Gold Daily Box 6007,MTR Foods,67.69,pack,Y,2026-10-05 06:00:00
PRD05009,CAT08,Close-Up Classic  Carton 6008,Fresho,127.9,250g,Y,2026-10-05 06:00:00
PRD05010,CAT03,Sudha Ultra Extra Bottle 6009,Godrej,182.84,bottle,Y,2026-10-05 06:00:00
PRD05011,CAT18,Amul Classic  Pouch 6010,Catch,29.32,kg,Y,2026-10-05 06:00:00
PRD05012,CAT35,Tata Classic  Item 6011,Surf Excel,4.61,500g,Y,2026-10-05 06:00:00
PRD05013,CAT17,Patanjali Premium Select Pouch 6012,Lakme,17.48,pcs,Y,2026-10-05 06:00:00
PRD05014,CAT36,Fortune Classic Extra Bottle 6013,Lakme,24.93,pcs,Y,2026-10-05 06:00:00
PRD05015,CAT28,ITC Classic Extra Pack 6014,Clinic Plus,28.99,pcs,Y,2026-10-05 06:00:00
PRD05016,CAT15,Vim Premium  Pouch 6015,Lay's,30.91,pcs,Y,2026-10-05 06:00:00
PRD05017,CAT19,Harpic Regular Extra Item 6016,Colgate,100.18,500g,Y,2026-10-05 06:00:00
PRD05018,CAT22,Lay's Premium  Box 6017,Frooti,115.24,pcs,N,2026-10-05 06:00:00
PRD05019,CAT06,MDH Premium Extra Item 6018,Mother Dairy,31.36,bottle,Y,2026-10-05 06:00:00
PRD05020,CAT07,Dabur Premium Select Bottle 6019,Marico,98.36,pack,Y,2026-10-05 06:00:00
PRD05021,CAT44,Harpic Lite  Bottle 6020,Mother Dairy,50.5,pcs,Y,2026-10-05 06:00:00
PRD05022,CAT09,MDH Lite Natural Item 6021,MTR Foods,38.79,pack,Y,2026-10-05 06:00:00
PRD05023,CAT20,Tata Ultra Natural Pouch 6022,Britannia,82.76,pack,Y,2026-10-05 06:00:00
PRD05024,CAT37,ITC Family Pack Fresh Pack 6023,Sunfeast,39.06,pcs,Y,2026-10-05 06:00:00
PRD05025,CAT11,Sudha Organic  Item 6024,Haldiram's,233.23,250g,Y,2026-10-05 06:00:00
PRD05026,CAT02,MDH Lite  Item 6025,Licious,10.03,pcs,Y,2026-10-05 06:00:00
PRD05027,CAT22,Huggies Organic  Box 6026,Vim,23.02,pcs,Y,2026-10-05 06:00:00
PRD05028,CAT36,Pampers Regular Extra Bottle 6027,MDH,32.66,500g,Y,2026-10-05 06:00:00
PRD05029,CAT05,MDH Organic Fresh Bottle 6028,Frooti,54.35,500g,Y,2026-10-05 06:00:00
PRD05030,CAT07,Nestle Lite  Pouch 6029,Johnson's,114.57,pcs,Y,2026-10-05 06:00:00
PRD05031,CAT06,Amul Regular Daily Jar 6030,Tata,35.8,500g,Y,2026-10-05 06:00:00
PRD05032,CAT22,Sudha Lite Select Pack 6031,Ariel,10.18,kg,Y,2026-10-05 06:00:00
PRD05033,CAT10,Heritage Family Pack Fresh Carton 6032,MTR,78.12,250g,Y,2026-10-05 06:00:00
PRD05034,CAT40,Vim Organic Select Carton 6033,Himalaya,72.2,250g,Y,2026-10-05 06:00:00
PRD05035,CAT20,Lay's Classic Natural Pouch 6034,Coca-Cola,6.37,250g,Y,2026-10-05 06:00:00
PRD05036,CAT28,Aashirvaad Lite  Jar 6035,Lakme,36.47,250g,N,2026-10-05 06:00:00
PRD05037,CAT23,Sunpure Family Pack  Item 6036,MDH,8.75,pcs,Y,2026-10-05 06:00:00
PRD05038,CAT35,Tata Ultra Select Bottle 6037,Lakme,20.12,kg,N,2026-10-05 06:00:00
PRD05039,CAT01,Vim Classic Fresh Box 6038,MDH,16.24,pack,Y,2026-10-05 06:00:00
PRD05040,CAT29,Marico Premium  Carton 6039,Sunpure,75.82,pcs,Y,2026-10-05 06:00:00
PRD05041,CAT09,Surf Excel Premium Extra Pouch 6040,Nivea,40.66,1L,Y,2026-10-05 06:00:00
PRD05042,CAT09,Gillette Family Pack  Box 6041,Heritage,11.51,1L,Y,2026-10-05 06:00:00
PRD05043,CAT22,Britannia Premium Fresh Pouch 6042,ITC,80.81,pcs,Y,2026-10-05 06:00:00
PRD05044,CAT02,Mother Dairy Classic Fresh Pouch 6043,Pepsi,10.07,pcs,Y,2026-10-05 06:00:00
PRD05045,CAT16,Amul Regular Daily Jar 6044,Patanjali,49.26,pcs,Y,2026-10-05 06:00:00
PRD05046,CAT40,MDH Classic Natural Carton 6045,Catch,17.59,bottle,Y,2026-10-05 06:00:00
PRD05047,CAT06,Pepsi Premium Fresh Pouch 6046,ITC,26.33,pcs,Y,2026-10-05 06:00:00
PRD05048,CAT13,Nivea Premium Fresh Jar 6047,Rasna,57.62,pcs,Y,2026-10-05 06:00:00
PRD05049,CAT33,Thirumala Family Pack Select Carton 6048,MTR Foods,58.52,pcs,Y,2026-10-05 06:00:00
PRD05050,CAT19,Nivea Family Pack Daily Jar 6049,Pepsi,121.91,250g,N,2026-10-05 06:00:00
PRD05051,CAT15,Aashirvaad Lite Extra Pouch 6050,Lakme,33.99,kg,Y,2026-10-05 06:00:00
PRD05052,CAT33,Rin Classic Select Bottle 6051,Dettol,48.22,1L,Y,2026-10-05 06:00:00
PRD05053,CAT10,Nivea Ultra  Bottle 6052,Dove,24.68,pcs,Y,2026-10-05 06:00:00
PRD05054,CAT01,Safal Organic  Pack 6053,MTR,43.11,1L,Y,2026-10-05 06:00:00
PRD05055,CAT12,Patanjali Family Pack Fresh Item 6054,Ananda,54.36,250g,Y,2026-10-05 06:00:00
PRD05056,CAT43,Gillette Family Pack Fresh Pack 6055,Whiskas,33.5,250g,Y,2026-10-05 06:00:00
PRD05057,CAT29,Fortune Gold Natural Bottle 6056,Frooti,7.22,250g,Y,2026-10-05 06:00:00
PRD05058,CAT17,Pepsi Lite Fresh Pouch 6057,Thirumala,49.32,pcs,Y,2026-10-05 06:00:00
PRD05059,CAT04,Huggies Classic Extra Carton 6058,Mother Dairy,50.81,pcs,Y,2026-10-05 06:00:00
PRD05060,CAT29,Amul Classic Fresh Pack 6059,Oleev,19.84,pcs,Y,2026-10-05 06:00:00
PRD05061,CAT07,Licious Organic  Item 6060,Pepsi,11.52,kg,Y,2026-10-05 06:00:00
PRD05062,CAT44,Patanjali Family Pack  Pouch 6061,Close-Up,138.14,1L,Y,2026-10-05 06:00:00
PRD05063,CAT13,Clinic Plus Gold  Item 6062,Licious,56.96,250g,Y,2026-10-05 06:00:00
PRD05064,CAT05,Dettol Premium  Jar 6063,Huggies,29.78,bottle,Y,2026-10-05 06:00:00
PRD05065,CAT06,Weikfield Premium Fresh Item 6064,Heritage,13.15,pack,Y,2026-10-05 06:00:00
PRD05066,CAT34,Sunpure Classic Daily Box 6065,Dabur,17.47,pcs,Y,2026-10-05 06:00:00
PRD05067,CAT07,Rasna Family Pack  Item 6066,Fresho,118.19,pcs,Y,2026-10-05 06:00:00
PRD05068,CAT28,Dove Family Pack  Jar 6067,Surf Excel,41.43,kg,Y,2026-10-05 06:00:00
PRD05069,CAT10,Thirumala Ultra  Carton 6068,Ariel,22.3,dozen,Y,2026-10-05 06:00:00
PRD05070,CAT04,Heritage Classic Select Box 6069,Britannia,57.9,1L,Y,2026-10-05 06:00:00
PRD05071,CAT03,Colgate Gold  Carton 6070,Licious,17.58,bottle,Y,2026-10-05 06:00:00
PRD05072,CAT25,Surf Excel Family Pack Natural Pouch 6071,Fresho,141.28,pcs,Y,2026-10-05 06:00:00
PRD05073,CAT23,Whiskas Lite Extra Pouch 6072,Colgate,123.66,pcs,Y,2026-10-05 06:00:00
PRD05074,CAT27,MTR Family Pack  Pouch 6073,Fresho,24.05,500g,Y,2026-10-05 06:00:00
PRD05075,CAT14,Pepsi Premium  Box 6074,Tata,20.78,pack,N,2026-10-05 06:00:00
PRD05076,CAT38,Pampers Premium Select Bottle 6075,Rasna,3.47,1L,Y,2026-10-05 06:00:00
PRD05077,CAT32,Parle Family Pack  Carton 6076,Frooti,9.65,1L,Y,2026-10-05 06:00:00
PRD05078,CAT23,Thirumala Gold Daily Bottle 6077,Nestle,10.96,pcs,Y,2026-10-05 06:00:00
PRD05079,CAT40,Huggies Classic Fresh Pouch 6078,Ananda,41.33,pcs,Y,2026-10-05 06:00:00
PRD05080,CAT37,Bisleri Classic  Pack 6079,Johnson's,27.29,kg,Y,2026-10-05 06:00:00
PRD05081,CAT03,Whiskas Family Pack Fresh Carton 6080,Sunfeast,10.9,pcs,Y,2026-10-05 06:00:00
PRD05082,CAT35,Coca-Cola Organic  Bottle 6081,Frooti,28.42,250g,Y,2026-10-05 06:00:00
PRD05083,CAT13,Catch Organic Extra Jar 6082,Himalaya,57.67,250g,Y,2026-10-05 06:00:00
PRD05084,CAT34,Marico Premium Fresh Item 6083,Lakme,58.85,250g,Y,2026-10-05 06:00:00
PRD05085,CAT24,Ariel Regular Daily Jar 6084,Surf Excel,6.62,dozen,Y,2026-10-05 06:00:00
PRD05086,CAT01,Surf Excel Ultra  Carton 6085,Mother Dairy,32.61,500g,Y,2026-10-05 06:00:00
PRD05087,CAT12,Ariel Organic  Box 6086,Fresho,10.54,250g,Y,2026-10-05 06:00:00
PRD05088,CAT08,Vim Premium Extra Pouch 6087,Weikfield,82.4,pcs,Y,2026-10-05 06:00:00
PRD05089,CAT19,MTR Foods Lite  Bottle 6088,ITC,74.12,500g,Y,2026-10-05 06:00:00
PRD05090,CAT09,Himalaya Lite Natural Jar 6089,Johnson's,16.31,500g,Y,2026-10-05 06:00:00
PRD05091,CAT28,Gowardhan Regular  Carton 6090,MTR,18.37,pcs,Y,2026-10-05 06:00:00
PRD05092,CAT14,Clinic Plus Organic  Box 6091,Amul,24.16,bottle,Y,2026-10-05 06:00:00
PRD05093,CAT27,Marico Premium Select Jar 6092,Amul,4.82,250g,Y,2026-10-05 06:00:00
PRD05094,CAT18,Marico Ultra Select Bottle 6093,MDH,49.52,pcs,Y,2026-10-05 06:00:00
PRD05095,CAT42,Pampers Lite Fresh Pouch 6094,Johnson's,28.63,pcs,Y,2026-10-05 06:00:00
PRD05096,CAT41,Vim Premium Fresh Bottle 6095,Coca-Cola,87.63,pcs,Y,2026-10-05 06:00:00
PRD05097,CAT06,Whiskas Ultra  Item 6096,ITC,13.62,1L,Y,2026-10-05 06:00:00
PRD05098,CAT33,Rin Premium  Pouch 6097,Mother Dairy,20.96,pack,Y,2026-10-05 06:00:00
PRD05099,CAT37,Haldiram's Classic Select Pack 6098,Godrej,9.43,500g,Y,2026-10-05 06:00:00
PRD05100,CAT42,Coca-Cola Regular Daily Carton 6099,MTR,14.82,pcs,Y,2026-10-05 06:00:00
PRD05101,CAT25,Marico Organic Fresh Pouch 6100,Pedigree,12.63,pcs,Y,2026-10-05 06:00:00
PRD05102,CAT13,Pampers Gold  Pouch 6101,Tata,89.69,pcs,Y,2026-10-05 06:00:00
PRD05103,CAT23,Huggies Lite Fresh Pouch 6102,Pampers,19.52,1L,Y,2026-10-05 06:00:00
PRD05104,CAT36,Bisleri Lite  Bottle 6103,Fortune,40.93,pcs,Y,2026-10-05 06:00:00
PRD05105,CAT33,Maggi Ultra Select Bottle 6104,Nestle,25.98,pcs,Y,2026-10-05 06:00:00
PRD05106,CAT21,Lay's Family Pack  Bottle 6105,A2B,11.68,pcs,Y,2026-10-05 06:00:00
PRD05107,CAT34,Nestle Classic  Box 6106,Ananda,31.45,1L,Y,2026-10-05 06:00:00
PRD05108,CAT36,Aashirvaad Lite  Pouch 6107,Close-Up,62.75,500g,N,2026-10-05 06:00:00
PRD05109,CAT17,Fresho Lite Natural Jar 6108,Maggi,12.34,pack,Y,2026-10-05 06:00:00
PRD05110,CAT10,Saffola Gold Daily Jar 6109,Lay's,75.81,250g,N,2026-10-05 06:00:00
PRD05111,CAT23,Dettol Classic Daily Pack 6110,Heritage,17.03,1L,Y,2026-10-05 06:00:00
PRD05112,CAT44,Close-Up Organic  Box 6111,Gowardhan,23.7,pcs,Y,2026-10-05 06:00:00
PRD05113,CAT02,Pepsi Lite  Box 6112,Ananda,59.0,pcs,Y,2026-10-05 06:00:00
PRD05114,CAT35,Parle Classic Select Box 6113,Aashirvaad,20.14,500g,Y,2026-10-05 06:00:00
PRD05115,CAT14,Oleev Premium  Box 6114,Patanjali,37.86,pcs,Y,2026-10-05 06:00:00
PRD05116,CAT41,Safal Ultra Fresh Bottle 6115,MTR Foods,27.57,500g,Y,2026-10-05 06:00:00
PRD05117,CAT02,Lay's Ultra  Pouch 6116,Everest,41.12,pcs,Y,2026-10-05 06:00:00
PRD05118,CAT19,Harpic Organic Natural Jar 6117,Ariel,4.29,pcs,Y,2026-10-05 06:00:00
PRD05119,CAT16,Britannia Lite Fresh Box 6118,Licious,7.05,pcs,Y,2026-10-05 06:00:00
PRD05120,CAT43,Nestle Organic Select Carton 6119,Lakme,63.71,pack,Y,2026-10-05 06:00:00
PRD05121,CAT44,Aashirvaad Family Pack Extra Jar 6120,Nestle,93.08,pcs,Y,2026-10-05 06:00:00
PRD05122,CAT25,Aashirvaad Gold Fresh Pouch 6121,ITC,16.13,pcs,Y,2026-10-05 06:00:00
PRD05123,CAT01,Pampers Premium  Carton 6122,Rin,29.38,pcs,Y,2026-10-05 06:00:00
PRD05124,CAT02,Bisleri Family Pack  Item 6123,Heritage,47.72,250g,Y,2026-10-05 06:00:00
PRD05125,CAT27,ITC Classic Extra Box 6124,Heritage,68.3,250g,Y,2026-10-05 06:00:00
PRD05126,CAT02,Dettol Classic Daily Carton 6125,Heritage,5.9,pcs,Y,2026-10-05 06:00:00
PRD05127,CAT30,Parle Gold Select Jar 6126,Colgate,16.49,250g,Y,2026-10-05 06:00:00
PRD05128,CAT10,Gowardhan Ultra Select Pouch 6127,Surf Excel,27.13,500g,Y,2026-10-05 06:00:00
PRD05129,CAT19,Weikfield Lite Select Jar 6128,Safal,68.91,250g,Y,2026-10-05 06:00:00
PRD05130,CAT42,Lakme Family Pack Fresh Pouch 6129,Huggies,346.74,250g,Y,2026-10-05 06:00:00
PRD05131,CAT16,Gowardhan Ultra  Box 6130,Saffola,29.81,pack,Y,2026-10-05 06:00:00
PRD05132,CAT13,Haldiram's Ultra Natural Carton 6131,Everest,10.32,250g,Y,2026-10-05 06:00:00
PRD05133,CAT08,Weikfield Premium  Item 6132,Bisleri,52.56,pcs,Y,2026-10-05 06:00:00
PRD05134,CAT31,Lakme Gold  Item 6133,Huggies,120.17,500g,Y,2026-10-05 06:00:00
PRD05135,CAT25,Sunpure Family Pack Natural Pack 6134,Saffola,40.33,pcs,Y,2026-10-05 06:00:00
PRD05136,CAT39,Frooti Organic  Box 6135,Tata,16.18,dozen,Y,2026-10-05 06:00:00
PRD05137,CAT21,Surf Excel Classic Extra Item 6136,Whiskas,86.68,pcs,Y,2026-10-05 06:00:00
PRD05138,CAT38,Vim Premium Daily Carton 6137,Haldiram's,66.5,500g,Y,2026-10-05 06:00:00
PRD05139,CAT41,Nivea Organic Daily Bottle 6138,Dove,14.53,pcs,Y,2026-10-05 06:00:00
PRD05140,CAT29,Parle Lite Select Jar 6139,Whiskas,51.59,pcs,Y,2026-10-05 06:00:00
PRD05141,CAT99,MTR Foods Gold  Pouch 6140,Vim,89.8,1L,N,2026-10-05 06:00:00
PRD05142,CAT18,Ariel Ultra Natural Box 6141,MTR,106.03,500g,Y,2026-10-05 06:00:00
PRD05143,CAT44,Nivea Premium Select Bottle 6142,Tata,34.47,500g,Y,2026-10-05 06:00:00
PRD05144,CAT35,Amul Premium  Pouch 6143,Nestle,26.52,pcs,Y,2026-10-05 06:00:00
PRD05145,CAT27,MTR Foods Ultra  Box 6144,Dabur,110.45,250g,N,2026-10-05 06:00:00
PRD05146,CAT05,Pedigree Ultra  Item 6145,MDH,12.32,pcs,Y,2026-10-05 06:00:00
PRD05147,CAT07,Himalaya Organic Select Jar 6146,Saffola,54.31,500g,Y,2026-10-05 06:00:00
PRD05148,CAT10,A2B Ultra Select Bottle 6147,Coca-Cola,10.67,1L,Y,2026-10-05 06:00:00
PRD05149,CAT10,Gillette Organic  Box 6148,Pampers,95.47,500g,Y,2026-10-05 06:00:00
PRD05150,CAT28,Ananda Organic Fresh Pack 6149,Nivea,29.01,pcs,Y,2026-10-05 06:00:00
PRD05151,CAT36,Amul Ultra Natural Bottle 6150,Lay's,114.63,250g,Y,2026-10-05 06:00:00
PRD05152,CAT10,A2B Regular Extra Carton 6151,Weikfield,56.96,pcs,Y,2026-10-05 06:00:00
PRD05153,CAT35,Rin Regular  Pouch 6152,Lay's,12.17,pcs,Y,2026-10-05 06:00:00
PRD05154,CAT35,Rin Ultra Natural Pack 6153,Surf Excel,131.92,1L,Y,2026-10-05 06:00:00
PRD05155,CAT37,Dabur Premium Select Pack 6154,Aashirvaad,147.84,pcs,Y,2026-10-05 06:00:00
PRD05156,CAT20,Mother Dairy Regular Fresh Carton 6155,Sunfeast,80.97,pcs,Y,2026-10-05 06:00:00
PRD05157,CAT13,Bisleri Organic  Carton 6156,Pedigree,18.44,250g,Y,2026-10-05 06:00:00
PRD05158,CAT11,Marico Gold Select Box 6157,Catch,27.79,bottle,Y,2026-10-05 06:00:00
PRD05159,CAT19,Frooti Ultra  Item 6158,Gillette,41.72,1L,Y,2026-10-05 06:00:00
PRD05160,CAT28,Bisleri Regular Natural Pack 6159,Mother Dairy,19.43,pcs,Y,2026-10-05 06:00:00
PRD05161,CAT38,Tata Premium Select Pack 6160,Tata,167.86,pcs,Y,2026-10-05 06:00:00
PRD05162,CAT04,Sunpure Gold  Pack 6161,Thirumala,41.67,1L,Y,2026-10-05 06:00:00
PRD05163,CAT37,Lay's Ultra  Carton 6162,Vim,3.21,500g,Y,2026-10-05 06:00:00
PRD05164,CAT19,Sudha Family Pack Select Bottle 6163,Everest,49.67,pcs,Y,2026-10-05 06:00:00
PRD05165,CAT37,Frooti Family Pack Fresh Bottle 6164,Rasna,26.75,250g,Y,2026-10-05 06:00:00
PRD05166,CAT14,Maggi Regular  Bottle 6165,Patanjali,34.21,pcs,Y,2026-10-05 06:00:00
PRD05167,CAT31,Nestle Classic  Pack 6166,Pepsi,26.27,pcs,N,2026-10-05 06:00:00
PRD05168,CAT28,ITC Classic  Box 6167,Parle,75.67,pcs,Y,2026-10-05 06:00:00
PRD05169,CAT36,Safal Ultra Select Item 6168,Everest,100.26,250g,Y,2026-10-05 06:00:00
PRD05170,CAT44,Amul Premium  Bottle 6169,Mother Dairy,47.22,pcs,Y,2026-10-05 06:00:00
PRD05171,CAT38,Ariel Organic Extra Jar 6170,Thirumala,26.97,pcs,Y,2026-10-05 06:00:00
PRD05172,CAT19,Gillette Gold Daily Carton 6171,Rasna,35.26,pcs,Y,2026-10-05 06:00:00
PRD05173,CAT42,Dove Gold Natural Bottle 6172,Nestle,37.25,bottle,Y,2026-10-05 06:00:00
PRD05174,CAT01,Ananda Premium Fresh Bottle 6173,Sunfeast,17.78,500g,Y,2026-10-05 06:00:00
PRD05175,CAT23,Maggi Organic Fresh Carton 6174,A2B,61.62,pcs,Y,2026-10-05 06:00:00
PRD05176,CAT28,Coca-Cola Organic  Pack 6175,Rin,55.37,250g,Y,2026-10-05 06:00:00
PRD05177,CAT04,Catch Classic  Item 6176,MDH,146.41,pcs,Y,2026-10-05 06:00:00
PRD05178,CAT41,Patanjali Ultra Daily Jar 6177,Weikfield,113.27,500g,Y,2026-10-05 06:00:00
PRD05179,CAT18,Saffola Family Pack Natural Pack 6178,Maggi,19.74,1L,Y,2026-10-05 06:00:00
PRD05180,CAT39,Vim Regular Select Carton 6179,Thirumala,76.57,1L,N,2026-10-05 06:00:00
PRD05181,CAT25,Saffola Premium Extra Pouch 6180,Harpic,15.55,pcs,Y,2026-10-05 06:00:00
PRD05182,CAT18,Sunfeast Gold Natural Box 6181,Rin,68.47,pack,Y,2026-10-05 06:00:00
PRD05183,CAT06,Whiskas Gold Fresh Pack 6182,Rasna,22.99,500g,N,2026-10-05 06:00:00
PRD05184,CAT19,Surf Excel Lite Natural Box 6183,Godrej,14.57,dozen,Y,2026-10-05 06:00:00
PRD05185,CAT12,MTR Ultra  Item 6184,Maggi,47.09,250g,Y,2026-10-05 06:00:00
PRD05186,CAT25,Rasna Organic Fresh Box 6185,Dove,3.3,dozen,Y,2026-10-05 06:00:00
PRD05187,CAT35,MTR Foods Regular Fresh Jar 6186,Rasna,7.57,500g,Y,2026-10-05 06:00:00
PRD05188,CAT01,Clinic Plus Regular  Carton 6187,Colgate,31.19,pcs,Y,2026-10-05 06:00:00
PRD05189,CAT05,Dabur Classic  Pack 6188,Lay's,39.42,250g,Y,2026-10-05 06:00:00
PRD05190,CAT01,Dabur Gold Extra Box 6189,Maggi,26.25,250g,Y,2026-10-05 06:00:00
PRD05191,CAT08,Oleev Family Pack  Bottle 6190,Pepsi,8.83,pack,Y,2026-10-05 06:00:00
PRD05192,CAT39,Rin Organic Daily Pack 6191,Whiskas,17.53,pcs,Y,2026-10-05 06:00:00
PRD05193,CAT43,Weikfield Ultra  Bottle 6192,Gillette,52.04,500g,N,2026-10-05 06:00:00
PRD05194,CAT18,Coca-Cola Premium Daily Carton 6193,Pedigree,61.78,pack,Y,2026-10-05 06:00:00
PRD05195,CAT09,Thirumala Organic  Carton 6194,Himalaya,36.07,kilo,Y,2026-10-05 06:00:00
PRD05196,CAT05,Aashirvaad Family Pack Natural Jar 6195,Whiskas,103.66,pcs,Y,2026-10-05 06:00:00
PRD05197,CAT04,Amul Premium  Pouch 6196,Everest,52.33,250g,Y,2026-10-05 06:00:00
PRD05198,CAT44,Ananda Organic Daily Carton 6197,Mother Dairy,18.68,1L,Y,2026-10-05 06:00:00
PRD05199,CAT29,Britannia Ultra Natural Jar 6198,Oleev,28.43,pcs,Y,2026-10-05 06:00:00
PRD05200,CAT01,Marico Lite  Bottle 6199,Oleev,10.35,kg,N,2026-10-05 06:00:00
PRD05201,CAT30,Nivea Lite Natural Jar 6200,Sunfeast,33.2,500g,Y,2026-10-05 06:00:00
PRD05202,CAT01,Pampers Gold Fresh Pouch 6201,Bisleri,99.57,250g,N,2026-10-05 06:00:00
PRD05203,CAT03,Fresho Lite Natural Carton 6202,Frooti,67.81,bottle,Y,2026-10-05 06:00:00
PRD05204,CAT22,Fortune Ultra  Item 6203,Thirumala,129.26,pcs,N,2026-10-05 06:00:00
PRD05205,CAT08,Sunpure Classic  Jar 6204,Rasna,27.87,pack,Y,2026-10-05 06:00:00
PRD05206,CAT18,A2B Organic Extra Bottle 6205,Marico,122.91,250g,Y,2026-10-05 06:00:00
PRD05207,CAT25,Whiskas Ultra  Carton 6206,Huggies,30.75,pack,Y,2026-10-05 06:00:00
PRD05208,CAT20,Vim Regular  Box 6207,Maggi,137.61,500g,Y,2026-10-05 06:00:00
PRD05209,CAT31,Godrej Ultra Natural Box 6208,Clinic Plus,35.89,pcs,Y,2026-10-05 06:00:00
PRD05210,CAT30,Godrej Organic  Carton 6209,Dabur,69.17,250g,Y,2026-10-05 06:00:00
PRD05211,CAT16,Pampers Lite Natural Jar 6210,Everest,138.05,500g,Y,2026-10-05 06:00:00
PRD05212,CAT02,Aashirvaad Family Pack Daily Bottle 6211,MTR Foods,30.75,500g,Y,2026-10-05 06:00:00
PRD05213,CAT17,MDH Classic  Jar 6212,Mother Dairy,44.55,500g,Y,2026-10-05 06:00:00
PRD05214,CAT10,Rasna Regular Daily Jar 6213,MDH,116.74,500g,Y,2026-10-05 06:00:00
PRD05215,CAT07,Nivea Classic  Pouch 6214,Licious,32.47,1L,Y,2026-10-05 06:00:00
PRD05216,CAT42,Clinic Plus Ultra Select Carton 6215,Nestle,11.15,250g,Y,2026-10-05 06:00:00
PRD05217,CAT09,Lakme Organic  Carton 6216,Close-Up,251.82,250g,Y,2026-10-05 06:00:00
PRD05218,CAT17,Frooti Premium Fresh Box 6217,Licious,23.98,250g,Y,2026-10-05 06:00:00
PRD05219,CAT09,Close-Up Gold Extra Item 6218,Ananda,42.22,pack,Y,2026-10-05 06:00:00
PRD05220,CAT09,ITC Family Pack  Box 6219,Weikfield,103.59,pcs,Y,2026-10-05 06:00:00
PRD05221,CAT37,Gowardhan Lite  Carton 6220,Himalaya,21.17,pack,Y,2026-10-05 06:00:00
PRD05222,CAT24,Dove Organic Fresh Pack 6221,Coca-Cola,14.77,500g,Y,2026-10-05 06:00:00
PRD05223,CAT39,ITC Gold Daily Carton 6222,Patanjali,45.99,500g,Y,2026-10-05 06:00:00
PRD05224,CAT11,Johnson's Lite Extra Pack 6223,Catch,7.29,500g,Y,2026-10-05 06:00:00
PRD05225,CAT08,Pedigree Lite Daily Pouch 6224,Gowardhan,28.24,500g,Y,2026-10-05 06:00:00
PRD05226,CAT25,Ananda Classic  Item 6225,Harpic,45.63,pcs,Y,2026-10-05 06:00:00
PRD05227,CAT02,MTR Foods Family Pack  Bottle 6226,Fortune,28.7,pcs,Y,2026-10-05 06:00:00
PRD05228,CAT10,Safal Gold Daily Pack 6227,Clinic Plus,9.12,pcs,Y,2026-10-05 06:00:00
PRD05229,CAT24,Pedigree Premium Daily Pack 6228,Safal,153.66,500g,Y,2026-10-05 06:00:00
PRD05230,CAT16,Lay's Classic  Carton 6229,Close-Up,40.17,pcs,Y,2026-10-05 06:00:00
PRD05231,CAT19,Surf Excel Premium  Pack 6230,MTR,132.69,pcs,Y,2026-10-05 06:00:00
PRD05232,CAT31,Pepsi Premium  Item 6231,Sunpure,28.96,pcs,Y,2026-10-05 06:00:00
PRD05233,CAT11,Frooti Organic Extra Bottle 6232,Gowardhan,16.58,pcs,Y,2026-10-05 06:00:00
PRD05234,CAT06,Gowardhan Classic  Item 6233,Surf Excel,46.63,bottle,Y,2026-10-05 06:00:00
PRD05235,CAT06,Whiskas Family Pack Select Item 6234,Clinic Plus,30.14,250g,Y,2026-10-05 06:00:00
PRD05236,CAT32,Amul Classic Fresh Pack 6235,Johnson's,12.68,kg,Y,2026-10-05 06:00:00
PRD05237,CAT39,MTR Organic  Box 6236,Oleev,137.39,1L,Y,2026-10-05 06:00:00
PRD05238,CAT13,Tata Lite Fresh Box 6237,Patanjali,20.9,pack,Y,2026-10-05 06:00:00
PRD05239,CAT03,MTR Foods Lite  Pouch 6238,Rin,6.98,1L,Y,2026-10-05 06:00:00
PRD05240,CAT41,Whiskas Premium Extra Box 6239,Dettol,120.95,500g,Y,2026-10-05 06:00:00
PRD05241,CAT35,Dettol Gold Daily Box 6240,Heritage,23.25,500g,Y,2026-10-05 06:00:00
PRD05242,CAT38,Colgate Organic Natural Carton 6241,Oleev,21.18,pcs,Y,2026-10-05 06:00:00
PRD05243,CAT17,Rasna Classic  Item 6242,Johnson's,7.47,1L,Y,2026-10-05 06:00:00
PRD05244,CAT03,Dabur Premium Extra Carton 6243,Pedigree,175.36,bottle,Y,2026-10-05 06:00:00
PRD05245,CAT34,Saffola Organic  Item 6244,Parle,11.47,250g,Y,2026-10-05 06:00:00
PRD05246,CAT12,MTR Ultra Natural Jar 6245,Ariel,38.58,500g,Y,2026-10-05 06:00:00
PRD05247,CAT24,Ariel Organic Extra Carton 6246,Coca-Cola,83.21,kg,Y,2026-10-05 06:00:00
PRD05248,CAT06,Aashirvaad Regular  Jar 6247,Whiskas,53.49,dozen,Y,2026-10-05 06:00:00
PRD05249,CAT42,Britannia Organic Select Jar 6248,Fortune,34.69,500g,Y,2026-10-05 06:00:00
PRD05250,CAT11,Gowardhan Organic Fresh Item 6249,Pepsi,7.91,bottle,Y,2026-10-05 06:00:00
PRD05251,CAT27,Aashirvaad Premium Select Box 6250,MTR,17.66,pcs,Y,2026-10-05 06:00:00
PRD05252,CAT24,Colgate Classic  Jar 6251,Oleev,43.34,pcs,Y,2026-10-05 06:00:00
PRD05253,CAT18,Thirumala Lite Fresh Item 6252,Huggies,18.02,pcs,Y,2026-10-05 06:00:00
PRD05254,CAT27,Sudha Family Pack Natural Item 6253,Coca-Cola,43.95,250g,Y,2026-10-05 06:00:00
PRD05255,CAT41,Bisleri Ultra Extra Item 6254,A2B,67.6,pcs,Y,2026-10-05 06:00:00
PRD05256,CAT21,Pedigree Premium Natural Carton 6255,Heritage,87.03,pcs,Y,2026-10-05 06:00:00
PRD05257,CAT34,Johnson's Lite Select Bottle 6256,Himalaya,12.14,pcs,Y,2026-10-05 06:00:00
PRD05258,CAT33,Johnson's Lite Fresh Pouch 6257,Thirumala,264.27,pcs,Y,2026-10-05 06:00:00
PRD05259,CAT18,Lay's Organic Select Pack 6258,Amul,73.02,500g,Y,2026-10-05 06:00:00
PRD05260,CAT03,Gowardhan Family Pack  Pouch 6259,Godrej,36.54,pcs,Y,2026-10-05 06:00:00
PRD05261,CAT24,Fortune Organic  Bottle 6260,Lakme,97.57,500g,N,2026-10-05 06:00:00
PRD05262,CAT01,Pedigree Family Pack  Box 6261,Sunpure,307.62,pcs,Y,2026-10-05 06:00:00
PRD05263,CAT06,Nestle Regular Select Pack 6262,Mother Dairy,10.03,pcs,Y,2026-10-05 06:00:00
PRD05264,CAT19,MTR Family Pack  Pouch 6263,Bisleri,29.88,pack,Y,2026-10-05 06:00:00
PRD05265,CAT22,Clinic Plus Organic  Jar 6264,Fresho,4.3,dozen,Y,2026-10-05 06:00:00
PRD05266,CAT43,Nivea Lite  Item 6265,Weikfield,43.53,500g,Y,2026-10-05 06:00:00
PRD05267,CAT08,Dove Gold Select Jar 6266,Safal,50.85,pcs,Y,2026-10-05 06:00:00
PRD05268,CAT05,Saffola Regular Extra Carton 6267,Ananda,35.33,kg,Y,2026-10-05 06:00:00
PRD05269,CAT09,Marico Gold Select Item 6268,A2B,20.31,500g,Y,2026-10-05 06:00:00
PRD05270,CAT21,Colgate Classic  Carton 6269,Weikfield,5.79,250g,Y,2026-10-05 06:00:00
PRD05271,CAT28,Fresho Regular  Item 6270,Fortune,51.22,500g,Y,2026-10-05 06:00:00
PRD05272,CAT04,Ananda Family Pack Natural Box 6271,Surf Excel,135.62,pcs,Y,2026-10-05 06:00:00
PRD05273,CAT24,Whiskas Regular  Bottle 6272,Clinic Plus,21.5,1L,Y,2026-10-05 06:00:00
PRD05274,CAT08,Gillette Family Pack Fresh Jar 6273,Patanjali,54.38,1L,Y,2026-10-05 06:00:00
PRD05275,CAT17,Dove Gold Extra Box 6274,Whiskas,8.92,500g,Y,2026-10-05 06:00:00
PRD05276,CAT34,Gowardhan Gold  Item 6275,MTR Foods,55.23,pcs,Y,2026-10-05 06:00:00
PRD05277,CAT20,Pampers Gold Fresh Item 6276,Harpic,25.69,pack,Y,2026-10-05 06:00:00
PRD05278,CAT16,Nivea Organic  Bottle 6277,ITC,18.43,pcs,Y,2026-10-05 06:00:00
PRD05279,CAT10,ITC Gold  Pack 6278,Pepsi,18.46,1L,Y,2026-10-05 06:00:00
PRD05280,CAT34,Nivea Family Pack Natural Pouch 6279,Nestle,25.68,500g,Y,2026-10-05 06:00:00
PRD05281,CAT43,Ariel Classic Extra Item 6280,Oleev,51.63,500g,N,2026-10-05 06:00:00
PRD05282,CAT10,Sudha Ultra Natural Box 6281,Rin,11.24,pcs,Y,2026-10-05 06:00:00
PRD05283,CAT30,Safal Gold  Carton 6282,Parle,25.6,1L,Y,2026-10-05 06:00:00
PRD05284,CAT30,Johnson's Regular Fresh Box 6283,Harpic,35.26,pcs,Y,2026-10-05 06:00:00
PRD05285,CAT25,Gillette Premium Natural Bottle 6284,Sudha,13.61,500g,Y,2026-10-05 06:00:00
PRD05286,CAT43,Oleev Gold  Carton 6285,Dettol,184.38,pcs,Y,2026-10-05 06:00:00
PRD05287,CAT41,Huggies Gold  Carton 6286,Pepsi,16.98,dozen,Y,2026-10-05 06:00:00
PRD05288,CAT07,A2B Regular Extra Carton 6287,Colgate,20.04,dozen,Y,2026-10-05 06:00:00
PRD05289,CAT20,Amul Premium  Item 6288,Licious,15.17,250g,Y,2026-10-05 06:00:00
PRD05290,CAT17,Marico Organic Daily Jar 6289,Patanjali,184.68,dozen,Y,2026-10-05 06:00:00
PRD05291,CAT03,Fresho Regular Select Box 6290,Lay's,60.2,pcs,Y,2026-10-05 06:00:00
PRD05292,CAT40,Tata Family Pack  Pack 6291,Marico,15.75,dozen,Y,2026-10-05 06:00:00
PRD05293,CAT36,Heritage Gold Fresh Carton 6292,Sunfeast,99.05,pcs,Y,2026-10-05 06:00:00
PRD05294,CAT26,A2B Family Pack  Pouch 6293,Clinic Plus,43.84,500g,Y,2026-10-05 06:00:00
PRD05295,CAT10,Coca-Cola Regular Fresh Item 6294,Catch,46.13,pcs,Y,2026-10-05 06:00:00
PRD05296,CAT34,Tata Classic Extra Pouch 6295,Fresho,26.84,kg,Y,2026-10-05 06:00:00
PRD05297,CAT14,MTR Foods Gold  Jar 6296,Close-Up,18.64,1L,Y,2026-10-05 06:00:00
PRD05298,CAT08,Godrej Family Pack Daily Item 6297,Sudha,49.6,1L,Y,2026-10-05 06:00:00
PRD05299,CAT27,Maggi Organic  Bottle 6298,A2B,22.41,dozen,Y,2026-10-05 06:00:00
PRD05300,CAT10,Pampers Regular  Bottle 6299,Lay's,187.74,1L,Y,2026-10-05 06:00:00
PRD05301,CAT15,Aashirvaad Premium Natural Pouch 6300,Himalaya,11.68,1L,Y,2026-10-05 06:00:00
PRD05302,CAT37,MTR Foods Premium  Item 6301,Himalaya,145.84,pcs,Y,2026-10-05 06:00:00
PRD05303,CAT22,Huggies Regular  Pouch 6302,Rasna,33.11,pack,Y,2026-10-05 06:00:00
PRD05304,CAT31,Pepsi Family Pack  Carton 6303,Sunfeast,47.9,dozen,Y,2026-10-05 06:00:00
PRD05305,CAT02,Weikfield Classic Natural Pack 6304,Safal,77.47,dozen,Y,2026-10-05 06:00:00
PRD05306,CAT31,Vim Classic  Jar 6305,Rasna,20.75,pcs,Y,2026-10-05 06:00:00
PRD05307,CAT14,MTR Lite Extra Item 6306,Marico,79.66,pcs,Y,2026-10-05 06:00:00
PRD05308,CAT10,Heritage Gold Daily Item 6307,Safal,3.2,500g,Y,2026-10-05 06:00:00
PRD05309,CAT30,Britannia Family Pack  Carton 6308,Gillette,19.14,pcs,Y,2026-10-05 06:00:00
PRD05310,CAT36,Vim Regular  Item 6309,Colgate,15.93,pcs,Y,2026-10-05 06:00:00
PRD05311,CAT40,Close-Up Ultra  Pouch 6310,Tata,11.84,1L,Y,2026-10-05 06:00:00
PRD05312,CAT15,Huggies Ultra Natural Jar 6311,Whiskas,30.16,pack,Y,2026-10-05 06:00:00
PRD05313,CAT14,Himalaya Lite  Carton 6312,Everest,51.79,kg,Y,2026-10-05 06:00:00
PRD05314,CAT31,Huggies Family Pack Select Pouch 6313,Amul,68.88,pcs,Y,2026-10-05 06:00:00
PRD05315,CAT29,Johnson's Lite Select Box 6314,Dabur,45.46,pcs,Y,2026-10-05 06:00:00
PRD05316,CAT27,Maggi Ultra Fresh Bottle 6315,Britannia,20.1,pcs,Y,2026-10-05 06:00:00
PRD05317,CAT21,Oleev Classic Select Carton 6316,Pepsi,51.01,500g,Y,2026-10-05 06:00:00
PRD05318,CAT09,Catch Classic  Bottle 6317,Rin,40.93,500g,Y,2026-10-05 06:00:00
PRD05319,CAT20,Dabur Ultra  Pack 6318,Sunpure,84.98,500g,Y,2026-10-05 06:00:00
PRD05320,CAT35,Fresho Classic  Box 6319,Close-Up,73.64,kg,Y,2026-10-05 06:00:00
PRD05321,CAT15,Haldiram's Premium  Box 6320,Marico,37.62,500g,Y,2026-10-05 06:00:00
PRD05322,CAT24,Oleev Organic Daily Jar 6321,Johnson's,16.32,1L,Y,2026-10-05 06:00:00
PRD05323,CAT16,Pepsi Classic Extra Box 6322,Nestle,20.34,250g,Y,2026-10-05 06:00:00
PRD05324,CAT36,Patanjali Regular Extra Box 6323,Haldiram's,22.31,250g,Y,2026-10-05 06:00:00
PRD05325,CAT11,Pedigree Lite Natural Carton 6324,Haldiram's,27.56,1L,Y,2026-10-05 06:00:00
PRD05326,CAT08,Safal Gold Select Pouch 6325,Marico,46.58,bottle,Y,2026-10-05 06:00:00
PRD05327,CAT03,Tata Organic Fresh Pouch 6326,Close-Up,69.66,1L,Y,2026-10-05 06:00:00
PRD05328,CAT19,Vim Premium Select Bottle 6327,Sudha,34.95,bottle,Y,2026-10-05 06:00:00
PRD05329,CAT41,Dabur Lite Fresh Box 6328,A2B,37.13,pcs,Y,2026-10-05 06:00:00
PRD05330,CAT03,Pampers Lite Fresh Pack 6329,Frooti,41.64,pcs,Y,2026-10-05 06:00:00
PRD05331,CAT36,Parle Lite Select Carton 6330,Patanjali,23.0,pack,Y,2026-10-05 06:00:00
PRD05332,CAT25,Safal Ultra Select Pack 6331,Rin,15.91,500g,Y,2026-10-05 06:00:00
PRD05333,CAT36,Pampers Premium Natural Box 6332,Pampers,7.54,1L,Y,2026-10-05 06:00:00
PRD05334,CAT11,Tata Family Pack Extra Box 6333,Oleev,19.58,250g,Y,2026-10-05 06:00:00
PRD05335,CAT16,MDH Premium Select Box 6334,Maggi,56.03,pcs,Y,2026-10-05 06:00:00
PRD05336,CAT17,Rin Regular Natural Item 6335,Catch,19.44,500g,Y,2026-10-05 06:00:00
PRD05337,CAT42,MTR Organic  Pack 6336,Thirumala,29.55,bottle,Y,2026-10-05 06:00:00
PRD05338,CAT24,Huggies Gold  Pouch 6337,Gillette,55.69,bottle,Y,2026-10-05 06:00:00
PRD05339,CAT17,Britannia Regular Natural Item 6338,Safal,58.48,250g,Y,2026-10-05 06:00:00
PRD05340,CAT20,Britannia Family Pack Fresh Jar 6339,A2B,13.85,250g,Y,2026-10-05 06:00:00
PRD05341,CAT22,Nestle Classic Daily Item 6340,Dettol,89.78,bottle,Y,2026-10-05 06:00:00
PRD05342,CAT06,Dove Classic Extra Carton 6341,Lay's,100.95,250g,Y,2026-10-05 06:00:00
PRD05343,CAT07,Whiskas Organic  Pouch 6342,Gowardhan,13.24,pcs,Y,2026-10-05 06:00:00
PRD05344,CAT14,Rasna Premium  Box 6343,Saffola,17.44,pcs,N,2026-10-05 06:00:00
PRD05345,CAT11,Sudha Ultra Extra Jar 6344,Frooti,106.91,500g,Y,2026-10-05 06:00:00
PRD05346,CAT12,Gowardhan Premium  Pack 6345,Whiskas,32.07,pcs,Y,2026-10-05 06:00:00
PRD05347,CAT05,Marico Premium Select Jar 6346,Coca-Cola,4.96,pcs,Y,2026-10-05 06:00:00
PRD05348,CAT05,Lakme Regular Daily Box 6347,Huggies,10.38,kg,Y,2026-10-05 06:00:00
PRD05349,CAT20,Heritage Ultra  Jar 6348,Maggi,29.24,250g,Y,2026-10-05 06:00:00
PRD05350,CAT15,Pepsi Premium  Jar 6349,Harpic,12.85,pack,Y,2026-10-05 06:00:00
PRD05351,CAT26,Maggi Gold Extra Box 6350,Harpic,25.23,1L,Y,2026-10-05 06:00:00
PRD05352,CAT33,Ananda Regular  Item 6351,Pedigree,37.68,500g,Y,2026-10-05 06:00:00
PRD05353,CAT30,Coca-Cola Organic  Item 6352,Himalaya,136.46,pcs,Y,2026-10-05 06:00:00
PRD05354,CAT24,Parle Classic Natural Pack 6353,Colgate,28.18,kg,Y,2026-10-05 06:00:00
PRD05355,CAT23,A2B Gold Natural Carton 6354,Oleev,96.09,pcs,Y,2026-10-05 06:00:00
PRD05356,CAT09,MTR Foods Ultra Extra Jar 6355,MTR Foods,132.41,1L,Y,2026-10-05 06:00:00
PRD05357,CAT03,Licious Regular  Bottle 6356,Gowardhan,133.07,pcs,Y,2026-10-05 06:00:00
PRD05358,CAT36,Himalaya Premium Extra Item 6357,Aashirvaad,47.29,pcs,Y,2026-10-05 06:00:00
PRD05359,CAT07,Saffola Family Pack Daily Carton 6358,Everest,6.25,pcs,Y,2026-10-05 06:00:00
PRD05360,CAT22,Maggi Family Pack  Box 6359,Rin,55.41,1L,Y,2026-10-05 06:00:00
PRD05361,CAT14,MDH Regular  Pack 6360,Sunpure,94.02,bottle,Y,2026-10-05 06:00:00
PRD05362,CAT29,Weikfield Classic  Item 6361,Dettol,34.02,1L,Y,2026-10-05 06:00:00
PRD05363,CAT16,Bisleri Ultra Daily Box 6362,Gowardhan,175.94,1L,Y,2026-10-05 06:00:00
PRD05364,CAT34,Oleev Premium Daily Jar 6363,Huggies,79.35,bottle,N,2026-10-05 06:00:00
PRD05365,CAT10,Fresho Classic  Box 6364,Fortune,61.03,250g,Y,2026-10-05 06:00:00
PRD05366,CAT07,Sunfeast Gold  Pack 6365,Thirumala,97.29,bottle,Y,2026-10-05 06:00:00
PRD05367,CAT25,Vim Premium Fresh Item 6366,Everest,49.4,500g,Y,2026-10-05 06:00:00
PRD05368,CAT27,Aashirvaad Ultra  Pack 6367,Tata,3.88,bottle,Y,2026-10-05 06:00:00
PRD05369,CAT15,MTR Foods Regular  Pouch 6368,Patanjali,23.35,1L,Y,2026-10-05 06:00:00
PRD05370,CAT32,Sunfeast Regular Daily Box 6369,A2B,107.5,pcs,Y,2026-10-05 06:00:00
PRD05371,CAT28,Rasna Regular  Item 6370,Saffola,17.69,pcs,Y,2026-10-05 06:00:00
PRD05372,CAT09,MTR Organic  Item 6371,Godrej,29.93,pcs,Y,2026-10-05 06:00:00
PRD05373,CAT07,Tata Organic Extra Pouch 6372,Parle,14.29,kilo,Y,2026-10-05 06:00:00
PRD05374,CAT16,Huggies Premium  Bottle 6373,Mother Dairy,182.28,pack,Y,2026-10-05 06:00:00
PRD05375,CAT26,Huggies Organic  Item 6374,Bisleri,166.23,250g,Y,2026-10-05 06:00:00
PRD05376,CAT35,Pampers Organic Extra Bottle 6375,Maggi,16.52,kg,Y,2026-10-05 06:00:00
PRD05377,CAT17,Godrej Premium Daily Bottle 6376,Nestle,41.79,1L,Y,2026-10-05 06:00:00
PRD05378,CAT23,Whiskas Ultra  Jar 6377,Weikfield,19.84,250g,Y,2026-10-05 06:00:00
PRD05379,CAT08,Licious Lite Daily Pouch 6378,Fortune,63.65,pcs,Y,2026-10-05 06:00:00
PRD05380,CAT02,Sunpure Ultra Fresh Pouch 6379,Pampers,57.9,250g,Y,2026-10-05 06:00:00
PRD05381,CAT31,Frooti Regular Daily Item 6380,MTR,75.98,250g,Y,2026-10-05 06:00:00
PRD05382,CAT32,Amul Organic Extra Bottle 6381,Everest,49.34,pack,Y,2026-10-05 06:00:00
PRD05383,CAT29,Gowardhan Gold Natural Box 6382,Heritage,513.82,500g,Y,2026-10-05 06:00:00
PRD05384,CAT03,Amul Lite  Jar 6383,Ananda,14.51,1L,Y,2026-10-05 06:00:00
PRD05385,CAT08,Sunfeast Premium  Bottle 6384,Thirumala,7.85,pcs,Y,2026-10-05 06:00:00
PRD05386,CAT02,Patanjali Organic Natural Box 6385,Ariel,25.69,250g,Y,2026-10-05 06:00:00
PRD05387,CAT31,Maggi Organic  Box 6386,Patanjali,8.92,pack,Y,2026-10-05 06:00:00
PRD05388,CAT37,Harpic Family Pack Fresh Pack 6387,Huggies,9.55,1L,Y,2026-10-05 06:00:00
PRD05389,CAT20,Ariel Premium  Jar 6388,Huggies,14.86,pcs,Y,2026-10-05 06:00:00
PRD05390,CAT29,Huggies Gold Daily Carton 6389,Dove,15.96,pcs,Y,2026-10-05 06:00:00
PRD05391,CAT17,Fortune Ultra Natural Carton 6390,ITC,15.5,500g,Y,2026-10-05 06:00:00
PRD05392,CAT10,Harpic Classic  Jar 6391,Haldiram's,58.35,250g,Y,2026-10-05 06:00:00
PRD05393,CAT41,Ananda Premium  Jar 6392,ITC,23.21,pcs,N,2026-10-05 06:00:00
PRD05394,CAT22,Fresho Organic  Box 6393,Ananda,31.14,pack,Y,2026-10-05 06:00:00
PRD05395,CAT06,Mother Dairy Premium Select Pouch 6394,Nestle,81.84,500g,Y,2026-10-05 06:00:00
PRD05396,CAT43,Godrej Lite  Pack 6395,Gillette,18.36,pcs,Y,2026-10-05 06:00:00
PRD05397,CAT34,Licious Classic  Bottle 6396,Godrej,28.84,pack,Y,2026-10-05 06:00:00
PRD05398,CAT31,Bisleri Family Pack Daily Carton 6397,Amul,50.87,1L,Y,2026-10-05 06:00:00
PRD05399,CAT12,Maggi Premium Fresh Jar 6398,Maggi,6.38,pack,Y,2026-10-05 06:00:00
PRD05400,CAT12,Haldiram's Family Pack Natural Carton 6399,Dabur,4.28,pcs,Y,2026-10-05 06:00:00
PRD05401,CAT16,Licious Family Pack Natural Carton 6400,Johnson's,49.97,pcs,Y,2026-10-05 06:00:00
PRD05402,CAT25,Huggies Gold  Pack 6401,Huggies,56.99,pcs,Y,2026-10-05 06:00:00
PRD05403,CAT22,Ariel Organic Fresh Pack 6402,Fresho,234.58,pcs,Y,2026-10-05 06:00:00
PRD05404,CAT27,Bisleri Premium Daily Carton 6403,Clinic Plus,42.19,pack,Y,2026-10-05 06:00:00
PRD05405,CAT24,Mother Dairy Organic  Carton 6404,Close-Up,76.54,pcs,Y,2026-10-05 06:00:00
PRD05406,CAT12,Amul Gold Extra Box 6405,Sunfeast,30.69,dozen,Y,2026-10-05 06:00:00
PRD05407,CAT18,Sunfeast Gold  Box 6406,Oleev,47.82,250g,Y,2026-10-05 06:00:00
PRD05408,CAT16,Clinic Plus Family Pack  Jar 6407,Vim,164.11,1L,Y,2026-10-05 06:00:00
PRD05409,CAT04,Nivea Gold  Bottle 6408,Safal,5.41,dozen,Y,2026-10-05 06:00:00
PRD05410,CAT12,Surf Excel Classic Natural Carton 6409,Lay's,53.1,pcs,Y,2026-10-05 06:00:00
PRD05411,CAT33,Coca-Cola Lite  Pack 6410,Gowardhan,250.14,pcs,Y,2026-10-05 06:00:00
PRD05412,CAT22,Dabur Organic  Item 6411,Johnson's,47.17,250g,Y,2026-10-05 06:00:00
PRD05413,CAT18,MTR Foods Gold  Box 6412,Bisleri,161.66,pcs,Y,2026-10-05 06:00:00
PRD05414,CAT33,Safal Classic Extra Jar 6413,Bisleri,20.77,dozen,Y,2026-10-05 06:00:00
PRD05415,CAT27,Amul Regular  Bottle 6414,Frooti,35.56,dozen,Y,2026-10-05 06:00:00
PRD05416,CAT42,Harpic Classic Select Pack 6415,Dabur,37.72,kg,N,2026-10-05 06:00:00
PRD05417,CAT19,Pampers Regular Natural Pouch 6416,Godrej,4.97,kg,Y,2026-10-05 06:00:00
PRD05418,CAT14,Johnson's Classic Natural Pouch 6417,Lakme,12.79,1L,Y,2026-10-05 06:00:00
PRD05419,CAT25,Everest Family Pack Extra Pack 6418,Tata,13.64,250g,Y,2026-10-05 06:00:00
PRD05420,CAT34,MDH Classic Select Pouch 6419,Sunfeast,76.7,pcs,Y,2026-10-05 06:00:00
PRD05421,CAT24,Pedigree Premium  Carton 6420,Pampers,80.23,250g,Y,2026-10-05 06:00:00
PRD05422,CAT38,Oleev Regular Daily Bottle 6421,Coca-Cola,48.99,pcs,Y,2026-10-05 06:00:00
PRD05423,CAT23,Pampers Lite  Pouch 6422,Pepsi,76.84,pack,Y,2026-10-05 06:00:00
PRD05424,CAT05,Gowardhan Gold Extra Pack 6423,Maggi,31.57,dozen,Y,2026-10-05 06:00:00
PRD05425,CAT44,Sudha Ultra Natural Box 6424,Fortune,107.96,pcs,Y,2026-10-05 06:00:00
PRD05426,CAT36,A2B Premium  Pouch 6425,Frooti,36.89,pcs,Y,2026-10-05 06:00:00
PRD05427,CAT24,Maggi Gold Extra Pack 6426,Huggies,38.55,500g,Y,2026-10-05 06:00:00
PRD05428,CAT36,Amul Premium  Pouch 6427,Aashirvaad,28.82,pack,Y,2026-10-05 06:00:00
PRD05429,CAT05,Patanjali Ultra  Jar 6428,Himalaya,67.76,250g,Y,2026-10-05 06:00:00
PRD05430,CAT39,Thirumala Lite  Jar 6429,Coca-Cola,25.05,250g,Y,2026-10-05 06:00:00
PRD05431,CAT06,Lay's Premium Fresh Item 6430,Maggi,88.13,pack,Y,2026-10-05 06:00:00
PRD05432,CAT36,ITC Ultra Extra Box 6431,Pampers,13.21,pcs,Y,2026-10-05 06:00:00
PRD05433,CAT04,MTR Foods Lite  Jar 6432,Oleev,13.61,1L,Y,2026-10-05 06:00:00
PRD05434,CAT10,A2B Classic  Bottle 6433,Dettol,67.94,1L,Y,2026-10-05 06:00:00
PRD05435,CAT01,MTR Lite  Jar 6434,Dabur,33.79,pcs,Y,2026-10-05 06:00:00
PRD05436,CAT21,Maggi Premium  Item 6435,Licious,24.32,500g,Y,2026-10-05 06:00:00
PRD05437,CAT40,Marico Lite  Box 6436,Pepsi,81.54,pack,Y,2026-10-05 06:00:00
PRD05438,CAT39,MDH Gold Daily Carton 6437,Maggi,21.19,dozen,Y,2026-10-05 06:00:00
PRD05439,CAT37,Maggi Gold Extra Bottle 6438,MTR Foods,30.56,1L,Y,2026-10-05 06:00:00
PRD05440,CAT03,Sunfeast Gold  Pack 6439,Vim,128.93,kg,Y,2026-10-05 06:00:00
PRD05441,CAT31,MTR Lite  Carton 6440,Dabur,146.24,pcs,N,2026-10-05 06:00:00
PRD05442,CAT27,Saffola Gold  Bottle 6441,Colgate,150.68,dozen,Y,2026-10-05 06:00:00
PRD05443,CAT17,Haldiram's Premium Select Box 6442,Sudha,28.39,pcs,N,2026-10-05 06:00:00
PRD05444,CAT23,Bisleri Lite  Jar 6443,Dabur,110.79,500g,Y,2026-10-05 06:00:00
PRD05445,CAT13,Heritage Premium Natural Jar 6444,Dettol,15.58,pcs,Y,2026-10-05 06:00:00
PRD05446,CAT27,Ananda Lite Extra Bottle 6445,Bisleri,16.18,pack,Y,2026-10-05 06:00:00
PRD05447,CAT20,Clinic Plus Regular Select Pouch 6446,Rin,4.41,pcs,Y,2026-10-05 06:00:00
PRD05448,CAT13,Harpic Lite  Carton 6447,Rin,164.94,pcs,Y,2026-10-05 06:00:00
PRD05449,CAT44,Aashirvaad Premium  Pouch 6448,Haldiram's,16.82,500g,Y,2026-10-05 06:00:00
PRD05450,CAT24,Dove Organic  Bottle 6449,Maggi,32.66,pcs,Y,2026-10-05 06:00:00
PRD05451,CAT41,Colgate Organic  Carton 6450,MTR,16.13,pcs,N,2026-10-05 06:00:00
PRD05452,CAT03,Coca-Cola Lite  Carton 6451,MTR Foods,68.42,1L,Y,2026-10-05 06:00:00
PRD05453,CAT43,Nestle Ultra Daily Carton 6452,Himalaya,26.1,pcs,Y,2026-10-05 06:00:00
PRD05454,CAT10,Everest Ultra  Pouch 6453,Ariel,11.31,pcs,Y,2026-10-05 06:00:00
PRD05455,CAT01,Gowardhan Organic  Pack 6454,Close-Up,54.46,pcs,Y,2026-10-05 06:00:00
PRD05456,CAT13,Huggies Classic Daily Item 6455,Nivea,10.07,pcs,Y,2026-10-05 06:00:00
PRD05457,CAT14,Dettol Family Pack  Pouch 6456,Fortune,17.22,500g,Y,2026-10-05 06:00:00
PRD05458,CAT33,Tata Regular Select Pouch 6457,Thirumala,5.49,250g,Y,2026-10-05 06:00:00
PRD05459,CAT02,Licious Regular Select Carton 6458,Gillette,10.16,500g,Y,2026-10-05 06:00:00
PRD05460,CAT02,Safal Organic Extra Carton 6459,Ananda,42.98,pcs,Y,2026-10-05 06:00:00
PRD05461,CAT39,Licious Premium Select Pack 6460,MDH,6.25,1L,Y,2026-10-05 06:00:00
PRD05462,CAT41,Frooti Organic  Item 6461,Everest,9.65,1L,Y,2026-10-05 06:00:00
PRD05463,CAT31,Huggies Organic Natural Box 6462,MDH,36.52,500g,Y,2026-10-05 06:00:00
PRD05464,CAT04,Tata Ultra Fresh Carton 6463,Rin,22.44,pcs,Y,2026-10-05 06:00:00
PRD05465,CAT34,Saffola Ultra Fresh Jar 6464,Licious,219.83,pcs,Y,2026-10-05 06:00:00
PRD05466,CAT19,Britannia Family Pack Select Bottle 6465,Sudha,190.66,pcs,Y,2026-10-05 06:00:00
PRD05467,CAT37,Dabur Ultra Daily Jar 6466,Pedigree,16.76,pcs,N,2026-10-05 06:00:00
PRD05468,CAT09,Fortune Organic Natural Item 6467,Maggi,60.43,pcs,Y,2026-10-05 06:00:00
PRD05469,CAT24,Colgate Organic  Bottle 6468,Pampers,71.83,500g,Y,2026-10-05 06:00:00
PRD05470,CAT13,Dabur Gold  Bottle 6469,Dove,21.38,1L,Y,2026-10-05 06:00:00
PRD05471,CAT44,Maggi Organic  Item 6470,Huggies,9.53,kg,Y,2026-10-05 06:00:00
PRD05472,CAT30,Himalaya Gold Fresh Pack 6471,Patanjali,36.2,1L,Y,2026-10-05 06:00:00
PRD05473,CAT19,Ananda Organic  Carton 6472,Catch,31.33,1L,Y,2026-10-05 06:00:00
PRD05474,CAT41,Everest Regular Natural Box 6473,Oleev,24.72,500g,Y,2026-10-05 06:00:00
PRD05475,CAT10,Rasna Gold  Jar 6474,Saffola,54.49,pcs,Y,2026-10-05 06:00:00
PRD05476,CAT42,Whiskas Premium Extra Pouch 6475,Maggi,18.62,500g,Y,2026-10-05 06:00:00
PRD05477,CAT44,Rasna Classic Select Pack 6476,Himalaya,12.98,1L,Y,2026-10-05 06:00:00
PRD05478,CAT14,Marico Lite Fresh Carton 6477,Sunfeast,40.37,250g,Y,2026-10-05 06:00:00
PRD05479,CAT40,MDH Classic Select Box 6478,Licious,51.8,pack,Y,2026-10-05 06:00:00
PRD05480,CAT20,Fortune Lite Natural Carton 6479,Marico,12.69,pcs,Y,2026-10-05 06:00:00
PRD05481,CAT04,Mother Dairy Gold Fresh Bottle 6480,Vim,84.38,pcs,Y,2026-10-05 06:00:00
PRD05482,CAT38,Pepsi Regular  Box 6481,Mother Dairy,7.44,1L,Y,2026-10-05 06:00:00
PRD05483,CAT44,Pampers Lite Daily Pack 6482,Bisleri,21.75,1L,Y,2026-10-05 06:00:00
PRD05484,CAT39,Godrej Lite  Carton 6483,Ariel,29.01,pcs,Y,2026-10-05 06:00:00
PRD05485,CAT05,Frooti Lite  Item 6484,Lakme,20.64,1L,Y,2026-10-05 06:00:00
PRD05486,CAT42,MDH Regular Extra Bottle 6485,Gowardhan,22.01,pcs,Y,2026-10-05 06:00:00
PRD05487,CAT32,Nestle Regular Fresh Box 6486,Pampers,197.15,1L,Y,2026-10-05 06:00:00
PRD05488,CAT06,A2B Family Pack Select Jar 6487,Thirumala,17.02,pcs,Y,2026-10-05 06:00:00
PRD05489,CAT14,Huggies Ultra Extra Box 6488,Aashirvaad,329.34,1L,Y,2026-10-05 06:00:00
PRD05490,CAT06,Ananda Family Pack Select Pouch 6489,Harpic,54.24,250g,Y,2026-10-05 06:00:00
PRD05491,CAT14,MDH Ultra Natural Pack 6490,Sunfeast,39.76,dozen,Y,2026-10-05 06:00:00
PRD05492,CAT12,MTR Lite Select Box 6491,Gowardhan,56.18,bottle,Y,2026-10-05 06:00:00
PRD05493,CAT27,Huggies Family Pack Fresh Bottle 6492,Amul,356.71,500g,Y,2026-10-05 06:00:00
PRD05494,CAT26,Gowardhan Organic  Bottle 6493,Haldiram's,14.97,500g,Y,2026-10-05 06:00:00
PRD05495,CAT12,Patanjali Ultra  Item 6494,Heritage,13.35,500g,Y,2026-10-05 06:00:00
PRD05496,CAT08,Pepsi Regular Fresh Box 6495,Tata,18.55,pcs,Y,2026-10-05 06:00:00
PRD05497,CAT10,Nestle Premium Natural Carton 6496,Fresho,37.67,pcs,Y,2026-10-05 06:00:00
PRD05498,CAT16,Lakme Ultra  Carton 6497,Vim,7.74,pcs,Y,2026-10-05 06:00:00
PRD05499,CAT26,Haldiram's Gold Select Pouch 6498,Everest,37.34,250g,Y,2026-10-05 06:00:00
PRD05500,CAT08,Lay's Regular Natural Pouch 6499,Safal,168.04,500g,Y,2026-10-05 06:00:00
PRD05501,CAT41,Gowardhan Organic Fresh Carton 6500,Patanjali,41.94,pcs,Y,2026-10-05 06:00:00
PRD05502,CAT29,Rin Gold  Carton 6501,Whiskas,28.12,250g,Y,2026-10-05 06:00:00
PRD05503,CAT20,Mother Dairy Premium Extra Carton 6502,Tata,20.98,1L,N,2026-10-05 06:00:00
PRD05504,CAT17,ITC Gold Daily Box 6503,MTR Foods,82.16,250g,Y,2026-10-05 06:00:00
PRD05505,CAT19,Oleev Classic Fresh Pack 6504,Coca-Cola,17.4,1L,Y,2026-10-05 06:00:00
PRD05506,CAT17,Gowardhan Classic Fresh Item 6505,Nivea,192.82,pcs,N,2026-10-05 06:00:00
PRD05507,CAT39,Weikfield Ultra Daily Pack 6506,Gillette,208.52,pcs,Y,2026-10-05 06:00:00
PRD05508,CAT01,Ananda Gold Select Carton 6507,Tata,46.11,pack,Y,2026-10-05 06:00:00
PRD05509,CAT29,Surf Excel Ultra Natural Box 6508,Amul,36.22,pcs,Y,2026-10-05 06:00:00
PRD05510,CAT14,Patanjali Premium Extra Pouch 6509,Bisleri,92.54,500g,Y,2026-10-05 06:00:00
PRD05511,CAT17,Dettol Lite Extra Pack 6510,Whiskas,98.03,500g,Y,2026-10-05 06:00:00
PRD05512,CAT13,Harpic Premium  Pouch 6511,Godrej,17.72,kg,Y,2026-10-05 06:00:00
PRD05513,CAT29,MTR Foods Classic Extra Pouch 6512,Dettol,22.78,1L,Y,2026-10-05 06:00:00
PRD05514,CAT34,Heritage Regular  Pack 6513,MTR Foods,11.13,1L,Y,2026-10-05 06:00:00
PRD05515,CAT27,Surf Excel Classic Natural Jar 6514,Aashirvaad,52.89,pcs,Y,2026-10-05 06:00:00
PRD05516,CAT33,Johnson's Family Pack  Pouch 6515,Harpic,66.68,kg,Y,2026-10-05 06:00:00
PRD05517,CAT29,ITC Regular  Pack 6516,Gowardhan,10.86,1L,Y,2026-10-05 06:00:00
PRD05518,CAT37,MTR Ultra  Bottle 6517,Surf Excel,24.3,pcs,Y,2026-10-05 06:00:00
PRD05519,CAT39,Licious Family Pack Fresh Box 6518,Pedigree,10.89,1L,Y,2026-10-05 06:00:00
PRD05520,CAT19,Sunpure Family Pack  Item 6519,Marico,16.3,500g,N,2026-10-05 06:00:00
PRD05521,CAT24,Gillette Lite  Carton 6520,Tata,60.09,pcs,Y,2026-10-05 06:00:00
PRD05522,CAT14,MTR Foods Premium Select Carton 6521,Pepsi,18.91,500g,Y,2026-10-05 06:00:00
PRD05523,CAT37,Haldiram's Gold Daily Bottle 6522,Fresho,27.92,250g,Y,2026-10-05 06:00:00
PRD05524,CAT05,Clinic Plus Family Pack  Pouch 6523,Close-Up,8.46,500g,Y,2026-10-05 06:00:00
PRD05525,CAT24,Vim Organic Natural Bottle 6524,Coca-Cola,43.31,1L,Y,2026-10-05 06:00:00
PRD05526,CAT34,Dabur Lite Extra Item 6525,Huggies,35.17,1L,Y,2026-10-05 06:00:00
PRD05527,CAT31,Surf Excel Ultra  Jar 6526,Rasna,18.99,250g,Y,2026-10-05 06:00:00
PRD05528,CAT30,Heritage Premium Natural Carton 6527,Safal,30.87,500g,Y,2026-10-05 06:00:00
PRD05529,CAT09,Lay's Family Pack  Item 6528,Heritage,43.05,500g,Y,2026-10-05 06:00:00
PRD05530,CAT27,MTR Regular  Item 6529,Johnson's,17.58,pcs,Y,2026-10-05 06:00:00
PRD05531,CAT28,Nestle Gold Extra Carton 6530,Frooti,9.69,pcs,Y,2026-10-05 06:00:00
PRD05532,CAT42,Rasna Gold  Item 6531,Haldiram's,185.86,kg,Y,2026-10-05 06:00:00
PRD05533,CAT26,Colgate Gold Natural Bottle 6532,Amul,20.7,pack,Y,2026-10-05 06:00:00
PRD05534,CAT18,Weikfield Lite  Bottle 6533,Oleev,33.55,pcs,Y,2026-10-05 06:00:00
PRD05535,CAT36,Nestle Ultra Daily Pouch 6534,Tata,90.9,500g,Y,2026-10-05 06:00:00
PRD05536,CAT08,Frooti Classic Daily Carton 6535,Johnson's,876.69,kg,N,2026-10-05 06:00:00
PRD05537,CAT18,Bisleri Classic Extra Pack 6536,Surf Excel,11.94,pcs,Y,2026-10-05 06:00:00
PRD05538,CAT20,Safal Premium Daily Item 6537,Gowardhan,54.86,500g,Y,2026-10-05 06:00:00
PRD05539,CAT32,Dabur Organic Natural Box 6538,Vim,19.36,pcs,N,2026-10-05 06:00:00
PRD05540,CAT29,MDH Gold Select Pack 6539,Sudha,22.54,1L,Y,2026-10-05 06:00:00
PRD05541,CAT18,Safal Premium  Pouch 6540,Ariel,19.14,kg,Y,2026-10-05 06:00:00
PRD05542,CAT07,Catch Family Pack Daily Box 6541,Johnson's,13.29,bottle,Y,2026-10-05 06:00:00
PRD05543,CAT01,Maggi Regular Natural Carton 6542,Johnson's,35.26,500g,Y,2026-10-05 06:00:00
PRD05544,CAT28,Fresho Lite Daily Pack 6543,Weikfield,9.71,1L,Y,2026-10-05 06:00:00
PRD05545,CAT33,Coca-Cola Gold Extra Pack 6544,Marico,85.81,1L,Y,2026-10-05 06:00:00
PRD05546,CAT04,Frooti Lite  Item 6545,MDH,38.46,pcs,Y,2026-10-05 06:00:00
PRD05547,CAT20,Himalaya Regular Extra Jar 6546,Tata,53.53,pcs,Y,2026-10-05 06:00:00
PRD05548,CAT36,Frooti Lite Natural Pack 6547,Dabur,24.06,dozen,Y,2026-10-05 06:00:00
PRD05549,CAT31,Maggi Lite Select Bottle 6548,Ariel,26.3,pcs,Y,2026-10-05 06:00:00
PRD05550,CAT38,Dove Regular  Bottle 6549,Frooti,47.41,500g,Y,2026-10-05 06:00:00
PRD05551,CAT28,Bisleri Classic  Pouch 6550,Gowardhan,12.84,500g,Y,2026-10-05 06:00:00
PRD05552,CAT03,Clinic Plus Premium  Bottle 6551,Britannia,26.52,dozen,Y,2026-10-05 06:00:00
PRD05553,CAT06,Nivea Family Pack  Carton 6552,Sunpure,16.88,250g,Y,2026-10-05 06:00:00
PRD05554,CAT23,Whiskas Gold Daily Bottle 6553,Gillette,16.42,1L,Y,2026-10-05 06:00:00
PRD05555,CAT07,Britannia Classic  Bottle 6554,Nivea,5.48,500g,Y,2026-10-05 06:00:00
PRD05556,CAT36,Surf Excel Gold Select Item 6555,Amul,122.17,250g,Y,2026-10-05 06:00:00
PRD05557,CAT01,Sunfeast Lite  Jar 6556,Coca-Cola,19.73,1L,Y,2026-10-05 06:00:00
PRD05558,CAT06,Dove Family Pack Select Jar 6557,Nestle,104.28,bottle,Y,2026-10-05 06:00:00
PRD05559,CAT24,Saffola Ultra Fresh Carton 6558,Aashirvaad,95.77,500g,Y,2026-10-05 06:00:00
PRD05560,CAT37,Bisleri Family Pack Daily Box 6559,A2B,11.5,500g,Y,2026-10-05 06:00:00
PRD05561,CAT36,Rin Ultra  Pack 6560,Haldiram's,13.74,pack,Y,2026-10-05 06:00:00
PRD05562,CAT24,Patanjali Lite  Pack 6561,MDH,366.67,pack,Y,2026-10-05 06:00:00
PRD05563,CAT38,Coca-Cola Premium  Carton 6562,Dabur,176.94,pcs,Y,2026-10-05 06:00:00
PRD05564,CAT29,Nivea Ultra Fresh Pack 6563,Everest,35.57,pcs,Y,2026-10-05 06:00:00
PRD05565,CAT37,Sunfeast Gold  Pack 6564,Sunfeast,46.14,kg,Y,2026-10-05 06:00:00
PRD05566,CAT32,Catch Regular Select Item 6565,Catch,20.74,500g,Y,2026-10-05 06:00:00
PRD05567,CAT25,Gowardhan Gold Natural Pack 6566,Close-Up,54.01,500g,Y,2026-10-05 06:00:00
PRD05568,CAT10,MTR Premium Select Pack 6567,Pampers,19.19,pcs,Y,2026-10-05 06:00:00
PRD05569,CAT35,Thirumala Family Pack Daily Item 6568,Ariel,5.88,500g,Y,2026-10-05 06:00:00
PRD05570,CAT25,Sunpure Classic  Box 6569,Marico,11.14,250g,Y,2026-10-05 06:00:00
PRD05571,CAT27,Bisleri Family Pack Fresh Item 6570,Pampers,37.3,500g,Y,2026-10-05 06:00:00
PRD05572,CAT32,Heritage Lite  Bottle 6571,Frooti,13.22,pcs,Y,2026-10-05 06:00:00
PRD05573,CAT12,Weikfield Regular Daily Carton 6572,Dabur,34.45,pcs,Y,2026-10-05 06:00:00
PRD05574,CAT04,Johnson's Ultra  Jar 6573,Thirumala,13.91,kg,Y,2026-10-05 06:00:00
PRD05575,CAT42,Johnson's Regular  Item 6574,Harpic,18.1,bottle,Y,2026-10-05 06:00:00
PRD05576,CAT26,Licious Classic Daily Carton 6575,Aashirvaad,78.87,pack,Y,2026-10-05 06:00:00
PRD05577,CAT03,Gowardhan Gold Select Jar 6576,Fresho,45.73,250g,Y,2026-10-05 06:00:00
PRD05578,CAT17,Tata Ultra Select Pack 6577,Rin,36.28,500g,Y,2026-10-05 06:00:00
PRD05579,CAT09,Huggies Family Pack Natural Bottle 6578,Surf Excel,80.73,bottle,Y,2026-10-05 06:00:00
PRD05580,CAT29,Aashirvaad Regular Fresh Carton 6579,Surf Excel,56.4,pack,Y,2026-10-05 06:00:00
PRD05581,CAT01,Close-Up Premium Natural Box 6580,Thirumala,134.55,pack,Y,2026-10-05 06:00:00
PRD05582,CAT18,Godrej Classic  Jar 6581,Harpic,24.19,pcs,Y,2026-10-05 06:00:00
PRD05583,CAT41,Weikfield Classic Natural Item 6582,Himalaya,24.86,500g,Y,2026-10-05 06:00:00
PRD05584,CAT20,Vim Ultra  Item 6583,Nivea,11.35,250g,Y,2026-10-05 06:00:00
PRD05585,CAT41,Huggies Regular Natural Bottle 6584,Sunfeast,24.88,500g,Y,2026-10-05 06:00:00
PRD05586,CAT34,ITC Premium  Pouch 6585,Johnson's,87.21,500g,Y,2026-10-05 06:00:00
PRD05587,CAT28,Catch Organic Daily Pouch 6586,MTR Foods,117.92,1L,Y,2026-10-05 06:00:00
PRD05588,CAT35,Parle Family Pack Extra Box 6587,Gillette,86.86,500g,Y,2026-10-05 06:00:00
PRD05589,CAT16,Sudha Gold  Bottle 6588,Frooti,7.28,pack,Y,2026-10-05 06:00:00
PRD05590,CAT21,Sudha Premium  Item 6589,Tata,97.01,pcs,Y,2026-10-05 06:00:00
PRD05591,CAT13,Godrej Gold Select Pack 6590,Clinic Plus,7.0,250g,N,2026-10-05 06:00:00
PRD05592,CAT35,Weikfield Premium  Pouch 6591,Ananda,82.13,pcs,N,2026-10-05 06:00:00
PRD05593,CAT42,A2B Family Pack  Pack 6592,MTR Foods,26.28,kg,Y,2026-10-05 06:00:00
PRD05594,CAT32,Catch Classic  Box 6593,Nivea,68.87,pcs,Y,2026-10-05 06:00:00
PRD05595,CAT38,Aashirvaad Lite Daily Carton 6594,Aashirvaad,11.03,pack,Y,2026-10-05 06:00:00
PRD05596,CAT06,MDH Organic Select Bottle 6595,Britannia,105.01,500g,Y,2026-10-05 06:00:00
PRD05597,CAT38,Pampers Family Pack Select Item 6596,Haldiram's,9.79,pcs,Y,2026-10-05 06:00:00
PRD05598,CAT38,Huggies Family Pack Daily Item 6597,Vim,20.05,1L,N,2026-10-05 06:00:00
PRD05599,CAT13,Coca-Cola Organic Extra Bottle 6598,Haldiram's,14.91,bottle,Y,2026-10-05 06:00:00
PRD05600,CAT39,Fortune Classic  Pack 6599,Haldiram's,7.55,pcs,Y,2026-10-05 06:00:00
PRD05601,CAT13,Rin Organic  Bottle 6600,Pedigree,39.85,pcs,Y,2026-10-05 06:00:00
PRD05602,CAT12,Haldiram's Family Pack Select Box 6601,Rin,185.95,500g,Y,2026-10-05 06:00:00
PRD05603,CAT33,Mother Dairy Lite Fresh Pack 6602,Weikfield,403.52,pcs,Y,2026-10-05 06:00:00
PRD05604,CAT28,Surf Excel Classic Select Box 6603,MTR Foods,39.94,kg,Y,2026-10-05 06:00:00
PRD05605,CAT03,Colgate Lite  Pouch 6604,Sunpure,99.98,500g,Y,2026-10-05 06:00:00
PRD05606,CAT18,Rasna Regular  Pack 6605,Dabur,45.1,1L,Y,2026-10-05 06:00:00
PRD05607,CAT26,Surf Excel Gold  Pack 6606,Harpic,57.34,pcs,Y,2026-10-05 06:00:00
PRD05608,CAT40,Surf Excel Classic Natural Carton 6607,Lay's,26.9,pcs,Y,2026-10-05 06:00:00
PRD05609,CAT02,Nestle Regular Extra Carton 6608,Vim,43.62,pcs,Y,2026-10-05 06:00:00
PRD05610,CAT04,Gowardhan Ultra Fresh Pouch 6609,Tata,59.37,500g,Y,2026-10-05 06:00:00
PRD05611,CAT28,Marico Family Pack Fresh Bottle 6610,Safal,21.75,500g,Y,2026-10-05 06:00:00
PRD05612,CAT28,Amul Premium  Pack 6611,Gillette,34.13,pcs,Y,2026-10-05 06:00:00
PRD05613,CAT25,Dettol Family Pack Select Box 6612,Haldiram's,34.72,pack,Y,2026-10-05 06:00:00
PRD05614,CAT26,Colgate Organic Extra Bottle 6613,Colgate,77.0,500g,Y,2026-10-05 06:00:00
PRD05615,CAT02,Colgate Family Pack Extra Box 6614,Everest,-14.02,pcs,Y,2026-10-05 06:00:00
PRD05616,CAT42,Licious Classic Select Carton 6615,Colgate,34.94,pcs,Y,2026-10-05 06:00:00
PRD05617,CAT34,Dabur Organic Natural Bottle 6616,Dove,204.55,pcs,Y,2026-10-05 06:00:00
PRD05618,CAT30,Frooti Premium Fresh Carton 6617,Maggi,104.34,pcs,Y,2026-10-05 06:00:00
PRD05619,CAT21,Haldiram's Premium  Bottle 6618,Vim,123.26,500g,Y,2026-10-05 06:00:00
PRD05620,CAT44,Mother Dairy Regular Natural Jar 6619,Dabur,37.41,bottle,Y,2026-10-05 06:00:00
PRD05621,CAT37,Fortune Family Pack Daily Item 6620,Close-Up,48.86,bottle,Y,2026-10-05 06:00:00
PRD05622,CAT44,Ariel Organic Fresh Pouch 6621,Nivea,90.2,pack,Y,2026-10-05 06:00:00
PRD05623,CAT23,Vim Gold Extra Bottle 6622,Oleev,149.04,pcs,Y,2026-10-05 06:00:00
PRD05624,CAT33,Dove Classic Natural Pack 6623,Patanjali,6.32,pcs,Y,2026-10-05 06:00:00
PRD05625,CAT02,Huggies Organic Daily Box 6624,Haldiram's,11.2,dozen,Y,2026-10-05 06:00:00
PRD05626,CAT27,Patanjali Premium Natural Pouch 6625,Huggies,118.93,250g,Y,2026-10-05 06:00:00
PRD05627,CAT22,Clinic Plus Premium  Box 6626,Thirumala,28.53,pcs,Y,2026-10-05 06:00:00
PRD05628,CAT34,Sunfeast Classic  Pouch 6627,Frooti,19.99,pcs,Y,2026-10-05 06:00:00
PRD05629,CAT16,Coca-Cola Family Pack Select Jar 6628,MTR,11.84,500g,Y,2026-10-05 06:00:00
PRD05630,CAT20,Patanjali Organic Fresh Pack 6629,Surf Excel,22.21,1L,Y,2026-10-05 06:00:00
PRD05631,CAT26,Dove Regular Fresh Pouch 6630,Fortune,10.36,bottle,Y,2026-10-05 06:00:00
PRD05632,CAT16,Lakme Regular Select Box 6631,Ananda,240.32,pcs,N,2026-10-05 06:00:00
PRD05633,CAT06,Himalaya Organic Select Pack 6632,Marico,35.87,pcs,Y,2026-10-05 06:00:00
PRD05634,CAT44,Colgate Regular Fresh Carton 6633,Dove,34.74,500g,Y,2026-10-05 06:00:00
PRD05635,CAT23,Fresho Ultra Daily Box 6634,Sunfeast,62.13,pcs,Y,2026-10-05 06:00:00
PRD05636,CAT42,MDH Ultra  Carton 6635,Gowardhan,87.02,1L,Y,2026-10-05 06:00:00
PRD05637,CAT37,Fresho Ultra  Bottle 6636,Close-Up,85.74,250g,Y,2026-10-05 06:00:00
PRD05638,CAT08,Huggies Lite Daily Carton 6637,MDH,96.18,pcs,Y,2026-10-05 06:00:00
PRD05639,CAT06,MDH Ultra Fresh Pouch 6638,Rin,20.74,250g,Y,2026-10-05 06:00:00
PRD05640,CAT37,Rin Ultra Daily Pouch 6639,Sunfeast,27.99,pcs,Y,2026-10-05 06:00:00
PRD05641,CAT22,Licious Ultra Select Box 6640,Lay's,73.12,1L,Y,2026-10-05 06:00:00
PRD05642,CAT06,Nestle Gold  Pack 6641,Maggi,22.77,1L,Y,2026-10-05 06:00:00
PRD05643,CAT32,Tata Regular Select Pack 6642,Saffola,36.43,pcs,Y,2026-10-05 06:00:00
PRD05644,CAT17,Nivea Family Pack Daily Pouch 6643,Dabur,52.4,1L,Y,2026-10-05 06:00:00
PRD05645,CAT38,Weikfield Ultra  Pack 6644,Gillette,74.19,500g,Y,2026-10-05 06:00:00
PRD05646,CAT17,Coca-Cola Classic  Carton 6645,Saffola,7.39,pcs,Y,2026-10-05 06:00:00
PRD05647,CAT37,Huggies Family Pack  Item 6646,Ananda,69.64,pcs,Y,2026-10-05 06:00:00
PRD05648,CAT23,Frooti Gold  Carton 6647,Frooti,29.66,pcs,Y,2026-10-05 06:00:00
PRD05649,CAT13,Close-Up Premium Extra Box 6648,Marico,69.18,250g,Y,2026-10-05 06:00:00
PRD05650,CAT32,Colgate Regular Daily Box 6649,Amul,73.64,pcs,Y,2026-10-05 06:00:00
PRD05651,CAT22,Marico Organic Natural Box 6650,Amul,155.57,250g,Y,2026-10-05 06:00:00
PRD05652,CAT07,Close-Up Gold  Item 6651,Huggies,123.73,bottle,Y,2026-10-05 06:00:00
PRD05653,CAT22,Mother Dairy Premium  Box 6652,Lakme,122.97,500g,Y,2026-10-05 06:00:00
PRD05654,CAT21,ITC Organic Fresh Bottle 6653,ITC,134.2,pcs,Y,2026-10-05 06:00:00
PRD05655,CAT06,Aashirvaad Gold Daily Pouch 6654,Johnson's,47.57,pcs,Y,2026-10-05 06:00:00
PRD05656,CAT14,Tata Premium  Jar 6655,Close-Up,37.67,pcs,Y,2026-10-05 06:00:00
PRD05657,CAT16,A2B Regular  Pack 6656,Thirumala,80.28,pcs,Y,2026-10-05 06:00:00
PRD05658,CAT03,Oleev Classic Daily Jar 6657,Amul,70.73,250g,Y,2026-10-05 06:00:00
PRD05659,CAT09,A2B Family Pack Natural Carton 6658,Catch,27.71,pcs,Y,2026-10-05 06:00:00
PRD05660,CAT21,Bisleri Regular Select Pack 6659,Sudha,52.69,1L,Y,2026-10-05 06:00:00
PRD05661,CAT30,Haldiram's Regular Extra Item 6660,Johnson's,35.46,pcs,Y,2026-10-05 06:00:00
PRD05662,CAT30,Johnson's Organic  Pouch 6661,Licious,16.97,pcs,Y,2026-10-05 06:00:00
PRD05663,CAT42,Lakme Lite  Box 6662,Maggi,116.91,pcs,Y,2026-10-05 06:00:00
PRD05664,CAT42,MDH Regular Fresh Pack 6663,Haldiram's,38.46,pcs,Y,2026-10-05 06:00:00
PRD05665,CAT32,Godrej Regular Select Bottle 6664,A2B,231.33,pcs,Y,2026-10-05 06:00:00
PRD05666,CAT23,Fortune Classic  Pack 6665,Vim,8.47,1L,Y,2026-10-05 06:00:00
PRD05667,CAT03,Pampers Regular  Pack 6666,Bisleri,22.17,1L,Y,2026-10-05 06:00:00
PRD05668,CAT01,Himalaya Gold Daily Carton 6667,Sudha,0.0,pcs,Y,2026-10-05 06:00:00
PRD05669,CAT99,Dettol Gold  Item 6668,Lay's,101.86,250g,N,2026-10-05 06:00:00
PRD05670,CAT37,Sunpure Lite Daily Box 6669,A2B,52.43,pcs,Y,2026-10-05 06:00:00
PRD05671,CAT07,Clinic Plus Ultra  Box 6670,Catch,48.4,pcs,Y,2026-10-05 06:00:00
PRD05672,CAT03,Dettol Lite  Item 6671,Britannia,13.27,pack,Y,2026-10-05 06:00:00
PRD05673,CAT36,Colgate Lite Extra Jar 6672,Nestle,12.92,bottle,Y,2026-10-05 06:00:00
PRD05674,CAT03,Ariel Organic Select Carton 6673,Thirumala,48.92,pack,Y,2026-10-05 06:00:00
PRD05675,CAT04,Heritage Premium  Pouch 6674,Huggies,10.72,pcs,Y,2026-10-05 06:00:00
PRD05676,CAT31,Ananda Regular  Pouch 6675,A2B,22.68,dozen,Y,2026-10-05 06:00:00
PRD05677,CAT02,A2B Ultra Select Carton 6676,Close-Up,57.44,250g,Y,2026-10-05 06:00:00
PRD05678,CAT14,Ariel Premium  Carton 6677,Whiskas,15.12,500g,Y,2026-10-05 06:00:00
PRD05679,CAT37,MTR Foods Classic Extra Bottle 6678,Gillette,155.22,kg,Y,2026-10-05 06:00:00
PRD05680,CAT31,Licious Ultra  Bottle 6679,Weikfield,110.12,pack,Y,2026-10-05 06:00:00
PRD05681,CAT02,Godrej Lite  Box 6680,Pepsi,8.9,250g,N,2026-10-05 06:00:00
PRD05682,CAT31,Patanjali Regular  Pack 6681,Fresho,15.81,pack,Y,2026-10-05 06:00:00
PRD05683,CAT43,Fortune Regular  Pack 6682,Britannia,4.68,500g,Y,2026-10-05 06:00:00
PRD05684,CAT22,Coca-Cola Ultra Select Bottle 6683,Sunpure,18.1,250g,N,2026-10-05 06:00:00
PRD05685,CAT10,Haldiram's Gold Extra Carton 6684,Everest,72.95,pcs,Y,2026-10-05 06:00:00
PRD05686,CAT30,Haldiram's Gold Daily Pack 6685,Bisleri,25.22,dozen,Y,2026-10-05 06:00:00
PRD05687,CAT33,Maggi Gold Daily Item 6686,Patanjali,55.41,1L,Y,2026-10-05 06:00:00
PRD05688,CAT19,Maggi Premium  Box 6687,Pepsi,9.3,pack,Y,2026-10-05 06:00:00
PRD05689,CAT25,Bisleri Classic Daily Pack 6688,Sudha,75.05,500g,Y,2026-10-05 06:00:00
PRD05690,CAT01,Licious Premium Daily Item 6689,Bisleri,22.21,250g,Y,2026-10-05 06:00:00
PRD05691,CAT32,Fortune Lite Fresh Bottle 6690,Mother Dairy,37.0,500g,Y,2026-10-05 06:00:00
PRD05692,CAT25,Clinic Plus Family Pack  Jar 6691,Heritage,33.66,1L,Y,2026-10-05 06:00:00
PRD05693,CAT41,Frooti Classic Select Carton 6692,Surf Excel,11.65,250g,Y,2026-10-05 06:00:00
PRD05694,CAT17,Clinic Plus Regular  Bottle 6693,Saffola,12.96,pcs,Y,2026-10-05 06:00:00
PRD05695,CAT14,Sunpure Organic  Carton 6694,Saffola,87.45,500g,Y,2026-10-05 06:00:00
PRD05696,CAT13,Close-Up Regular Natural Pack 6695,Vim,52.41,500g,Y,2026-10-05 06:00:00
PRD05697,CAT38,Fresho Premium  Box 6696,Harpic,94.16,pcs,Y,2026-10-05 06:00:00
PRD05698,CAT39,MTR Foods Regular Daily Item 6697,Fortune,49.02,pcs,Y,2026-10-05 06:00:00
PRD05699,CAT02,Dove Gold Daily Jar 6698,Marico,41.62,pcs,Y,2026-10-05 06:00:00
PRD05700,CAT32,Ariel Ultra Extra Pack 6699,Johnson's,7.74,pcs,Y,2026-10-05 06:00:00
PRD05701,CAT32,Mother Dairy Premium Daily Box 6700,Surf Excel,28.69,pack,Y,2026-10-05 06:00:00
PRD05702,CAT99,MDH Gold  Pack 6701,Lay's,35.71,kg,Y,2026-10-05 06:00:00
PRD05703,CAT06,Pampers Ultra Extra Item 6702,Fortune,212.26,250g,Y,2026-10-05 06:00:00
PRD05704,CAT25,Sudha Premium  Bottle 6703,Sunpure,67.92,pcs,Y,2026-10-05 06:00:00
PRD05705,CAT03,MDH Gold  Jar 6704,ITC,145.83,250g,Y,2026-10-05 06:00:00
PRD05706,CAT18,Sudha Gold Fresh Item 6705,MDH,62.66,500g,Y,2026-10-05 06:00:00
PRD05707,CAT38,Licious Regular  Bottle 6706,Huggies,19.29,250g,Y,2026-10-05 06:00:00
PRD05708,CAT43,Heritage Organic Fresh Jar 6707,Marico,40.67,500g,Y,2026-10-05 06:00:00
PRD05709,CAT03,Licious Family Pack  Carton 6708,Frooti,45.27,pcs,Y,2026-10-05 06:00:00
PRD05710,CAT05,Safal Family Pack Extra Box 6709,Licious,15.72,250g,Y,2026-10-05 06:00:00
PRD05711,CAT24,Heritage Ultra Select Item 6710,Ananda,25.9,500g,Y,2026-10-05 06:00:00
PRD05712,CAT34,Lakme Gold Fresh Item 6711,Weikfield,30.41,bottle,Y,2026-10-05 06:00:00
PRD05713,CAT39,Gowardhan Regular Daily Pouch 6712,Rasna,155.25,250g,Y,2026-10-05 06:00:00
PRD05714,CAT24,A2B Family Pack  Carton 6713,Pampers,5.63,500g,Y,2026-10-05 06:00:00
PRD05715,CAT36,Rasna Family Pack  Box 6714,Nestle,108.34,250g,Y,2026-10-05 06:00:00
PRD05716,CAT28,Whiskas Classic  Pack 6715,Sunpure,15.75,500g,Y,2026-10-05 06:00:00
PRD05717,CAT34,Parle Premium Natural Bottle 6716,Haldiram's,10.65,pcs,Y,2026-10-05 06:00:00
PRD05718,CAT16,Bisleri Ultra Fresh Pouch 6717,Fortune,105.84,500g,Y,2026-10-05 06:00:00
PRD05719,CAT36,Catch Gold Daily Bottle 6718,Huggies,70.72,pcs,Y,2026-10-05 06:00:00
PRD05720,CAT07,Mother Dairy Lite Extra Pouch 6719,Nivea,113.19,pcs,Y,2026-10-05 06:00:00
PRD05721,CAT18,Oleev Classic  Item 6720,Johnson's,75.24,pcs,Y,2026-10-05 06:00:00
PRD05722,CAT06,Maggi Classic  Item 6721,Aashirvaad,233.66,pcs,Y,2026-10-05 06:00:00
PRD05723,CAT28,Surf Excel Family Pack  Pack 6722,Licious,60.51,pcs,Y,2026-10-05 06:00:00
PRD05724,CAT39,Frooti Regular Select Carton 6723,Everest,31.79,250g,Y,2026-10-05 06:00:00
PRD05725,CAT34,Safal Premium  Bottle 6724,Fortune,49.83,pcs,Y,2026-10-05 06:00:00
PRD05726,CAT41,Sunpure Premium Extra Box 6725,Dettol,112.07,500g,Y,2026-10-05 06:00:00
PRD05727,CAT29,Frooti Premium Daily Pouch 6726,Mother Dairy,18.15,500g,Y,2026-10-05 06:00:00
PRD05728,CAT04,Lay's Regular  Pouch 6727,Licious,20.35,pcs,Y,2026-10-05 06:00:00
PRD05729,CAT14,Lakme Ultra Natural Pack 6728,Johnson's,27.71,dozen,Y,2026-10-05 06:00:00
PRD05730,CAT05,Nivea Regular  Bottle 6729,Ariel,5.51,1L,Y,2026-10-05 06:00:00
PRD05731,CAT25,Harpic Gold  Pack 6730,ITC,41.44,pack,Y,2026-10-05 06:00:00
PRD05732,CAT39,Fresho Family Pack Select Jar 6731,Pampers,6.7,500g,Y,2026-10-05 06:00:00
PRD05733,CAT08,Godrej Lite Daily Pouch 6732,Gowardhan,38.39,250g,Y,2026-10-05 06:00:00
PRD05734,CAT15,Clinic Plus Gold  Item 6733,Haldiram's,79.74,dozen,Y,2026-10-05 06:00:00
PRD05735,CAT19,MTR Ultra  Pack 6734,A2B,23.83,pcs,Y,2026-10-05 06:00:00
PRD05736,CAT11,Surf Excel Organic  Bottle 6735,Close-Up,165.57,500g,Y,2026-10-05 06:00:00
PRD05737,CAT20,Rasna Regular Fresh Pouch 6736,Safal,9.83,500g,Y,2026-10-05 06:00:00
PRD05738,CAT36,Licious Organic Daily Pack 6737,Huggies,106.93,dozen,Y,2026-10-05 06:00:00
PRD05739,CAT18,Everest Premium Daily Pack 6738,Pedigree,67.2,pcs,Y,2026-10-05 06:00:00
PRD05740,CAT14,Himalaya Ultra Fresh Bottle 6739,Sunfeast,7.81,250g,Y,2026-10-05 06:00:00
PRD05741,CAT38,Licious Premium Fresh Pouch 6740,Mother Dairy,419.77,pcs,N,2026-10-05 06:00:00
PRD05742,CAT25,Thirumala Family Pack Natural Item 6741,Dove,34.56,kg,Y,2026-10-05 06:00:00
PRD05743,CAT16,ITC Family Pack  Carton 6742,Safal,16.61,1L,Y,2026-10-05 06:00:00
PRD05744,CAT18,Coca-Cola Premium Natural Pouch 6743,Fortune,10.32,pack,Y,2026-10-05 06:00:00
PRD05745,CAT01,Rasna Organic Natural Item 6744,ITC,30.02,bottle,Y,2026-10-05 06:00:00
PRD05746,CAT40,Lakme Regular Daily Carton 6745,Ariel,32.63,1L,Y,2026-10-05 06:00:00
PRD05747,CAT01,Rasna Family Pack Extra Box 6746,Dabur,40.14,250g,Y,2026-10-05 06:00:00
PRD05748,CAT01,Lakme Gold Select Bottle 6747,MTR,27.99,250g,Y,2026-10-05 06:00:00
PRD05749,CAT21,Marico Lite  Pouch 6748,Dabur,64.71,500g,Y,2026-10-05 06:00:00
PRD05750,CAT25,Everest Regular Select Pack 6749,Amul,25.82,500g,Y,2026-10-05 06:00:00
PRD05751,CAT27,ITC Gold Extra Bottle 6750,Everest,6.41,pcs,Y,2026-10-05 06:00:00
PRD05752,CAT10,Close-Up Regular  Pack 6751,Johnson's,31.99,500g,N,2026-10-05 06:00:00
PRD05753,CAT12,Safal Regular  Item 6752,Saffola,4.35,dozen,Y,2026-10-05 06:00:00
PRD05754,CAT28,Dettol Classic Select Box 6753,ITC,50.32,pcs,Y,2026-10-05 06:00:00
PRD05755,CAT32,Pampers Classic  Carton 6754,Everest,15.16,250g,Y,2026-10-05 06:00:00
PRD05756,CAT33,Nivea Gold  Jar 6755,Whiskas,42.39,pcs,Y,2026-10-05 06:00:00
PRD05757,CAT08,MTR Gold  Pouch 6756,Ariel,119.42,500g,Y,2026-10-05 06:00:00
PRD05758,CAT42,Himalaya Classic  Box 6757,Weikfield,15.58,pcs,Y,2026-10-05 06:00:00
PRD05759,CAT26,A2B Organic Daily Item 6758,Dove,95.12,500g,Y,2026-10-05 06:00:00
PRD05760,CAT42,Lay's Regular Natural Carton 6759,Godrej,24.78,pcs,Y,2026-10-05 06:00:00
PRD05761,CAT41,Weikfield Organic Daily Bottle 6760,Tata,177.31,1L,Y,2026-10-05 06:00:00
PRD05762,CAT02,Mother Dairy Family Pack  Jar 6761,Patanjali,26.35,1L,Y,2026-10-05 06:00:00
PRD05763,CAT35,Dettol Gold Fresh Jar 6762,Clinic Plus,17.18,pack,Y,2026-10-05 06:00:00
PRD05764,CAT34,Saffola Gold  Bottle 6763,MDH,67.93,1L,Y,2026-10-05 06:00:00
PRD05765,CAT06,Gowardhan Classic Natural Jar 6764,Colgate,24.72,kg,Y,2026-10-05 06:00:00
PRD05766,CAT31,Godrej Premium Natural Item 6765,Surf Excel,17.16,250g,Y,2026-10-05 06:00:00
PRD05767,CAT23,Dabur Lite  Pack 6766,Thirumala,23.81,pcs,N,2026-10-05 06:00:00
PRD05768,CAT12,MTR Foods Premium  Box 6767,Nestle,35.16,pcs,Y,2026-10-05 06:00:00
PRD05769,CAT28,Huggies Lite  Item 6768,Huggies,122.48,pcs,N,2026-10-05 06:00:00
PRD05770,CAT15,Heritage Classic  Carton 6769,Tata,6.42,500g,Y,2026-10-05 06:00:00
PRD05771,CAT19,Lay's Classic  Carton 6770,Lay's,37.37,500g,Y,2026-10-05 06:00:00
PRD05772,CAT12,Aashirvaad Regular Fresh Pouch 6771,Colgate,64.23,kg,Y,2026-10-05 06:00:00
PRD05773,CAT02,Weikfield Classic Natural Pouch 6772,A2B,43.56,500g,Y,2026-10-05 06:00:00
PRD05774,CAT11,Lay's Organic Select Pouch 6773,Heritage,118.97,250g,Y,2026-10-05 06:00:00
PRD05775,CAT44,Gillette Organic Fresh Item 6774,Pampers,34.23,pcs,Y,2026-10-05 06:00:00
PRD05776,CAT37,Harpic Classic Natural Box 6775,Everest,31.0,pcs,Y,2026-10-05 06:00:00
PRD05777,CAT38,Johnson's Premium Select Box 6776,Lay's,62.37,pack,Y,2026-10-05 06:00:00
PRD05778,CAT25,Colgate Gold  Item 6777,Vim,40.02,pcs,N,2026-10-05 06:00:00
PRD05779,CAT43,Ananda Organic  Pouch 6778,Fortune,25.76,bottle,Y,2026-10-05 06:00:00
PRD05780,CAT21,Whiskas Family Pack Extra Jar 6779,Johnson's,58.24,pcs,Y,2026-10-05 06:00:00
PRD05781,CAT42,Pedigree Family Pack Daily Carton 6780,Amul,20.34,pack,Y,2026-10-05 06:00:00
PRD05782,CAT36,Parle Regular Select Jar 6781,Haldiram's,21.11,250g,Y,2026-10-05 06:00:00
PRD05783,CAT09,Bisleri Ultra Select Jar 6782,Dettol,22.76,1L,N,2026-10-05 06:00:00
PRD05784,CAT12,Colgate Classic Select Jar 6783,Rin,123.69,pack,Y,2026-10-05 06:00:00
PRD05785,CAT10,Maggi Lite Fresh Jar 6784,Fortune,3.0,pcs,Y,2026-10-05 06:00:00
PRD05786,CAT05,Pepsi Classic  Jar 6785,Lay's,52.25,pcs,Y,2026-10-05 06:00:00
PRD05787,CAT33,Vim Gold  Item 6786,Colgate,37.74,pcs,Y,2026-10-05 06:00:00
PRD05788,CAT05,Dabur Gold  Box 6787,Haldiram's,8.06,pcs,Y,2026-10-05 06:00:00
PRD05789,CAT16,Frooti Classic  Box 6788,Oleev,48.36,500g,N,2026-10-05 06:00:00
PRD05790,CAT37,Coca-Cola Ultra Daily Carton 6789,Everest,56.16,bottle,Y,2026-10-05 06:00:00
PRD05791,CAT37,Surf Excel Ultra Extra Pouch 6790,Heritage,62.22,pcs,N,2026-10-05 06:00:00
PRD05792,CAT29,Safal Classic  Bottle 6791,Safal,3.36,bottle,Y,2026-10-05 06:00:00
PRD05793,CAT18,A2B Family Pack  Carton 6792,Maggi,125.18,kg,Y,2026-10-05 06:00:00
PRD05794,CAT29,Saffola Organic Fresh Pouch 6793,A2B,18.84,250g,Y,2026-10-05 06:00:00
PRD05795,CAT06,Frooti Classic  Pouch 6794,Ananda,67.89,bottle,Y,2026-10-05 06:00:00
PRD05796,CAT18,Frooti Lite  Jar 6795,Gillette,71.3,250g,Y,2026-10-05 06:00:00
PRD05797,CAT32,Johnson's Premium  Pack 6796,Godrej,16.63,500g,Y,2026-10-05 06:00:00
PRD05798,CAT42,Licious Organic Select Bottle 6797,MTR Foods,66.31,1L,Y,2026-10-05 06:00:00
PRD05799,CAT31,Nestle Gold  Item 6798,Himalaya,25.87,1L,Y,2026-10-05 06:00:00
PRD05800,CAT11,Amul Regular Daily Jar 6799,Lakme,5.67,pcs,Y,2026-10-05 06:00:00
PRD05801,CAT26,Coca-Cola Regular Daily Pouch 6800,Dettol,104.69,pcs,Y,2026-10-05 06:00:00
PRD05802,CAT28,Bisleri Lite  Item 6801,Ananda,18.22,500g,Y,2026-10-05 06:00:00
PRD05803,CAT27,Parle Premium Natural Carton 6802,Huggies,16.96,pcs,Y,2026-10-05 06:00:00
PRD05804,CAT19,Pepsi Ultra Daily Pouch 6803,Pedigree,25.46,dozen,Y,2026-10-05 06:00:00
PRD05805,CAT27,Fresho Lite  Box 6804,Catch,46.76,500g,Y,2026-10-05 06:00:00
PRD05806,CAT20,Johnson's Gold Select Carton 6805,Saffola,34.76,500g,Y,2026-10-05 06:00:00
PRD05807,CAT03,Sudha Gold  Item 6806,Safal,59.93,pcs,Y,2026-10-05 06:00:00
PRD05808,CAT16,Rin Organic Select Pack 6807,Lay's,10.96,500g,Y,2026-10-05 06:00:00
PRD05809,CAT39,Heritage Family Pack Select Pack 6808,Clinic Plus,18.76,pcs,Y,2026-10-05 06:00:00
PRD05810,CAT44,Sunpure Lite  Carton 6809,Parle,32.97,pcs,Y,2026-10-05 06:00:00
PRD05811,CAT29,Johnson's Lite Select Jar 6810,Parle,201.97,dozen,Y,2026-10-05 06:00:00
PRD05812,CAT15,Ananda Lite Daily Carton 6811,Thirumala,33.04,pcs,Y,2026-10-05 06:00:00
PRD05813,CAT30,Close-Up Organic  Pouch 6812,Pedigree,97.19,250g,Y,2026-10-05 06:00:00
PRD05814,CAT40,Haldiram's Classic Select Pack 6813,Maggi,37.89,pcs,Y,2026-10-05 06:00:00
PRD05815,CAT01,Bisleri Family Pack  Pack 6814,Pedigree,23.68,bottle,Y,2026-10-05 06:00:00
PRD05816,CAT29,Vim Ultra  Item 6815,Oleev,29.31,1L,Y,2026-10-05 06:00:00
PRD05817,CAT30,Aashirvaad Lite  Jar 6816,Pepsi,31.45,1L,Y,2026-10-05 06:00:00
PRD05818,CAT40,Whiskas Gold Daily Pack 6817,Catch,63.01,250g,Y,2026-10-05 06:00:00
PRD05819,CAT32,MDH Gold  Jar 6818,Parle,126.11,1L,Y,2026-10-05 06:00:00
PRD05820,CAT10,Pampers Lite Natural Pack 6819,Licious,50.59,pcs,Y,2026-10-05 06:00:00
PRD05821,CAT27,Clinic Plus Classic Extra Box 6820,Colgate,106.52,500g,Y,2026-10-05 06:00:00
PRD05822,CAT08,MDH Premium Select Bottle 6821,Dove,15.36,pcs,Y,2026-10-05 06:00:00
PRD05823,CAT36,Gillette Organic  Jar 6822,Oleev,25.2,500g,Y,2026-10-05 06:00:00
PRD05824,CAT42,Britannia Organic Natural Carton 6823,Frooti,19.07,500g,Y,2026-10-05 06:00:00
PRD05825,CAT35,Ariel Gold  Jar 6824,Johnson's,48.57,pack,N,2026-10-05 06:00:00
PRD05826,CAT36,Fresho Classic Fresh Pack 6825,Pepsi,26.49,pcs,Y,2026-10-05 06:00:00
PRD05827,CAT36,Oleev Classic  Bottle 6826,Marico,70.58,pcs,Y,2026-10-05 06:00:00
PRD05828,CAT25,Nivea Family Pack Select Item 6827,Close-Up,15.83,kg,Y,2026-10-05 06:00:00
PRD05829,CAT20,Clinic Plus Classic Natural Pouch 6828,Nestle,38.04,kg,Y,2026-10-05 06:00:00
PRD05830,CAT17,Dettol Lite Fresh Box 6829,Mother Dairy,67.91,dozen,Y,2026-10-05 06:00:00
PRD05831,CAT23,Weikfield Family Pack  Jar 6830,Amul,5.7,1L,Y,2026-10-05 06:00:00
PRD05832,CAT25,Rasna Premium  Jar 6831,Tata,247.02,pcs,Y,2026-10-05 06:00:00
PRD05833,CAT31,Bisleri Organic Natural Jar 6832,Catch,28.37,bottle,N,2026-10-05 06:00:00
PRD05834,CAT06,Heritage Organic Select Carton 6833,Sudha,5.91,pcs,Y,2026-10-05 06:00:00
PRD05835,CAT35,Coca-Cola Regular  Pack 6834,Amul,42.19,pcs,Y,2026-10-05 06:00:00
PRD05836,CAT04,Parle Family Pack Daily Box 6835,Sudha,37.72,pcs,Y,2026-10-05 06:00:00
PRD05837,CAT40,Lakme Gold Natural Box 6836,Catch,34.0,1L,Y,2026-10-05 06:00:00
PRD05838,CAT20,Fortune Ultra Select Jar 6837,Pampers,89.31,pcs,Y,2026-10-05 06:00:00
PRD05839,CAT41,Marico Premium Extra Jar 6838,Dabur,71.72,250g,Y,2026-10-05 06:00:00
PRD05840,CAT01,Colgate Gold  Bottle 6839,Oleev,47.85,pcs,Y,2026-10-05 06:00:00
PRD05841,CAT26,ITC Family Pack  Carton 6840,Frooti,54.88,pcs,Y,2026-10-05 06:00:00
PRD05842,CAT34,Lakme Organic Select Pouch 6841,MTR Foods,33.32,500g,Y,2026-10-05 06:00:00
PRD05843,CAT10,Colgate Classic Extra Pouch 6842,Close-Up,180.9,500g,Y,2026-10-05 06:00:00
PRD05844,CAT23,Lakme Organic Extra Item 6843,Colgate,9.67,dozen,Y,2026-10-05 06:00:00
PRD05845,CAT24,Johnson's Premium Extra Box 6844,A2B,41.5,dozen,Y,2026-10-05 06:00:00
PRD05846,CAT13,Rasna Family Pack Fresh Pouch 6845,Harpic,38.8,pcs,Y,2026-10-05 06:00:00
PRD05847,CAT29,Sunfeast Ultra Select Box 6846,Licious,76.09,kg,Y,2026-10-05 06:00:00
PRD05848,CAT27,Aashirvaad Lite Fresh Item 6847,Lakme,17.12,250g,Y,2026-10-05 06:00:00
PRD05849,CAT31,Dettol Family Pack Daily Box 6848,Whiskas,7.62,500g,Y,2026-10-05 06:00:00
PRD05850,CAT43,Thirumala Family Pack Natural Pack 6849,Vim,42.15,250g,Y,2026-10-05 06:00:00
PRD05851,CAT10,Bisleri Classic Select Box 6850,Oleev,47.14,bottle,Y,2026-10-05 06:00:00
PRD05852,CAT31,Oleev Premium Fresh Box 6851,Rasna,139.86,pcs,Y,2026-10-05 06:00:00
PRD05853,CAT39,Parle Premium  Jar 6852,Oleev,11.67,pcs,Y,2026-10-05 06:00:00
PRD05854,CAT10,Marico Organic  Box 6853,A2B,103.46,500g,Y,2026-10-05 06:00:00
PRD05855,CAT24,Coca-Cola Classic  Pack 6854,Rasna,308.18,pcs,Y,2026-10-05 06:00:00
PRD05856,CAT33,Bisleri Gold Extra Item 6855,Colgate,26.05,500g,Y,2026-10-05 06:00:00
PRD05857,CAT14,Bisleri Organic Fresh Pouch 6856,Gillette,11.45,1L,Y,2026-10-05 06:00:00
PRD05858,CAT35,Nivea Premium  Carton 6857,Maggi,25.37,pack,Y,2026-10-05 06:00:00
PRD05859,CAT34,Pampers Gold Fresh Pouch 6858,Pedigree,37.06,pcs,Y,2026-10-05 06:00:00
PRD05860,CAT17,Thirumala Ultra Natural Pouch 6859,Patanjali,60.79,pcs,Y,2026-10-05 06:00:00
PRD05861,CAT21,Harpic Lite  Pouch 6860,Tata,21.49,250g,Y,2026-10-05 06:00:00
PRD05862,CAT32,Licious Lite  Box 6861,Rin,148.37,500g,Y,2026-10-05 06:00:00
PRD05863,CAT03,Close-Up Ultra Daily Pouch 6862,Fortune,13.42,pack,Y,2026-10-05 06:00:00
PRD05864,CAT15,Nivea Family Pack Fresh Carton 6863,Godrej,7.65,dozen,Y,2026-10-05 06:00:00
PRD05865,CAT08,Sunpure Classic Natural Bottle 6864,Himalaya,99.09,dozen,Y,2026-10-05 06:00:00
PRD05866,CAT32,A2B Lite  Pack 6865,Ariel,4.72,1L,Y,2026-10-05 06:00:00
PRD05867,CAT38,Rin Regular  Item 6866,Maggi,30.46,500g,Y,2026-10-05 06:00:00
PRD05868,CAT26,Amul Lite  Jar 6867,Dettol,605.41,pcs,Y,2026-10-05 06:00:00
PRD05869,CAT30,Sunfeast Organic Select Item 6868,Saffola,36.2,250g,Y,2026-10-05 06:00:00
PRD05870,CAT09,Ariel Regular Daily Item 6869,Fortune,13.35,dozen,Y,2026-10-05 06:00:00
PRD05871,CAT32,Safal Regular Select Box 6870,Huggies,34.76,pcs,Y,2026-10-05 06:00:00
PRD05872,CAT11,Harpic Ultra Daily Carton 6871,Vim,34.96,pcs,N,2026-10-05 06:00:00
PRD05873,CAT22,Rin Ultra Select Bottle 6872,Oleev,42.29,pack,Y,2026-10-05 06:00:00
PRD05874,CAT34,Huggies Premium Extra Jar 6873,Sunpure,66.42,pcs,Y,2026-10-05 06:00:00
PRD05875,CAT41,Safal Premium  Pouch 6874,Tata,14.37,pcs,Y,2026-10-05 06:00:00
PRD05876,CAT18,Close-Up Gold Select Jar 6875,Parle,167.13,bottle,Y,2026-10-05 06:00:00
PRD05877,CAT19,Sudha Premium  Item 6876,A2B,45.63,pcs,Y,2026-10-05 06:00:00
PRD05878,CAT18,Marico Lite Select Box 6877,Pedigree,70.39,pcs,Y,2026-10-05 06:00:00
PRD05879,CAT37,Licious Classic  Pack 6878,Himalaya,20.79,1L,Y,2026-10-05 06:00:00
PRD05880,CAT18,ITC Ultra Fresh Box 6879,Safal,116.48,250g,Y,2026-10-05 06:00:00
PRD05881,CAT12,Maggi Premium Select Bottle 6880,Huggies,29.04,500g,Y,2026-10-05 06:00:00
PRD05882,CAT04,ITC Regular Select Pouch 6881,Fresho,46.98,500g,Y,2026-10-05 06:00:00
PRD05883,CAT43,Fresho Organic Natural Pack 6882,Tata,15.8,1L,Y,2026-10-05 06:00:00
PRD05884,CAT27,Colgate Premium Select Pack 6883,Huggies,14.92,500g,Y,2026-10-05 06:00:00
PRD05885,CAT05,Ananda Gold  Box 6884,Ananda,67.99,pcs,Y,2026-10-05 06:00:00
PRD05886,CAT06,Safal Regular Select Carton 6885,Gillette,24.55,pcs,Y,2026-10-05 06:00:00
PRD05887,CAT13,Close-Up Gold Natural Bottle 6886,Frooti,16.97,1L,Y,2026-10-05 06:00:00
PRD05888,CAT23,Oleev Gold  Carton 6887,Everest,20.51,pack,N,2026-10-05 06:00:00
PRD05889,CAT42,Pepsi Classic  Box 6888,Pepsi,68.65,250g,Y,2026-10-05 06:00:00
PRD05890,CAT25,Mother Dairy Lite Fresh Bottle 6889,Marico,20.78,250g,Y,2026-10-05 06:00:00
PRD05891,CAT04,Ananda Premium Fresh Bottle 6890,A2B,32.92,250g,Y,2026-10-05 06:00:00
PRD05892,CAT32,Colgate Family Pack Select Box 6891,Mother Dairy,37.1,pcs,Y,2026-10-05 06:00:00
PRD05893,CAT44,Pampers Ultra Natural Box 6892,Patanjali,6.52,bottle,Y,2026-10-05 06:00:00
PRD05894,CAT15,Nivea Lite Select Box 6893,Thirumala,9.74,bottle,Y,2026-10-05 06:00:00
PRD05895,CAT26,Coca-Cola Classic Daily Pouch 6894,Amul,49.53,500g,Y,2026-10-05 06:00:00
PRD05896,CAT42,Fortune Regular  Bottle 6895,Sudha,18.85,pcs,Y,2026-10-05 06:00:00
PRD05897,CAT11,Thirumala Classic  Box 6896,Sunpure,94.73,1L,Y,2026-10-05 06:00:00
PRD05898,CAT09,Haldiram's Regular Daily Item 6897,Fresho,87.37,1L,Y,2026-10-05 06:00:00
PRD05899,CAT11,Coca-Cola Premium  Jar 6898,Gillette,69.91,pcs,Y,2026-10-05 06:00:00
PRD05900,CAT02,Mother Dairy Organic  Jar 6899,Parle,188.25,1L,Y,2026-10-05 06:00:00
PRD05901,CAT27,Pepsi Classic  Jar 6900,Tata,33.96,pack,Y,2026-10-05 06:00:00
PRD05902,CAT26,Oleev Family Pack Daily Carton 6901,Maggi,65.63,pack,Y,2026-10-05 06:00:00
PRD05903,CAT08,Marico Gold Extra Bottle 6902,A2B,21.63,pcs,Y,2026-10-05 06:00:00
PRD05904,CAT21,Coca-Cola Organic Fresh Pouch 6903,Ananda,332.66,pcs,Y,2026-10-05 06:00:00
PRD05905,CAT21,MTR Foods Lite Natural Pouch 6904,MDH,218.17,1L,Y,2026-10-05 06:00:00
PRD05906,CAT08,Parle Regular Natural Pack 6905,Haldiram's,36.99,pack,Y,2026-10-05 06:00:00
PRD05907,CAT01,Pepsi Ultra  Jar 6906,Pepsi,51.83,500g,Y,2026-10-05 06:00:00
PRD05908,CAT38,Thirumala Regular  Jar 6907,Clinic Plus,124.38,250g,Y,2026-10-05 06:00:00
PRD05909,CAT13,Sunpure Regular  Bottle 6908,Clinic Plus,32.06,pcs,Y,2026-10-05 06:00:00
PRD05910,CAT09,Surf Excel Regular Extra Box 6909,Gillette,20.27,1L,Y,2026-10-05 06:00:00
PRD05911,CAT28,Lakme Classic Extra Item 6910,Johnson's,80.37,dozen,Y,2026-10-05 06:00:00
PRD05912,CAT06,Tata Regular  Pouch 6911,Harpic,39.28,1L,Y,2026-10-05 06:00:00
PRD05913,CAT23,Sunpure Premium Natural Box 6912,Godrej,43.15,kg,Y,2026-10-05 06:00:00
PRD05914,CAT36,Nivea Classic Fresh Bottle 6913,Amul,17.27,1L,Y,2026-10-05 06:00:00
PRD05915,CAT17,Clinic Plus Ultra Fresh Bottle 6914,Patanjali,7.8,pack,Y,2026-10-05 06:00:00
PRD05916,CAT09,Fortune Regular Daily Box 6915,Catch,45.26,pcs,N,2026-10-05 06:00:00
PRD05917,CAT12,Oleev Gold Fresh Bottle 6916,Rasna,82.64,pcs,Y,2026-10-05 06:00:00
PRD05918,CAT22,A2B Ultra  Carton 6917,Rasna,29.87,pcs,Y,2026-10-05 06:00:00
PRD05919,CAT12,Ananda Family Pack  Box 6918,Ariel,133.32,500g,Y,2026-10-05 06:00:00
PRD05920,CAT06,Ariel Ultra Extra Pack 6919,Bisleri,19.42,pcs,Y,2026-10-05 06:00:00
PRD05921,CAT44,Godrej Ultra Daily Item 6920,Dettol,14.16,250g,Y,2026-10-05 06:00:00
PRD05922,CAT09,Haldiram's Lite Extra Pouch 6921,Frooti,34.45,bottle,Y,2026-10-05 06:00:00
PRD05923,CAT37,Pampers Premium Daily Pack 6922,Mother Dairy,33.98,1L,Y,2026-10-05 06:00:00
PRD05924,CAT03,Surf Excel Lite Select Item 6923,MDH,73.18,pcs,Y,2026-10-05 06:00:00
PRD05925,CAT34,A2B Classic Daily Pack 6924,Harpic,18.22,kg,N,2026-10-05 06:00:00
PRD05926,CAT08,Heritage Gold Select Item 6925,Gillette,125.37,500g,Y,2026-10-05 06:00:00
PRD05927,CAT10,Whiskas Family Pack  Carton 6926,Gowardhan,214.91,250g,N,2026-10-05 06:00:00
PRD05928,CAT41,Safal Classic Natural Carton 6927,Close-Up,35.33,bottle,Y,2026-10-05 06:00:00
PRD05929,CAT42,Pepsi Family Pack Extra Pack 6928,Mother Dairy,112.7,dozen,Y,2026-10-05 06:00:00
PRD05930,CAT43,Amul Ultra Select Pack 6929,Sunpure,14.14,500g,Y,2026-10-05 06:00:00
PRD05931,CAT09,Parle Classic Natural Pack 6930,Marico,96.32,pack,Y,2026-10-05 06:00:00
PRD05932,CAT14,Surf Excel Family Pack Fresh Bottle 6931,Fresho,93.93,1L,N,2026-10-05 06:00:00
PRD05933,CAT37,Parle Lite Natural Jar 6932,Patanjali,79.61,500g,Y,2026-10-05 06:00:00
PRD05934,CAT27,Fortune Family Pack  Item 6933,Gowardhan,36.09,500g,Y,2026-10-05 06:00:00
PRD05935,CAT41,Whiskas Classic Natural Bottle 6934,Clinic Plus,3.0,500g,N,2026-10-05 06:00:00
PRD05936,CAT32,Rasna Family Pack Daily Box 6935,A2B,20.54,500g,Y,2026-10-05 06:00:00
PRD05937,CAT04,ITC Organic Extra Item 6936,Harpic,20.84,250g,Y,2026-10-05 06:00:00
PRD05938,CAT02,Everest Family Pack Extra Jar 6937,Pepsi,15.17,pcs,Y,2026-10-05 06:00:00
PRD05939,CAT33,Gowardhan Gold Select Pouch 6938,Britannia,40.85,1L,Y,2026-10-05 06:00:00
PRD05940,CAT21,Aashirvaad Ultra Daily Pack 6939,Dettol,25.1,250g,Y,2026-10-05 06:00:00
PRD05941,CAT01,Heritage Organic  Pouch 6940,MDH,17.42,bottle,Y,2026-10-05 06:00:00
PRD05942,CAT44,Nivea Ultra Select Jar 6941,Himalaya,14.11,pcs,Y,2026-10-05 06:00:00
PRD05943,CAT11,Ananda Organic Fresh Box 6942,Weikfield,19.22,bottle,Y,2026-10-05 06:00:00
PRD05944,CAT01,Tata Premium  Item 6943,Huggies,100.42,kg,Y,2026-10-05 06:00:00
PRD05945,CAT11,Tata Regular Extra Pack 6944,Sunpure,20.19,1L,Y,2026-10-05 06:00:00
PRD05946,CAT07,Huggies Premium Daily Carton 6945,Frooti,23.02,250g,Y,2026-10-05 06:00:00
PRD05947,CAT02,Rasna Regular  Item 6946,MTR Foods,24.26,500g,Y,2026-10-05 06:00:00
PRD05948,CAT15,MDH Classic Select Jar 6947,Harpic,49.65,kg,Y,2026-10-05 06:00:00
PRD05949,CAT08,Pedigree Ultra Fresh Pack 6948,Saffola,55.18,250g,Y,2026-10-05 06:00:00
PRD05950,CAT26,MTR Foods Ultra Select Box 6949,Mother Dairy,3.0,pcs,Y,2026-10-05 06:00:00
PRD05951,CAT40,Everest Ultra Extra Pouch 6950,Gillette,91.79,500g,Y,2026-10-05 06:00:00
PRD05952,CAT42,MTR Family Pack  Pouch 6951,Surf Excel,133.32,1L,Y,2026-10-05 06:00:00
PRD05953,CAT35,Safal Regular Extra Box 6952,Saffola,14.22,pcs,Y,2026-10-05 06:00:00
PRD05954,CAT41,Marico Regular  Pouch 6953,Dabur,15.26,250g,Y,2026-10-05 06:00:00
PRD05955,CAT41,Everest Classic  Pack 6954,Coca-Cola,24.4,pcs,Y,2026-10-05 06:00:00
PRD05956,CAT21,Lay's Classic Extra Jar 6955,Colgate,18.53,1L,Y,2026-10-05 06:00:00
PRD05957,CAT38,Ariel Family Pack  Carton 6956,ITC,44.77,250g,Y,2026-10-05 06:00:00
PRD05958,CAT08,Maggi Ultra Daily Jar 6957,Huggies,6.35,pack,Y,2026-10-05 06:00:00
PRD05959,CAT43,Nivea Family Pack  Bottle 6958,Dove,13.38,250g,Y,2026-10-05 06:00:00
PRD05960,CAT32,Amul Regular Fresh Box 6959,Colgate,146.24,pack,Y,2026-10-05 06:00:00
PRD05961,CAT08,Haldiram's Classic Fresh Carton 6960,Gillette,0.0,bottle,Y,2026-10-05 06:00:00
PRD05962,CAT44,Patanjali Organic Extra Carton 6961,MDH,112.07,1L,Y,2026-10-05 06:00:00
PRD05963,CAT10,A2B Gold Select Pouch 6962,Rasna,50.39,pack,Y,2026-10-05 06:00:00
PRD05964,CAT23,Harpic Classic  Jar 6963,Rin,7.18,pcs,Y,2026-10-05 06:00:00
PRD05965,CAT04,Patanjali Premium Daily Pouch 6964,Tata,64.83,pack,Y,2026-10-05 06:00:00
PRD05966,CAT38,Whiskas Regular Select Carton 6965,Harpic,32.92,pcs,Y,2026-10-05 06:00:00
PRD05967,CAT30,Pampers Classic  Pouch 6966,Weikfield,24.29,kg,Y,2026-10-05 06:00:00
PRD05968,CAT41,Mother Dairy Family Pack  Box 6967,Colgate,45.63,pcs,Y,2026-10-05 06:00:00
PRD05969,CAT23,Safal Regular  Carton 6968,Pedigree,56.1,pcs,Y,2026-10-05 06:00:00
PRD05970,CAT05,Nestle Gold  Bottle 6969,Johnson's,69.19,pcs,Y,2026-10-05 06:00:00
PRD05971,CAT21,Clinic Plus Premium Natural Box 6970,Harpic,105.68,pcs,Y,2026-10-05 06:00:00
PRD05972,CAT06,Lay's Organic Select Pouch 6971,Whiskas,52.84,500g,Y,2026-10-05 06:00:00
PRD05973,CAT17,Patanjali Lite Natural Item 6972,Fortune,10.61,500g,Y,2026-10-05 06:00:00
PRD05974,CAT25,Marico Regular  Carton 6973,Sudha,23.9,bottle,Y,2026-10-05 06:00:00
PRD05975,CAT24,Catch Family Pack  Carton 6974,Gillette,517.36,500g,Y,2026-10-05 06:00:00
PRD05976,CAT22,Thirumala Regular Daily Pack 6975,Haldiram's,70.25,pcs,Y,2026-10-05 06:00:00
PRD05977,CAT13,Rasna Organic  Jar 6976,A2B,308.7,250g,Y,2026-10-05 06:00:00
PRD05978,CAT17,Everest Classic  Pouch 6977,Lakme,128.5,pcs,N,2026-10-05 06:00:00
PRD05979,CAT14,Mother Dairy Classic  Pack 6978,Rin,45.5,bottle,Y,2026-10-05 06:00:00
PRD05980,CAT34,Sunpure Gold Extra Box 6979,Gowardhan,48.0,500g,Y,2026-10-05 06:00:00
PRD05981,CAT26,Maggi Regular Natural Item 6980,Aashirvaad,35.41,1L,Y,2026-10-05 06:00:00
PRD05982,CAT19,Mother Dairy Organic  Pouch 6981,Patanjali,7.66,pcs,Y,2026-10-05 06:00:00
PRD05983,CAT26,Tata Regular  Carton 6982,Oleev,37.2,pcs,Y,2026-10-05 06:00:00
PRD05984,CAT03,Whiskas Classic  Box 6983,Pampers,108.81,pack,Y,2026-10-05 06:00:00
PRD05985,CAT02,Parle Premium  Box 6984,Nestle,21.33,500g,Y,2026-10-05 06:00:00
PRD05986,CAT28,Patanjali Family Pack Daily Bottle 6985,Gowardhan,53.02,dozen,Y,2026-10-05 06:00:00
PRD05987,CAT02,Aashirvaad Regular Extra Pack 6986,Thirumala,78.76,500g,Y,2026-10-05 06:00:00
PRD05988,CAT22,Gowardhan Organic  Bottle 6987,Mother Dairy,16.14,pack,Y,2026-10-05 06:00:00
PRD05989,CAT07,Dove Lite Natural Pouch 6988,MDH,24.38,dozen,Y,2026-10-05 06:00:00
PRD05990,CAT04,Catch Organic Daily Pack 6989,Mother Dairy,14.64,pcs,N,2026-10-05 06:00:00
PRD05991,CAT38,Sunfeast Lite  Jar 6990,Coca-Cola,17.46,pack,Y,2026-10-05 06:00:00
PRD05992,CAT39,Amul Regular Natural Carton 6991,Saffola,11.49,pcs,Y,2026-10-05 06:00:00
PRD05993,CAT20,Saffola Organic  Box 6992,Pampers,16.27,250g,Y,2026-10-05 06:00:00
PRD05994,CAT06,Marico Ultra Extra Jar 6993,Sunfeast,131.3,250g,Y,2026-10-05 06:00:00
PRD05995,CAT09,Mother Dairy Classic Natural Carton 6994,Sunpure,16.06,500g,Y,2026-10-05 06:00:00
PRD05996,CAT31,Gowardhan Organic Daily Pouch 6995,Aashirvaad,41.01,pcs,Y,2026-10-05 06:00:00
PRD05997,CAT26,Gillette Gold Natural Box 6996,Pampers,23.28,1L,Y,2026-10-05 06:00:00
PRD05998,CAT36,Ananda Classic  Bottle 6997,Rin,105.74,bottle,Y,2026-10-05 06:00:00
PRD05999,CAT26,Himalaya Lite Select Jar 6998,Catch,119.11,kg,Y,2026-10-05 06:00:00
PRD06000,CAT28,Lakme Premium  Carton 6999,Sunpure,79.65,250g,Y,2026-10-05 06:00:00
PRD06001,CAT05,Whiskas Lite Extra Bottle 7000,Aashirvaad,48.21,pcs,Y,2026-10-05 06:00:00
PRD06002,CAT10,Pepsi Family Pack  Carton 7001,Thirumala,29.73,bottle,Y,2026-10-05 06:00:00
PRD06003,CAT18,Coca-Cola Organic Select Bottle 7002,Britannia,12.52,bottle,Y,2026-10-05 06:00:00
PRD06004,CAT15,Amul Regular Daily Box 7003,Dove,210.43,500g,Y,2026-10-05 06:00:00
PRD06005,CAT33,Pepsi Classic Select Carton 7004,Sunfeast,18.47,pcs,Y,2026-10-05 06:00:00
PRD06006,CAT05,Godrej Ultra  Carton 7005,MDH,66.51,bottle,Y,2026-10-05 06:00:00
PRD06007,CAT37,MDH Organic  Item 7006,A2B,94.97,bottle,Y,2026-10-05 06:00:00
PRD06008,CAT40,Fresho Classic Extra Box 7007,Nestle,22.2,pcs,Y,2026-10-05 06:00:00
PRD06009,CAT22,Marico Lite Natural Pouch 7008,ITC,93.15,dozen,Y,2026-10-05 06:00:00
PRD06010,CAT22,A2B Ultra Select Carton 7009,Clinic Plus,72.81,500g,Y,2026-10-05 06:00:00
PRD06011,CAT22,Godrej Premium Natural Item 7010,Ariel,173.32,dozen,Y,2026-10-05 06:00:00
PRD06012,CAT15,Britannia Lite  Pack 7011,A2B,23.99,500g,Y,2026-10-05 06:00:00
PRD06013,CAT17,Gillette Lite  Box 7012,Aashirvaad,11.5,500g,Y,2026-10-05 06:00:00
PRD06014,CAT28,Lay's Family Pack Select Pack 7013,MDH,23.22,pcs,Y,2026-10-05 06:00:00
PRD06015,CAT22,Vim Gold  Box 7014,Saffola,44.17,bottle,Y,2026-10-05 06:00:00
PRD06016,CAT21,Marico Ultra Fresh Bottle 7015,Coca-Cola,38.57,500g,Y,2026-10-05 06:00:00
PRD06017,CAT42,Surf Excel Lite Natural Carton 7016,Amul,25.68,pack,Y,2026-10-05 06:00:00
PRD06018,CAT17,Patanjali Premium Select Pouch 7017,Lay's,6.56,pcs,Y,2026-10-05 06:00:00
PRD06019,CAT05,Sudha Premium Select Bottle 7018,Marico,55.89,250g,Y,2026-10-05 06:00:00
PRD06020,CAT18,Bisleri Ultra  Pouch 7019,Sudha,215.96,500g,Y,2026-10-05 06:00:00
PRD06021,CAT17,Pepsi Gold Fresh Pouch 7020,Rasna,55.58,pcs,N,2026-10-05 06:00:00
PRD06022,CAT04,Whiskas Family Pack Fresh Carton 7021,Bisleri,63.32,pcs,N,2026-10-05 06:00:00
PRD06023,CAT07,Parle Regular  Carton 7022,Whiskas,61.26,pcs,Y,2026-10-05 06:00:00
PRD06024,CAT25,MDH Lite Natural Pouch 7023,Dettol,52.32,250g,Y,2026-10-05 06:00:00
PRD06025,CAT37,Everest Family Pack  Carton 7024,A2B,84.65,500g,Y,2026-10-05 06:00:00
PRD06026,CAT40,Gillette Classic Extra Box 7025,Oleev,52.24,pcs,Y,2026-10-05 06:00:00
PRD06027,CAT40,Licious Lite  Jar 7026,Pepsi,27.62,pcs,Y,2026-10-05 06:00:00
PRD06028,CAT43,Vim Classic  Carton 7027,Nestle,17.88,500g,Y,2026-10-05 06:00:00
PRD06029,CAT09,Gowardhan Ultra  Pack 7028,Amul,29.25,pcs,N,2026-10-05 06:00:00
PRD06030,CAT19,Colgate Lite  Pouch 7029,Amul,48.56,500g,Y,2026-10-05 06:00:00
PRD06031,CAT09,Gillette Lite Extra Bottle 7030,Licious,27.54,250g,Y,2026-10-05 06:00:00
PRD06032,CAT23,MTR Foods Regular Daily Jar 7031,Whiskas,48.57,500g,Y,2026-10-05 06:00:00
PRD06033,CAT31,Fortune Lite Select Box 7032,Haldiram's,54.34,1L,Y,2026-10-05 06:00:00
PRD06034,CAT32,Saffola Family Pack Extra Item 7033,Pepsi,77.47,pcs,Y,2026-10-05 06:00:00
PRD06035,CAT31,Thirumala Ultra  Pack 7034,Nivea,116.11,pcs,Y,2026-10-05 06:00:00
PRD06036,CAT17,MDH Premium  Pouch 7035,Johnson's,39.26,pack,Y,2026-10-05 06:00:00
PRD06037,CAT39,Safal Classic Natural Pack 7036,Parle,11.28,bottle,Y,2026-10-05 06:00:00
PRD06038,CAT22,Whiskas Organic  Pack 7037,Colgate,26.83,500g,Y,2026-10-05 06:00:00
PRD06039,CAT35,Pampers Gold Select Pack 7038,Johnson's,38.08,pcs,Y,2026-10-05 06:00:00
PRD06040,CAT30,Sunfeast Ultra  Item 7039,Bisleri,7.01,500g,Y,2026-10-05 06:00:00
PRD06041,CAT40,Godrej Classic  Carton 7040,Catch,127.71,bottle,Y,2026-10-05 06:00:00
PRD06042,CAT37,A2B Lite  Pouch 7041,Close-Up,41.6,250g,Y,2026-10-05 06:00:00
PRD06043,CAT26,Britannia Regular Extra Bottle 7042,Amul,51.58,pack,Y,2026-10-05 06:00:00
PRD06044,CAT06,Maggi Premium Fresh Carton 7043,Ariel,125.08,pcs,Y,2026-10-05 06:00:00
PRD06045,CAT34,ITC Classic  Item 7044,Patanjali,20.76,250g,Y,2026-10-05 06:00:00
PRD06046,CAT32,MDH Family Pack Fresh Item 7045,Bisleri,61.35,1L,Y,2026-10-05 06:00:00
PRD06047,CAT25,Huggies Lite  Box 7046,MDH,33.15,1L,Y,2026-10-05 06:00:00
PRD06048,CAT13,MTR Lite  Item 7047,MTR Foods,31.01,500g,Y,2026-10-05 06:00:00
PRD06049,CAT38,Lakme Family Pack Fresh Item 7048,Harpic,18.27,1L,Y,2026-10-05 06:00:00
PRD06050,CAT38,Marico Gold  Carton 7049,Sunpure,163.86,pack,Y,2026-10-05 06:00:00
PRD06051,CAT02,ITC Family Pack  Pouch 7050,A2B,26.1,bottle,Y,2026-10-05 06:00:00
PRD06052,CAT05,Catch Family Pack  Jar 7051,Sunpure,68.68,pcs,Y,2026-10-05 06:00:00
PRD06053,CAT11,Gowardhan Ultra Select Pack 7052,Thirumala,6.77,1L,Y,2026-10-05 06:00:00
PRD06054,CAT11,Pepsi Gold Natural Item 7053,Pepsi,105.85,bottle,Y,2026-10-05 06:00:00
PRD06055,CAT24,Gillette Ultra  Pack 7054,MTR,94.35,pcs,Y,2026-10-05 06:00:00
PRD06056,CAT14,Himalaya Premium Fresh Carton 7055,Himalaya,39.95,500g,N,2026-10-05 06:00:00
PRD06057,CAT30,Licious Lite  Bottle 7056,Maggi,29.84,pcs,Y,2026-10-05 06:00:00
PRD06058,CAT40,Harpic Classic  Item 7057,Pampers,52.46,pcs,Y,2026-10-05 06:00:00
PRD06059,CAT44,Dabur Ultra Select Pouch 7058,Tata,287.12,bottle,Y,2026-10-05 06:00:00
PRD06060,CAT35,Vim Classic Select Pack 7059,Frooti,7.49,500g,Y,2026-10-05 06:00:00
PRD06061,CAT21,Tata Family Pack  Pack 7060,MTR Foods,73.98,250g,Y,2026-10-05 06:00:00
PRD06062,CAT05,Pampers Organic Extra Jar 7061,Gillette,16.11,pcs,Y,2026-10-05 06:00:00
PRD06063,CAT38,MTR Foods Gold  Pack 7062,MDH,35.95,pcs,Y,2026-10-05 06:00:00
PRD06064,CAT02,Oleev Premium  Pouch 7063,Dove,29.28,bottle,Y,2026-10-05 06:00:00
PRD06065,CAT40,Haldiram's Lite Select Carton 7064,Vim,24.89,1L,Y,2026-10-05 06:00:00
PRD06066,CAT37,Dettol Gold  Pouch 7065,Vim,36.26,pcs,Y,2026-10-05 06:00:00
PRD06067,CAT34,MTR Lite Select Pouch 7066,Lakme,13.19,dozen,Y,2026-10-05 06:00:00
PRD06068,CAT11,Ariel Premium  Box 7067,Ananda,92.41,500g,Y,2026-10-05 06:00:00
PRD06069,CAT36,Clinic Plus Family Pack Natural Item 7068,Rin,7.28,500g,Y,2026-10-05 06:00:00
PRD06070,CAT11,Tata Classic Extra Pack 7069,MTR Foods,59.49,1L,N,2026-10-05 06:00:00
PRD06071,CAT09,Maggi Regular  Item 7070,Thirumala,27.28,pcs,Y,2026-10-05 06:00:00
PRD06072,CAT06,Sudha Family Pack Daily Pouch 7071,Aashirvaad,12.76,1L,Y,2026-10-05 06:00:00
PRD06073,CAT34,Clinic Plus Classic Daily Carton 7072,Aashirvaad,43.91,1L,Y,2026-10-05 06:00:00
PRD06074,CAT37,Oleev Premium Extra Pack 7073,Huggies,9.01,pcs,Y,2026-10-05 06:00:00
PRD06075,CAT32,Coca-Cola Classic  Pack 7074,Marico,37.93,250g,Y,2026-10-05 06:00:00
PRD06076,CAT12,Pampers Organic  Jar 7075,Sunpure,10.17,500g,Y,2026-10-05 06:00:00
PRD06077,CAT32,Whiskas Family Pack  Jar 7076,Vim,55.43,250g,Y,2026-10-05 06:00:00
PRD06078,CAT17,Gowardhan Family Pack  Pack 7077,Marico,15.93,pcs,Y,2026-10-05 06:00:00
PRD06079,CAT04,Surf Excel Premium Fresh Box 7078,Catch,24.39,bottle,Y,2026-10-05 06:00:00
PRD06080,CAT42,A2B Ultra Select Carton 7079,Maggi,47.68,bottle,Y,2026-10-05 06:00:00
PRD06081,CAT33,Surf Excel Family Pack  Pouch 7080,Rin,18.26,pcs,Y,2026-10-05 06:00:00
PRD06082,CAT43,Coca-Cola Classic Extra Carton 7081,Patanjali,34.74,kg,Y,2026-10-05 06:00:00
PRD06083,CAT43,Amul Family Pack Fresh Box 7082,Ariel,9.37,1L,Y,2026-10-05 06:00:00
PRD06084,CAT09,Mother Dairy Organic  Pack 7083,Thirumala,64.57,250g,Y,2026-10-05 06:00:00
PRD06085,CAT34,Heritage Lite Fresh Box 7084,Sudha,179.19,pack,Y,2026-10-05 06:00:00
PRD06086,CAT39,Sunpure Gold  Box 7085,Lakme,451.69,pcs,Y,2026-10-05 06:00:00
PRD06087,CAT30,Lay's Classic Select Item 7086,Pedigree,39.73,pcs,Y,2026-10-05 06:00:00
PRD06088,CAT20,Lay's Regular  Pack 7087,Huggies,74.39,pcs,Y,2026-10-05 06:00:00
PRD06089,CAT39,Safal Ultra  Pack 7088,Saffola,7.37,500g,Y,2026-10-05 06:00:00
PRD06090,CAT23,Catch Premium Fresh Box 7089,MTR Foods,141.52,pcs,Y,2026-10-05 06:00:00
PRD06091,CAT41,Everest Family Pack Extra Pack 7090,Patanjali,73.6,500g,N,2026-10-05 06:00:00
PRD06092,CAT44,Gowardhan Premium Daily Jar 7091,ITC,23.68,pcs,N,2026-10-05 06:00:00
PRD06093,CAT35,Pepsi Organic Natural Box 7092,Whiskas,111.44,250g,N,2026-10-05 06:00:00
PRD06094,CAT23,Harpic Lite  Bottle 7093,Thirumala,29.11,pcs,Y,2026-10-05 06:00:00
PRD06095,CAT39,Dettol Classic Extra Pouch 7094,Pedigree,24.23,500g,Y,2026-10-05 06:00:00
PRD06096,CAT23,Heritage Ultra  Jar 7095,Vim,56.14,pcs,N,2026-10-05 06:00:00
PRD06097,CAT37,Maggi Ultra Natural Carton 7096,Johnson's,14.06,250g,N,2026-10-05 06:00:00
PRD06098,CAT23,Frooti Regular Natural Item 7097,Frooti,91.79,bottle,Y,2026-10-05 06:00:00
PRD06099,CAT39,Gowardhan Premium  Item 7098,Everest,14.15,pcs,Y,2026-10-05 06:00:00
PRD06100,CAT28,Harpic Classic Natural Pouch 7099,Huggies,14.22,250g,Y,2026-10-05 06:00:00
PRD06101,CAT19,Ariel Classic  Carton 7100,Sunfeast,16.14,bottle,Y,2026-10-05 06:00:00
PRD06102,CAT30,Vim Organic Fresh Jar 7101,MTR Foods,72.5,dozen,Y,2026-10-05 06:00:00
PRD06103,CAT21,Nivea Organic Fresh Bottle 7102,Godrej,21.01,1L,Y,2026-10-05 06:00:00
PRD06104,CAT24,Johnson's Organic Select Pack 7103,Coca-Cola,10.88,pcs,Y,2026-10-05 06:00:00
PRD06105,CAT21,Patanjali Family Pack Select Item 7104,Gillette,21.22,pcs,Y,2026-10-05 06:00:00
PRD06106,CAT26,Safal Premium Fresh Box 7105,Huggies,35.56,500g,Y,2026-10-05 06:00:00
PRD06107,CAT36,Clinic Plus Ultra  Pouch 7106,Fortune,12.64,1L,Y,2026-10-05 06:00:00
PRD06108,CAT26,Everest Lite Extra Carton 7107,Tata,12.98,500g,Y,2026-10-05 06:00:00
PRD06109,CAT33,Weikfield Classic  Pouch 7108,Nivea,244.73,1L,Y,2026-10-05 06:00:00
PRD06110,CAT36,Britannia Family Pack Fresh Pouch 7109,Clinic Plus,16.87,pcs,Y,2026-10-05 06:00:00
PRD06111,CAT04,Sunpure Gold  Bottle 7110,Lay's,27.36,pcs,Y,2026-10-05 06:00:00
PRD06112,CAT09,Colgate Premium  Bottle 7111,Sunfeast,26.3,dozen,Y,2026-10-05 06:00:00
PRD06113,CAT08,Huggies Lite Select Pouch 7112,MTR,25.05,dozen,Y,2026-10-05 06:00:00
PRD06114,CAT02,Catch Gold Daily Carton 7113,Johnson's,64.02,250g,Y,2026-10-05 06:00:00
PRD06115,CAT29,Parle Lite Fresh Pouch 7114,Sudha,85.91,pcs,Y,2026-10-05 06:00:00
PRD06116,CAT23,ITC Organic Fresh Bottle 7115,Fresho,27.79,kg,N,2026-10-05 06:00:00
PRD06117,CAT06,Britannia Gold  Pack 7116,Aashirvaad,12.03,pcs,Y,2026-10-05 06:00:00
PRD06118,CAT43,Huggies Organic Natural Box 7117,Huggies,115.24,250g,Y,2026-10-05 06:00:00
PRD06119,CAT36,Vim Gold  Jar 7118,Weikfield,33.59,pcs,Y,2026-10-05 06:00:00
PRD06120,CAT21,Sunpure Premium  Item 7119,Himalaya,173.69,1L,Y,2026-10-05 06:00:00
PRD06121,CAT22,Coca-Cola Lite Extra Jar 7120,Huggies,4.85,250g,N,2026-10-05 06:00:00
PRD06122,CAT09,Everest Gold  Box 7121,Heritage,43.64,pack,Y,2026-10-05 06:00:00
PRD06123,CAT34,Fresho Regular  Pack 7122,Surf Excel,205.77,250g,Y,2026-10-05 06:00:00
PRD06124,CAT26,Saffola Lite  Item 7123,Harpic,26.63,kg,Y,2026-10-05 06:00:00
PRD06125,CAT01,Nestle Premium Select Pack 7124,Lakme,29.88,500g,Y,2026-10-05 06:00:00
PRD06126,CAT36,Ananda Ultra Select Bottle 7125,Dabur,47.75,250g,Y,2026-10-05 06:00:00
PRD06127,CAT44,Mother Dairy Classic  Item 7126,Huggies,22.13,500g,N,2026-10-05 06:00:00
PRD06128,CAT05,Pedigree Classic  Box 7127,Dettol,27.64,pcs,Y,2026-10-05 06:00:00
PRD06129,CAT41,Surf Excel Organic  Item 7128,ITC,27.0,250g,Y,2026-10-05 06:00:00
PRD06130,CAT22,Ariel Classic Select Pouch 7129,MTR,20.81,bottle,Y,2026-10-05 06:00:00
PRD06131,CAT04,Saffola Gold Daily Pack 7130,Marico,110.61,pcs,Y,2026-10-05 06:00:00
PRD06132,CAT02,Rasna Family Pack Daily Bottle 7131,Nestle,55.42,pcs,Y,2026-10-05 06:00:00
PRD06133,CAT16,Everest Family Pack  Bottle 7132,Mother Dairy,45.86,pcs,Y,2026-10-05 06:00:00
PRD06134,CAT16,Amul Regular Fresh Pouch 7133,Patanjali,75.77,bottle,Y,2026-10-05 06:00:00
PRD06135,CAT22,Thirumala Classic Select Bottle 7134,Godrej,28.85,pcs,Y,2026-10-05 06:00:00
PRD06136,CAT43,Godrej Organic Daily Item 7135,Dove,18.23,pcs,N,2026-10-05 06:00:00
PRD06137,CAT01,Tata Premium Fresh Jar 7136,Pampers,21.28,pcs,Y,2026-10-05 06:00:00
PRD06138,CAT15,Fortune Lite Select Item 7137,Godrej,36.66,pcs,Y,2026-10-05 06:00:00
PRD06139,CAT24,Licious Classic Daily Bottle 7138,Frooti,14.11,250g,Y,2026-10-05 06:00:00
PRD06140,CAT04,Dove Classic  Box 7139,Ariel,23.33,kg,Y,2026-10-05 06:00:00
PRD06141,CAT18,Dove Regular Fresh Box 7140,Lakme,23.0,pcs,Y,2026-10-05 06:00:00
PRD06142,CAT17,Whiskas Gold Fresh Pack 7141,Licious,247.67,pcs,Y,2026-10-05 06:00:00
PRD06143,CAT07,Nestle Lite Fresh Carton 7142,Dove,3.01,bottle,Y,2026-10-05 06:00:00
PRD06144,CAT10,Sunpure Premium  Box 7143,Everest,31.14,pack,Y,2026-10-05 06:00:00
PRD06145,CAT01,Patanjali Regular Daily Box 7144,Ariel,172.97,pcs,N,2026-10-05 06:00:00
PRD06146,CAT02,Dettol Organic  Bottle 7145,Saffola,40.84,pcs,Y,2026-10-05 06:00:00
PRD06147,CAT22,Parle Organic Fresh Box 7146,Parle,72.1,dozen,Y,2026-10-05 06:00:00
PRD06148,CAT32,Ariel Ultra Select Bottle 7147,Pampers,40.04,250g,Y,2026-10-05 06:00:00
PRD06149,CAT29,Rin Gold  Item 7148,Sunfeast,20.07,kg,Y,2026-10-05 06:00:00
PRD06150,CAT35,Tata Gold Fresh Jar 7149,Pepsi,4.87,pcs,Y,2026-10-05 06:00:00
PRD06151,CAT17,Catch Premium  Jar 7150,Licious,44.03,1L,N,2026-10-05 06:00:00
PRD06152,CAT12,Oleev Classic  Pack 7151,Rin,18.21,250g,Y,2026-10-05 06:00:00
PRD06153,CAT24,MTR Foods Lite Extra Pouch 7152,Dettol,17.81,bottle,Y,2026-10-05 06:00:00
PRD06154,CAT30,Oleev Ultra  Pack 7153,Dove,23.36,dozen,Y,2026-10-05 06:00:00
PRD06155,CAT44,Fresho Organic  Item 7154,Parle,175.98,pcs,N,2026-10-05 06:00:00
PRD06156,CAT30,Pedigree Regular  Bottle 7155,Harpic,318.73,1L,Y,2026-10-05 06:00:00
PRD06157,CAT20,Godrej Regular  Bottle 7156,Weikfield,44.5,pcs,Y,2026-10-05 06:00:00
PRD06158,CAT42,Fortune Regular Daily Bottle 7157,Marico,24.09,pack,Y,2026-10-05 06:00:00
PRD06159,CAT07,Colgate Gold Daily Box 7158,Mother Dairy,12.69,250g,Y,2026-10-05 06:00:00
PRD06160,CAT42,Clinic Plus Premium  Box 7159,Aashirvaad,55.8,bottle,Y,2026-10-05 06:00:00
PRD06161,CAT38,Dove Gold  Carton 7160,Fortune,182.11,pcs,Y,2026-10-05 06:00:00
PRD06162,CAT07,Johnson's Gold Natural Item 7161,Parle,29.29,pcs,N,2026-10-05 06:00:00
PRD06163,CAT30,Johnson's Classic Select Item 7162,Fresho,4.3,pcs,Y,2026-10-05 06:00:00
PRD06164,CAT12,Marico Gold Natural Box 7163,Tata,66.89,pcs,Y,2026-10-05 06:00:00
PRD06165,CAT31,Huggies Premium Fresh Jar 7164,Aashirvaad,88.84,500g,Y,2026-10-05 06:00:00
PRD06166,CAT18,A2B Organic  Item 7165,Harpic,8.78,kg,Y,2026-10-05 06:00:00
PRD06167,CAT43,Tata Family Pack  Pack 7166,Pampers,42.9,500g,Y,2026-10-05 06:00:00
PRD06168,CAT02,Tata Ultra Select Bottle 7167,Johnson's,54.93,1L,Y,2026-10-05 06:00:00
PRD06169,CAT33,Nestle Premium  Pack 7168,Licious,34.27,bottle,Y,2026-10-05 06:00:00
PRD06170,CAT11,Johnson's Lite  Bottle 7169,Fortune,17.96,bottle,Y,2026-10-05 06:00:00
PRD06171,CAT34,Dove Premium  Jar 7170,Vim,91.32,500g,Y,2026-10-05 06:00:00
PRD06172,CAT16,Licious Gold Daily Pack 7171,Nestle,25.46,pcs,Y,2026-10-05 06:00:00
PRD06173,CAT35,Huggies Organic  Box 7172,A2B,9.62,pcs,Y,2026-10-05 06:00:00
PRD06174,CAT33,Dove Gold  Jar 7173,Licious,5.79,500g,Y,2026-10-05 06:00:00
PRD06175,CAT21,Fresho Ultra Natural Item 7174,Aashirvaad,113.84,250g,Y,2026-10-05 06:00:00
PRD06176,CAT20,Gillette Organic Select Carton 7175,Harpic,63.75,250g,Y,2026-10-05 06:00:00
PRD06177,CAT08,Parle Lite Fresh Box 7176,Haldiram's,39.61,1L,Y,2026-10-05 06:00:00
PRD06178,CAT26,Gowardhan Premium Fresh Jar 7177,Saffola,24.62,bottle,Y,2026-10-05 06:00:00
PRD06179,CAT33,Pepsi Gold Extra Bottle 7178,Close-Up,22.73,pack,Y,2026-10-05 06:00:00
PRD06180,CAT26,Fortune Ultra Select Carton 7179,Gillette,13.9,dozen,Y,2026-10-05 06:00:00
PRD06181,CAT37,Nestle Classic  Box 7180,Surf Excel,24.82,bottle,Y,2026-10-05 06:00:00
PRD06182,CAT30,Mother Dairy Premium Natural Bottle 7181,Marico,5.43,pcs,Y,2026-10-05 06:00:00
PRD06183,CAT31,Catch Lite Fresh Bottle 7182,MTR Foods,18.87,pcs,Y,2026-10-05 06:00:00
PRD06184,CAT33,Sunpure Gold Fresh Pack 7183,Coca-Cola,27.66,500g,Y,2026-10-05 06:00:00
PRD06185,CAT11,Sunfeast Organic  Bottle 7184,Amul,63.36,1L,Y,2026-10-05 06:00:00
PRD06186,CAT41,Dettol Gold  Box 7185,Catch,35.31,1L,Y,2026-10-05 06:00:00
PRD06187,CAT05,Saffola Classic  Carton 7186,Lakme,74.85,pcs,Y,2026-10-05 06:00:00
PRD06188,CAT02,Clinic Plus Gold Select Bottle 7187,Himalaya,123.25,pack,Y,2026-10-05 06:00:00
PRD06189,CAT13,Amul Organic Select Jar 7188,Rasna,94.86,pcs,Y,2026-10-05 06:00:00
PRD06190,CAT18,Sudha Organic Natural Jar 7189,Ariel,55.89,bottle,Y,2026-10-05 06:00:00
PRD06191,CAT26,Ananda Organic  Carton 7190,MTR Foods,36.99,500g,Y,2026-10-05 06:00:00
PRD06192,CAT25,Maggi Ultra  Pouch 7191,A2B,15.14,pcs,Y,2026-10-05 06:00:00
PRD06193,CAT44,Licious Family Pack Select Carton 7192,Huggies,71.23,pcs,Y,2026-10-05 06:00:00
PRD06194,CAT14,Pampers Family Pack Fresh Carton 7193,A2B,-165.96,pcs,Y,2026-10-05 06:00:00
PRD06195,CAT05,Lakme Ultra Extra Bottle 7194,Harpic,49.79,pcs,Y,2026-10-05 06:00:00
PRD06196,CAT42,Thirumala Classic  Pouch 7195,Nivea,205.52,250g,N,2026-10-05 06:00:00
PRD06197,CAT02,Tata Lite Natural Item 7196,Sunpure,9.27,pcs,Y,2026-10-05 06:00:00
PRD06198,CAT04,Britannia Organic  Carton 7197,Gowardhan,12.95,pack,Y,2026-10-05 06:00:00
PRD06199,CAT12,Whiskas Ultra Extra Box 7198,Thirumala,79.02,pcs,Y,2026-10-05 06:00:00
PRD06200,CAT11,Lay's Gold Daily Box 7199,Haldiram's,46.43,pcs,Y,2026-10-05 06:00:00
PRD06201,CAT04,A2B Ultra Daily Box 7200,Dettol,119.39,pack,Y,2026-10-05 06:00:00
PRD06202,CAT43,Tata Ultra Select Jar 7201,Marico,36.09,500g,N,2026-10-05 06:00:00
PRD06203,CAT09,Saffola Organic  Item 7202,Catch,16.76,1L,Y,2026-10-05 06:00:00
PRD06204,CAT10,Lay's Classic Natural Carton 7203,Ariel,30.2,pcs,Y,2026-10-05 06:00:00
PRD06205,CAT27,Marico Organic Fresh Pouch 7204,Everest,9.21,pcs,Y,2026-10-05 06:00:00
PRD06206,CAT06,Everest Regular  Box 7205,Nivea,13.25,500g,Y,2026-10-05 06:00:00
PRD06207,CAT15,Godrej Gold  Bottle 7206,Fortune,87.81,500g,Y,2026-10-05 06:00:00
PRD06208,CAT42,Weikfield Ultra Fresh Jar 7207,Sunpure,80.28,pcs,Y,2026-10-05 06:00:00
PRD06209,CAT31,Heritage Classic  Item 7208,Nestle,50.74,1L,N,2026-10-05 06:00:00
PRD06210,CAT22,Weikfield Family Pack Daily Pouch 7209,Surf Excel,7.78,bottle,N,2026-10-05 06:00:00
PRD06211,CAT06,Johnson's Classic  Bottle 7210,Rasna,26.51,pcs,Y,2026-10-05 06:00:00
PRD06212,CAT33,Mother Dairy Premium Select Pack 7211,Weikfield,12.15,kg,Y,2026-10-05 06:00:00
PRD06213,CAT29,Colgate Lite Natural Jar 7212,Dove,105.52,pcs,Y,2026-10-05 06:00:00
PRD06214,CAT21,Ariel Ultra  Jar 7213,Colgate,21.64,pack,Y,2026-10-05 06:00:00
PRD06215,CAT30,Aashirvaad Ultra Select Pouch 7214,Dettol,13.77,pack,Y,2026-10-05 06:00:00
PRD06216,CAT21,Nestle Organic Select Box 7215,Frooti,37.59,pcs,Y,2026-10-05 06:00:00
PRD06217,CAT36,A2B Premium Natural Carton 7216,Sunfeast,20.57,kg,N,2026-10-05 06:00:00
PRD06218,CAT22,Harpic Classic  Pack 7217,Everest,139.12,500g,Y,2026-10-05 06:00:00
PRD06219,CAT20,Dove Gold Natural Box 7218,Lakme,18.89,pcs,Y,2026-10-05 06:00:00
PRD06220,CAT22,Dabur Ultra  Carton 7219,Godrej,10.39,1L,Y,2026-10-05 06:00:00
PRD06221,CAT40,Catch Gold Daily Carton 7220,Fresho,5.27,dozen,Y,2026-10-05 06:00:00
PRD06222,CAT11,Nestle Classic Select Item 7221,Dabur,35.6,bottle,Y,2026-10-05 06:00:00
PRD06223,CAT31,Colgate Organic  Carton 7222,Tata,22.07,pcs,Y,2026-10-05 06:00:00
PRD06224,CAT40,Mother Dairy Family Pack  Item 7223,Colgate,10.11,1L,Y,2026-10-05 06:00:00
PRD06225,CAT13,MDH Organic  Item 7224,MTR Foods,106.73,pcs,Y,2026-10-05 06:00:00
PRD06226,CAT18,Dabur Gold  Jar 7225,Gowardhan,66.72,500g,N,2026-10-05 06:00:00
PRD06227,CAT22,Dabur Classic Extra Pouch 7226,Haldiram's,35.68,500g,Y,2026-10-05 06:00:00
PRD06228,CAT17,Heritage Premium  Item 7227,Sudha,124.95,pcs,N,2026-10-05 06:00:00
PRD06229,CAT38,Sudha Ultra  Item 7228,Everest,66.44,500g,Y,2026-10-05 06:00:00
PRD06230,CAT25,Patanjali Ultra Extra Carton 7229,Godrej,17.45,bottle,Y,2026-10-05 06:00:00
PRD06231,CAT32,Surf Excel Lite  Carton 7230,Lakme,14.36,500g,Y,2026-10-05 06:00:00
PRD06232,CAT15,Frooti Family Pack  Pouch 7231,Coca-Cola,76.42,pack,Y,2026-10-05 06:00:00
PRD06233,CAT13,Heritage Family Pack Select Item 7232,Gowardhan,52.29,pcs,Y,2026-10-05 06:00:00
PRD06234,CAT26,Oleev Classic Select Pack 7233,Aashirvaad,42.64,dozen,N,2026-10-05 06:00:00
PRD06235,CAT11,Saffola Regular  Jar 7234,Parle,17.08,pcs,Y,2026-10-05 06:00:00
PRD06236,CAT13,Whiskas Ultra  Pouch 7235,Bisleri,63.25,1L,Y,2026-10-05 06:00:00
PRD06237,CAT33,MTR Foods Ultra Extra Carton 7236,Mother Dairy,18.54,250g,N,2026-10-05 06:00:00
PRD06238,CAT37,Pedigree Regular Natural Item 7237,A2B,33.39,pack,Y,2026-10-05 06:00:00
PRD06239,CAT38,Marico Classic  Pack 7238,Lakme,134.59,pcs,Y,2026-10-05 06:00:00
PRD06240,CAT01,Rin Regular Daily Box 7239,Parle,20.19,500g,Y,2026-10-05 06:00:00
PRD06241,CAT39,Pedigree Gold  Item 7240,Everest,8.88,1L,Y,2026-10-05 06:00:00
PRD06242,CAT27,Close-Up Gold Extra Pouch 7241,Gillette,14.19,pcs,Y,2026-10-05 06:00:00
PRD06243,CAT36,Everest Premium Extra Pack 7242,Tata,89.56,1L,Y,2026-10-05 06:00:00
PRD06244,CAT32,Oleev Family Pack  Jar 7243,Ariel,46.03,500g,N,2026-10-05 06:00:00
PRD06245,CAT41,Fortune Family Pack  Bottle 7244,Fresho,32.59,500g,Y,2026-10-05 06:00:00
PRD06246,CAT15,Harpic Organic  Pouch 7245,Heritage,23.15,pcs,Y,2026-10-05 06:00:00
PRD06247,CAT31,Frooti Classic Extra Carton 7246,Surf Excel,56.65,pcs,Y,2026-10-05 06:00:00
PRD06248,CAT06,Lay's Gold Daily Jar 7247,Maggi,17.04,pack,Y,2026-10-05 06:00:00
PRD06249,CAT25,Nivea Organic Fresh Bottle 7248,Frooti,48.19,500g,Y,2026-10-05 06:00:00
PRD06250,CAT18,Gillette Classic Daily Bottle 7249,Godrej,18.95,1L,Y,2026-10-05 06:00:00
PRD06251,CAT22,Haldiram's Lite  Bottle 7250,Marico,16.32,500g,Y,2026-10-05 06:00:00
PRD06252,CAT31,Licious Organic  Item 7251,Dabur,20.62,pcs,Y,2026-10-05 06:00:00
PRD06253,CAT36,Pepsi Ultra  Jar 7252,Maggi,26.11,500g,Y,2026-10-05 06:00:00
PRD06254,CAT09,Catch Regular Natural Bottle 7253,Dove,35.02,pcs,Y,2026-10-05 06:00:00
PRD06255,CAT03,A2B Premium  Pack 7254,Dettol,45.24,pack,Y,2026-10-05 06:00:00
PRD06256,CAT33,MTR Foods Ultra Fresh Pack 7255,MTR Foods,3.0,dozen,Y,2026-10-05 06:00:00
PRD06257,CAT27,Sudha Gold Daily Bottle 7256,Huggies,17.69,bottle,Y,2026-10-05 06:00:00
PRD06258,CAT43,Pepsi Gold  Bottle 7257,Nivea,25.73,500g,Y,2026-10-05 06:00:00
PRD06259,CAT01,Ariel Premium Select Pouch 7258,Weikfield,141.82,1L,Y,2026-10-05 06:00:00
PRD06260,CAT44,Weikfield Organic Natural Carton 7259,MTR,13.85,kg,Y,2026-10-05 06:00:00
PRD06261,CAT09,Clinic Plus Ultra Select Jar 7260,Maggi,42.37,500g,Y,2026-10-05 06:00:00
PRD06262,CAT05,Close-Up Premium Select Carton 7261,Licious,140.54,1L,Y,2026-10-05 06:00:00
PRD06263,CAT15,Rin Regular  Bottle 7262,MTR Foods,11.23,1L,Y,2026-10-05 06:00:00
PRD06264,CAT09,Lakme Classic Daily Pouch 7263,Coca-Cola,52.17,250g,Y,2026-10-05 06:00:00
PRD06265,CAT28,Sunpure Regular  Item 7264,Pampers,17.78,1L,Y,2026-10-05 06:00:00
PRD06266,CAT13,Parle Premium  Carton 7265,Rin,23.24,250g,Y,2026-10-05 06:00:00
PRD06267,CAT24,Dettol Ultra  Bottle 7266,Surf Excel,17.76,250g,Y,2026-10-05 06:00:00
PRD06268,CAT10,Aashirvaad Premium Extra Item 7267,Godrej,18.94,pack,Y,2026-10-05 06:00:00
PRD06269,CAT42,Patanjali Lite Natural Item 7268,Harpic,423.99,500g,Y,2026-10-05 06:00:00
PRD06270,CAT22,Heritage Ultra  Box 7269,Pepsi,78.26,250g,Y,2026-10-05 06:00:00
PRD06271,CAT39,Sunpure Lite  Pouch 7270,Everest,98.65,pcs,Y,2026-10-05 06:00:00
PRD06272,CAT22,Pampers Lite  Box 7271,Fortune,56.99,bottle,Y,2026-10-05 06:00:00
PRD06273,CAT37,Pampers Ultra  Pack 7272,Heritage,8.62,pcs,Y,2026-10-05 06:00:00
PRD06274,CAT39,Nestle Premium Fresh Item 7273,Rin,52.22,500g,Y,2026-10-05 06:00:00
PRD06275,CAT20,Everest Organic  Carton 7274,Frooti,96.12,pack,Y,2026-10-05 06:00:00
PRD06276,CAT10,Amul Regular Daily Item 7275,Oleev,16.98,1L,Y,2026-10-05 06:00:00
PRD06277,CAT10,Lay's Classic Natural Item 7276,Oleev,87.25,pcs,Y,2026-10-05 06:00:00
PRD06278,CAT26,Gowardhan Family Pack Natural Carton 7277,MTR,68.99,pcs,Y,2026-10-05 06:00:00
PRD06279,CAT25,Sudha Organic Fresh Bottle 7278,Huggies,193.8,kg,Y,2026-10-05 06:00:00
PRD06280,CAT28,MDH Lite Daily Jar 7279,Patanjali,25.13,pcs,Y,2026-10-05 06:00:00
PRD06281,CAT13,A2B Regular Daily Box 7280,Coca-Cola,13.63,pcs,Y,2026-10-05 06:00:00
PRD06282,CAT15,Johnson's Classic  Item 7281,Pampers,26.43,250g,Y,2026-10-05 06:00:00
PRD06283,CAT06,Parle Premium  Carton 7282,Godrej,133.22,1L,Y,2026-10-05 06:00:00
PRD06284,CAT12,ITC Family Pack Select Box 7283,Safal,7.06,250g,Y,2026-10-05 06:00:00
PRD06285,CAT19,Oleev Gold Extra Pouch 7284,Sunpure,5.69,250g,Y,2026-10-05 06:00:00
PRD06286,CAT32,Heritage Organic  Box 7285,Dettol,39.66,bottle,Y,2026-10-05 06:00:00
PRD06287,CAT11,Close-Up Lite Natural Box 7286,Rasna,24.57,kg,Y,2026-10-05 06:00:00
PRD06288,CAT38,Everest Classic  Pouch 7287,Britannia,36.85,250g,Y,2026-10-05 06:00:00
PRD06289,CAT33,Oleev Classic Extra Bottle 7288,Sunpure,85.69,pcs,Y,2026-10-05 06:00:00
PRD06290,CAT02,Haldiram's Classic  Pack 7289,Nestle,22.26,500g,Y,2026-10-05 06:00:00
PRD06291,CAT15,Ariel Regular Extra Pouch 7290,Tata,6.78,1L,Y,2026-10-05 06:00:00
PRD06292,CAT36,Harpic Regular Natural Box 7291,ITC,230.45,500g,Y,2026-10-05 06:00:00
PRD06293,CAT05,Lay's Organic  Carton 7292,Colgate,14.92,pcs,Y,2026-10-05 06:00:00
PRD06294,CAT15,Weikfield Family Pack  Pack 7293,Parle,14.11,1L,Y,2026-10-05 06:00:00
PRD06295,CAT43,Catch Organic  Pack 7294,Patanjali,98.82,bottle,Y,2026-10-05 06:00:00
PRD06296,CAT10,Himalaya Ultra Select Carton 7295,Surf Excel,25.89,500g,Y,2026-10-05 06:00:00
PRD06297,CAT17,Everest Regular Fresh Bottle 7296,Nestle,34.57,1L,Y,2026-10-05 06:00:00
PRD06298,CAT34,Oleev Family Pack Extra Pack 7297,Bisleri,56.52,1L,Y,2026-10-05 06:00:00
PRD06299,CAT24,Britannia Regular  Bottle 7298,Himalaya,97.05,500g,N,2026-10-05 06:00:00
PRD06300,CAT10,Harpic Premium Extra Pack 7299,MTR Foods,27.11,1L,Y,2026-10-05 06:00:00
PRD06301,CAT30,Tata Family Pack  Box 7300,Vim,143.73,pcs,Y,2026-10-05 06:00:00
PRD06302,CAT03,Gowardhan Ultra Extra Pouch 7301,Rin,5.35,500g,Y,2026-10-05 06:00:00
PRD06303,CAT37,MTR Foods Lite Extra Jar 7302,Aashirvaad,72.52,pack,Y,2026-10-05 06:00:00
PRD06304,CAT03,Catch Premium Daily Item 7303,Weikfield,17.19,250g,Y,2026-10-05 06:00:00
PRD06305,CAT40,Gillette Regular Fresh Pack 7304,Vim,125.84,500g,Y,2026-10-05 06:00:00
PRD06306,CAT05,Pedigree Premium  Bottle 7305,Marico,41.59,pcs,Y,2026-10-05 06:00:00
PRD06307,CAT28,Himalaya Classic Fresh Pouch 7306,Everest,19.97,pack,Y,2026-10-05 06:00:00
PRD06308,CAT44,Sunpure Regular Extra Jar 7307,Bisleri,66.46,pcs,Y,2026-10-05 06:00:00
PRD06309,CAT14,Pepsi Organic  Pack 7308,Safal,81.77,pcs,Y,2026-10-05 06:00:00
PRD06310,CAT39,Huggies Gold Natural Box 7309,Aashirvaad,65.22,500g,Y,2026-10-05 06:00:00
PRD06311,CAT11,Oleev Organic Select Pack 7310,Fortune,14.49,250g,Y,2026-10-05 06:00:00
PRD06312,CAT08,Fresho Family Pack  Pouch 7311,MDH,23.67,pack,Y,2026-10-05 06:00:00
PRD06313,CAT37,Pedigree Ultra  Bottle 7312,Maggi,36.46,dozen,Y,2026-10-05 06:00:00
PRD06314,CAT08,Dettol Organic Fresh Pack 7313,Gillette,35.26,pcs,Y,2026-10-05 06:00:00
PRD06315,CAT12,Amul Family Pack Select Jar 7314,Sudha,71.86,pcs,Y,2026-10-05 06:00:00
PRD06316,CAT15,Patanjali Gold Extra Item 7315,Bisleri,5.97,1L,Y,2026-10-05 06:00:00
PRD06317,CAT19,A2B Lite Natural Pack 7316,Huggies,49.45,pack,Y,2026-10-05 06:00:00
PRD06318,CAT28,Catch Organic Extra Bottle 7317,Fortune,28.19,pcs,Y,2026-10-05 06:00:00
PRD06319,CAT07,Frooti Gold Natural Pouch 7318,Marico,17.21,500g,Y,2026-10-05 06:00:00
PRD06320,CAT40,Maggi Lite Select Jar 7319,Tata,18.76,500g,Y,2026-10-05 06:00:00
PRD06321,CAT07,Whiskas Family Pack  Bottle 7320,Heritage,30.17,250g,Y,2026-10-05 06:00:00
PRD06322,CAT30,Fresho Premium Fresh Pouch 7321,Heritage,3.0,pcs,Y,2026-10-05 06:00:00
PRD06323,CAT18,Safal Organic Daily Pack 7322,Johnson's,19.47,dozen,Y,2026-10-05 06:00:00
PRD06324,CAT24,Tata Regular Natural Carton 7323,Colgate,16.64,500g,Y,2026-10-05 06:00:00
PRD06325,CAT06,Mother Dairy Ultra  Box 7324,Dettol,59.12,pcs,Y,2026-10-05 06:00:00
PRD06326,CAT04,Ananda Premium  Bottle 7325,Parle,17.73,pcs,Y,2026-10-05 06:00:00
PRD06327,CAT03,Dabur Organic  Box 7326,Haldiram's,30.16,pcs,Y,2026-10-05 06:00:00
PRD06328,CAT06,Nivea Family Pack Select Box 7327,Harpic,146.65,250g,Y,2026-10-05 06:00:00
PRD06329,CAT26,Oleev Premium Natural Pack 7328,Catch,89.56,250g,Y,2026-10-05 06:00:00
PRD06330,CAT44,Rasna Regular Select Bottle 7329,Thirumala,82.44,pcs,N,2026-10-05 06:00:00
PRD06331,CAT38,Tata Family Pack Extra Bottle 7330,Close-Up,23.34,1L,Y,2026-10-05 06:00:00
PRD06332,CAT11,MDH Regular Natural Box 7331,Godrej,59.66,250g,Y,2026-10-05 06:00:00
PRD06333,CAT29,Coca-Cola Organic  Pouch 7332,Oleev,29.65,500g,Y,2026-10-05 06:00:00
PRD06334,CAT20,MDH Premium Daily Carton 7333,Harpic,30.68,500g,Y,2026-10-05 06:00:00
PRD06335,CAT10,Ananda Ultra  Carton 7334,Himalaya,52.92,500g,Y,2026-10-05 06:00:00
PRD06336,CAT26,Pepsi Family Pack Daily Carton 7335,Vim,21.39,pcs,Y,2026-10-05 06:00:00
PRD06337,CAT27,Bisleri Gold Extra Jar 7336,Lay's,140.29,500g,Y,2026-10-05 06:00:00
PRD06338,CAT14,Patanjali Gold  Jar 7337,Dettol,31.69,pcs,Y,2026-10-05 06:00:00
PRD06339,CAT36,Pepsi Gold  Bottle 7338,Dabur,63.85,500g,Y,2026-10-05 06:00:00
PRD06340,CAT12,Harpic Classic  Carton 7339,Nestle,135.64,kg,Y,2026-10-05 06:00:00
PRD06341,CAT23,Clinic Plus Regular Extra Bottle 7340,Haldiram's,92.62,pcs,Y,2026-10-05 06:00:00
PRD06342,CAT21,Nivea Classic Extra Item 7341,Safal,10.3,pcs,Y,2026-10-05 06:00:00
PRD06343,CAT08,Vim Gold  Carton 7342,Colgate,54.62,250g,Y,2026-10-05 06:00:00
PRD06344,CAT39,Himalaya Gold Natural Item 7343,Weikfield,78.7,pcs,Y,2026-10-05 06:00:00
PRD06345,CAT09,Himalaya Ultra Select Pouch 7344,Aashirvaad,81.67,pcs,Y,2026-10-05 06:00:00
PRD06346,CAT24,Johnson's Lite  Box 7345,Dove,13.44,500g,Y,2026-10-05 06:00:00
PRD06347,CAT31,Pepsi Classic Select Pouch 7346,Pampers,20.26,kg,Y,2026-10-05 06:00:00
PRD06348,CAT25,Amul Lite  Pack 7347,Amul,89.58,pcs,Y,2026-10-05 06:00:00
PRD06349,CAT17,Nestle Gold Select Pouch 7348,Pampers,18.44,kg,Y,2026-10-05 06:00:00
PRD06350,CAT42,Ananda Premium  Box 7349,Britannia,27.95,250g,Y,2026-10-05 06:00:00
PRD06351,CAT29,Pepsi Organic Fresh Bottle 7350,Thirumala,151.15,250g,Y,2026-10-05 06:00:00
PRD06352,CAT03,Thirumala Classic  Bottle 7351,Johnson's,35.06,250g,Y,2026-10-05 06:00:00
PRD06353,CAT21,Pampers Premium  Bottle 7352,Harpic,19.03,pcs,Y,2026-10-05 06:00:00
PRD06354,CAT08,Clinic Plus Premium Daily Carton 7353,Rin,16.61,pcs,Y,2026-10-05 06:00:00
PRD06355,CAT14,Dove Organic Daily Bottle 7354,Fortune,49.38,pcs,Y,2026-10-05 06:00:00
PRD06356,CAT39,Licious Premium Natural Jar 7355,Coca-Cola,11.03,pcs,N,2026-10-05 06:00:00
PRD06357,CAT16,Amul Premium Fresh Pouch 7356,ITC,29.29,dozen,Y,2026-10-05 06:00:00
PRD06358,CAT18,Dabur Lite  Bottle 7357,Rasna,49.4,1L,Y,2026-10-05 06:00:00
PRD06359,CAT31,Thirumala Family Pack  Box 7358,Tata,117.83,500g,Y,2026-10-05 06:00:00
PRD06360,CAT11,Safal Ultra Select Pouch 7359,MTR,66.74,250g,Y,2026-10-05 06:00:00
PRD06361,CAT38,Fortune Classic Extra Pack 7360,Coca-Cola,19.25,dozen,Y,2026-10-05 06:00:00
PRD06362,CAT20,Huggies Ultra Extra Bottle 7361,Dove,105.7,kg,Y,2026-10-05 06:00:00
PRD06363,CAT04,Mother Dairy Premium Daily Pouch 7362,Fresho,27.95,pack,Y,2026-10-05 06:00:00
PRD06364,CAT20,Britannia Organic Natural Box 7363,Ananda,12.04,500g,Y,2026-10-05 06:00:00
PRD06365,CAT31,Tata Gold Natural Pouch 7364,Fresho,31.35,pcs,Y,2026-10-05 06:00:00
PRD06366,CAT20,Catch Regular  Jar 7365,ITC,133.53,pcs,Y,2026-10-05 06:00:00
PRD06367,CAT11,Nivea Lite Daily Pack 7366,Fortune,42.47,pcs,Y,2026-10-05 06:00:00
PRD06368,CAT01,Clinic Plus Gold Extra Pack 7367,Britannia,37.01,pcs,Y,2026-10-05 06:00:00
PRD06369,CAT44,Pampers Classic  Pouch 7368,Godrej,159.73,kg,Y,2026-10-05 06:00:00
PRD06370,CAT18,Surf Excel Organic Daily Box 7369,Whiskas,10.09,kg,Y,2026-10-05 06:00:00
PRD06371,CAT39,MTR Foods Premium Fresh Carton 7370,Pedigree,11.51,1L,Y,2026-10-05 06:00:00
PRD06372,CAT44,Huggies Organic  Pack 7371,Clinic Plus,8.55,250g,N,2026-10-05 06:00:00
PRD06373,CAT33,Thirumala Organic Select Bottle 7372,Himalaya,51.18,500g,Y,2026-10-05 06:00:00
PRD06374,CAT36,Bisleri Regular  Bottle 7373,Maggi,42.51,pcs,Y,2026-10-05 06:00:00
PRD06375,CAT18,A2B Gold Fresh Box 7374,Lakme,146.71,bottle,Y,2026-10-05 06:00:00
PRD06376,CAT31,Patanjali Family Pack Fresh Pouch 7375,Rasna,45.56,pcs,Y,2026-10-05 06:00:00
PRD06377,CAT35,Everest Regular  Bottle 7376,Close-Up,25.44,250g,Y,2026-10-05 06:00:00
PRD06378,CAT39,Catch Premium Select Box 7377,Safal,36.66,pcs,Y,2026-10-05 06:00:00
PRD06379,CAT38,Heritage Premium Select Jar 7378,Dettol,40.69,bottle,Y,2026-10-05 06:00:00
PRD06380,CAT15,Gillette Regular Select Carton 7379,Catch,8.13,1L,Y,2026-10-05 06:00:00
PRD06381,CAT06,A2B Premium  Item 7380,Gowardhan,419.6,1L,Y,2026-10-05 06:00:00
PRD06382,CAT08,Pampers Premium  Pouch 7381,Sunpure,58.43,pcs,Y,2026-10-05 06:00:00
PRD06383,CAT40,Thirumala Gold  Pack 7382,Harpic,44.21,500g,Y,2026-10-05 06:00:00
PRD06384,CAT22,Pepsi Classic Natural Carton 7383,Heritage,63.67,500g,Y,2026-10-05 06:00:00
PRD06385,CAT01,Heritage Ultra Daily Pouch 7384,Everest,69.3,pcs,Y,2026-10-05 06:00:00
PRD06386,CAT13,Britannia Ultra Fresh Pouch 7385,Harpic,32.25,bottle,Y,2026-10-05 06:00:00
PRD06387,CAT24,Huggies Premium Daily Pack 7386,Colgate,20.74,pack,Y,2026-10-05 06:00:00
PRD06388,CAT21,Fresho Gold Natural Pack 7387,Heritage,62.77,500g,Y,2026-10-05 06:00:00
PRD06389,CAT43,Mother Dairy Lite  Item 7388,Rasna,51.79,pcs,Y,2026-10-05 06:00:00
PRD06390,CAT04,Coca-Cola Lite Natural Item 7389,Saffola,17.66,pack,Y,2026-10-05 06:00:00
PRD06391,CAT07,Britannia Gold Natural Jar 7390,Weikfield,131.25,pcs,Y,2026-10-05 06:00:00
PRD06392,CAT12,Sudha Regular Natural Carton 7391,Johnson's,47.66,pcs,Y,2026-10-05 06:00:00
PRD06393,CAT13,Tata Classic Daily Box 7392,Himalaya,70.59,pcs,Y,2026-10-05 06:00:00
PRD06394,CAT44,Himalaya Regular  Pack 7393,Nestle,128.09,pcs,Y,2026-10-05 06:00:00
PRD06395,CAT16,Sunpure Organic Fresh Jar 7394,Pedigree,37.33,500g,Y,2026-10-05 06:00:00
PRD06396,CAT06,Ananda Lite Daily Carton 7395,A2B,48.68,pcs,Y,2026-10-05 06:00:00
PRD06397,CAT14,Oleev Lite Daily Pack 7396,Godrej,75.87,250g,N,2026-10-05 06:00:00
PRD06398,CAT31,Himalaya Lite Select Pack 7397,MTR,19.06,1L,Y,2026-10-05 06:00:00
PRD06399,CAT36,Ariel Organic  Item 7398,Maggi,38.42,500g,Y,2026-10-05 06:00:00
PRD06400,CAT37,Sudha Premium Natural Pouch 7399,Thirumala,40.98,500g,Y,2026-10-05 06:00:00
PRD06401,CAT41,Everest Lite  Pack 7400,Amul,15.48,pack,Y,2026-10-05 06:00:00
PRD06402,CAT35,Thirumala Ultra Fresh Item 7401,MTR Foods,294.68,250g,Y,2026-10-05 06:00:00
PRD06403,CAT10,Coca-Cola Premium Extra Carton 7402,Vim,10.31,pcs,Y,2026-10-05 06:00:00
PRD06404,CAT17,Haldiram's Organic Natural Carton 7403,Sunpure,11.38,500g,Y,2026-10-05 06:00:00
PRD06405,CAT42,Lakme Gold  Item 7404,Fortune,119.44,pcs,Y,2026-10-05 06:00:00
PRD06406,CAT30,Lay's Lite Extra Bottle 7405,Parle,69.54,pcs,N,2026-10-05 06:00:00
PRD06407,CAT44,Dabur Classic Extra Bottle 7406,Fortune,14.54,dozen,Y,2026-10-05 06:00:00
PRD06408,CAT07,Colgate Regular Fresh Pack 7407,Licious,63.22,pcs,Y,2026-10-05 06:00:00
PRD06409,CAT18,Aashirvaad Premium Select Pack 7408,Sunfeast,137.15,250g,Y,2026-10-05 06:00:00
PRD06410,CAT19,Nivea Ultra  Pouch 7409,Heritage,35.61,pcs,Y,2026-10-05 06:00:00
PRD06411,CAT15,Patanjali Family Pack Natural Pouch 7410,Nestle,379.53,kg,Y,2026-10-05 06:00:00
PRD06412,CAT39,Ananda Classic  Pack 7411,MDH,7.76,pcs,Y,2026-10-05 06:00:00
PRD06413,CAT44,Bisleri Family Pack  Jar 7412,Johnson's,68.34,pcs,N,2026-10-05 06:00:00
PRD06414,CAT22,Fortune Classic Extra Box 7413,Oleev,104.57,1L,Y,2026-10-05 06:00:00
PRD06415,CAT39,Fortune Organic  Bottle 7414,Maggi,81.63,1L,Y,2026-10-05 06:00:00
PRD06416,CAT42,Sunpure Ultra Extra Box 7415,Nestle,30.45,1L,Y,2026-10-05 06:00:00
PRD06417,CAT30,Lay's Organic Fresh Bottle 7416,Nestle,28.18,1L,Y,2026-10-05 06:00:00
PRD06418,CAT20,Harpic Gold  Pouch 7417,ITC,54.58,pcs,Y,2026-10-05 06:00:00
PRD06419,CAT32,Vim Classic Extra Carton 7418,Godrej,76.26,500g,Y,2026-10-05 06:00:00
PRD06420,CAT42,Oleev Lite  Item 7419,Marico,62.94,1L,Y,2026-10-05 06:00:00
PRD06421,CAT25,Huggies Gold Fresh Box 7420,Surf Excel,93.32,250g,Y,2026-10-05 06:00:00
PRD06422,CAT23,A2B Gold Fresh Item 7421,Pedigree,14.63,pcs,Y,2026-10-05 06:00:00
PRD06423,CAT05,Dabur Gold  Item 7422,Pedigree,29.81,250g,Y,2026-10-05 06:00:00
PRD06424,CAT41,Sunfeast Lite Natural Box 7423,Aashirvaad,15.71,kg,Y,2026-10-05 06:00:00
PRD06425,CAT30,Amul Regular  Box 7424,Rasna,25.85,250g,Y,2026-10-05 06:00:00
PRD06426,CAT39,Patanjali Gold  Pouch 7425,Rin,91.26,pcs,Y,2026-10-05 06:00:00
PRD06427,CAT27,Marico Classic Fresh Pack 7426,Vim,40.33,500g,Y,2026-10-05 06:00:00
PRD06428,CAT42,Weikfield Premium Extra Bottle 7427,Mother Dairy,382.29,500g,Y,2026-10-05 06:00:00
PRD06429,CAT37,Safal Family Pack  Box 7428,Patanjali,43.56,pcs,Y,2026-10-05 06:00:00
PRD06430,CAT07,Clinic Plus Gold Natural Jar 7429,Sudha,38.62,500g,Y,2026-10-05 06:00:00
PRD06431,CAT05,Everest Ultra  Pack 7430,Nestle,40.27,500g,Y,2026-10-05 06:00:00
PRD06432,CAT15,Dove Lite Fresh Jar 7431,A2B,20.61,pcs,Y,2026-10-05 06:00:00
PRD06433,CAT42,Sudha Regular  Pouch 7432,Lakme,34.74,pcs,Y,2026-10-05 06:00:00
PRD06434,CAT08,Pepsi Premium Fresh Carton 7433,Tata,100.99,pcs,Y,2026-10-05 06:00:00
PRD06435,CAT09,Pampers Family Pack Extra Item 7434,Sudha,40.55,pcs,Y,2026-10-05 06:00:00
PRD06436,CAT11,Vim Family Pack Select Carton 7435,Marico,17.92,pcs,Y,2026-10-05 06:00:00
PRD06437,CAT22,Huggies Lite Daily Pack 7436,Sudha,15.92,pcs,Y,2026-10-05 06:00:00
PRD06438,CAT34,Saffola Gold Select Box 7437,Close-Up,24.41,pcs,Y,2026-10-05 06:00:00
PRD06439,CAT35,Harpic Regular  Pack 7438,Bisleri,39.11,pack,Y,2026-10-05 06:00:00
PRD06440,CAT13,Haldiram's Family Pack Fresh Bottle 7439,Dettol,107.15,pack,Y,2026-10-05 06:00:00
PRD06441,CAT11,ITC Premium Natural Jar 7440,Licious,10.95,500g,Y,2026-10-05 06:00:00
PRD06442,CAT32,Whiskas Regular Daily Carton 7441,Ananda,27.44,bottle,Y,2026-10-05 06:00:00
PRD06443,CAT42,Everest Gold Natural Jar 7442,Pedigree,41.67,pcs,Y,2026-10-05 06:00:00
PRD06444,CAT15,Vim Family Pack  Bottle 7443,Close-Up,7.03,1L,Y,2026-10-05 06:00:00
PRD06445,CAT38,Ananda Gold  Jar 7444,Everest,17.28,pcs,Y,2026-10-05 06:00:00
PRD06446,CAT01,Whiskas Ultra Select Bottle 7445,Coca-Cola,19.85,pack,Y,2026-10-05 06:00:00
PRD06447,CAT24,Maggi Gold Natural Box 7446,Surf Excel,17.88,pcs,Y,2026-10-05 06:00:00
PRD06448,CAT43,Patanjali Regular Natural Item 7447,Pepsi,43.5,pcs,Y,2026-10-05 06:00:00
PRD06449,CAT40,Ananda Organic  Pouch 7448,Pampers,31.67,pcs,Y,2026-10-05 06:00:00
PRD06450,CAT22,Coca-Cola Gold  Carton 7449,Frooti,22.2,bottle,Y,2026-10-05 06:00:00
PRD06451,CAT03,Sunfeast Premium  Pouch 7450,Pedigree,53.79,pcs,Y,2026-10-05 06:00:00
PRD06452,CAT14,Pepsi Regular Select Pack 7451,Dabur,172.56,pcs,Y,2026-10-05 06:00:00
PRD06453,CAT02,Saffola Ultra Extra Pack 7452,Dettol,160.03,pcs,Y,2026-10-05 06:00:00
PRD06454,CAT32,Johnson's Organic Daily Pouch 7453,Surf Excel,6.49,pack,Y,2026-10-05 06:00:00
PRD06455,CAT38,Saffola Ultra  Jar 7454,Catch,61.52,500g,Y,2026-10-05 06:00:00
PRD06456,CAT33,Amul Classic  Carton 7455,A2B,31.18,1L,Y,2026-10-05 06:00:00
PRD06457,CAT42,Coca-Cola Lite Fresh Item 7456,Parle,42.08,500g,Y,2026-10-05 06:00:00
PRD06458,CAT06,Himalaya Gold  Carton 7457,Marico,25.57,1L,Y,2026-10-05 06:00:00
PRD06459,CAT41,Amul Organic Select Pack 7458,Coca-Cola,40.68,pcs,Y,2026-10-05 06:00:00
PRD06460,CAT39,Thirumala Family Pack  Pack 7459,Haldiram's,41.94,500g,Y,2026-10-05 06:00:00
PRD06461,CAT25,Dettol Organic  Box 7460,Parle,21.74,pack,Y,2026-10-05 06:00:00
PRD06462,CAT34,Safal Regular  Pouch 7461,Vim,16.33,250g,Y,2026-10-05 06:00:00
PRD06463,CAT11,MTR Organic Daily Pack 7462,Britannia,24.44,dozen,Y,2026-10-05 06:00:00
PRD06464,CAT37,Aashirvaad Family Pack Fresh Jar 7463,Harpic,45.19,250g,Y,2026-10-05 06:00:00
PRD06465,CAT41,Britannia Premium Daily Pouch 7464,Patanjali,62.75,500g,Y,2026-10-05 06:00:00
PRD06466,CAT07,Aashirvaad Premium  Pouch 7465,Fortune,78.89,250g,Y,2026-10-05 06:00:00
PRD06467,CAT22,Fortune Lite Natural Carton 7466,Maggi,23.46,250g,Y,2026-10-05 06:00:00
PRD06468,CAT39,Dabur Gold  Pack 7467,Sudha,47.25,pcs,N,2026-10-05 06:00:00
PRD06469,CAT10,Colgate Family Pack  Item 7468,Weikfield,87.03,pcs,Y,2026-10-05 06:00:00
PRD06470,CAT21,Ariel Lite Select Carton 7469,Harpic,104.48,500g,Y,2026-10-05 06:00:00
PRD06471,CAT06,Amul Premium Select Item 7470,Pepsi,34.71,pcs,Y,2026-10-05 06:00:00
PRD06472,CAT01,Pedigree Gold Extra Bottle 7471,Himalaya,30.0,pcs,Y,2026-10-05 06:00:00
PRD06473,CAT34,Weikfield Premium Natural Bottle 7472,Dettol,43.47,kg,Y,2026-10-05 06:00:00
PRD06474,CAT14,ITC Organic  Jar 7473,ITC,13.0,pack,Y,2026-10-05 06:00:00
PRD06475,CAT36,Everest Organic  Bottle 7474,Dabur,30.75,1L,Y,2026-10-05 06:00:00
PRD06476,CAT27,Vim Gold Select Box 7475,Weikfield,71.53,500g,Y,2026-10-05 06:00:00
PRD06477,CAT09,Patanjali Regular  Item 7476,Amul,65.22,pcs,Y,2026-10-05 06:00:00
PRD06478,CAT06,Huggies Regular Daily Bottle 7477,Ariel,28.7,1L,Y,2026-10-05 06:00:00
PRD06479,CAT31,Pepsi Lite Fresh Bottle 7478,Parle,44.52,500g,Y,2026-10-05 06:00:00
PRD06480,CAT17,Dove Family Pack Select Jar 7479,Pedigree,17.42,250g,Y,2026-10-05 06:00:00
PRD06481,CAT43,Lay's Lite  Pack 7480,Dabur,68.93,kg,Y,2026-10-05 06:00:00
PRD06482,CAT36,A2B Lite Select Item 7481,Frooti,34.12,pcs,Y,2026-10-05 06:00:00
PRD06483,CAT21,Amul Ultra Fresh Jar 7482,Ananda,28.55,pcs,Y,2026-10-05 06:00:00
PRD06484,CAT27,Dove Organic Fresh Pack 7483,Marico,26.43,500g,Y,2026-10-05 06:00:00
PRD06485,CAT41,Dabur Classic Select Box 7484,Ananda,34.58,500g,Y,2026-10-05 06:00:00
PRD06486,CAT28,ITC Ultra  Jar 7485,Sunfeast,24.46,pcs,Y,2026-10-05 06:00:00
PRD06487,CAT16,Dabur Family Pack  Bottle 7486,Amul,66.18,bottle,N,2026-10-05 06:00:00
PRD06488,CAT35,Close-Up Organic Natural Bottle 7487,Sunfeast,25.64,dozen,Y,2026-10-05 06:00:00
PRD06489,CAT36,Dettol Premium Select Carton 7488,Licious,153.49,kg,Y,2026-10-05 06:00:00
PRD06490,CAT35,Frooti Lite Fresh Pouch 7489,Vim,136.82,bottle,Y,2026-10-05 06:00:00
PRD06491,CAT19,Himalaya Gold  Carton 7490,Safal,16.41,dozen,Y,2026-10-05 06:00:00
PRD06492,CAT21,ITC Organic  Bottle 7491,Gillette,38.97,bottle,Y,2026-10-05 06:00:00
PRD06493,CAT33,Parle Regular  Pouch 7492,Surf Excel,20.38,250g,Y,2026-10-05 06:00:00
PRD06494,CAT23,Johnson's Family Pack  Item 7493,Sunpure,27.28,pcs,N,2026-10-05 06:00:00
PRD06495,CAT06,Thirumala Family Pack Daily Pack 7494,Bisleri,221.89,pcs,Y,2026-10-05 06:00:00
PRD06496,CAT32,Colgate Gold  Pack 7495,Patanjali,27.75,pcs,Y,2026-10-05 06:00:00
PRD06497,CAT22,Himalaya Lite Extra Box 7496,MTR,50.61,500g,Y,2026-10-05 06:00:00
PRD06498,CAT03,ITC Ultra  Carton 7497,Everest,59.57,pack,Y,2026-10-05 06:00:00
PRD06499,CAT35,Gillette Gold Daily Box 7498,Rin,14.87,500g,Y,2026-10-05 06:00:00
PRD06500,CAT16,Sunfeast Organic Natural Carton 7499,Tata,16.95,500g,Y,2026-10-05 06:00:00
PRD06501,CAT42,Dabur Organic Fresh Bottle 7500,ITC,12.36,pcs,Y,2026-10-05 06:00:00
PRD06502,CAT25,Huggies Premium  Box 7501,Patanjali,16.49,pcs,Y,2026-10-05 06:00:00
PRD06503,CAT17,A2B Ultra Natural Jar 7502,Dettol,3.0,500g,Y,2026-10-05 06:00:00
PRD06504,CAT39,Fortune Organic  Bottle 7503,Marico,59.75,pcs,Y,2026-10-05 06:00:00
PRD06505,CAT13,Johnson's Premium Fresh Jar 7504,Catch,232.47,pcs,Y,2026-10-05 06:00:00
PRD06506,CAT28,Clinic Plus Gold Daily Pouch 7505,Britannia,41.81,500g,N,2026-10-05 06:00:00
PRD06507,CAT11,Vim Ultra  Jar 7506,Clinic Plus,10.23,500g,Y,2026-10-05 06:00:00
PRD06508,CAT10,Amul Premium Natural Pack 7507,Safal,20.52,pcs,Y,2026-10-05 06:00:00
PRD06509,CAT39,Whiskas Regular Natural Bottle 7508,Johnson's,24.22,250g,Y,2026-10-05 06:00:00
PRD06510,CAT24,Everest Ultra  Item 7509,Sunfeast,14.65,500g,Y,2026-10-05 06:00:00
PRD06511,CAT38,Bisleri Ultra Daily Box 7510,ITC,79.37,pcs,Y,2026-10-05 06:00:00
PRD06512,CAT24,Oleev Premium  Pouch 7511,MDH,75.89,1L,Y,2026-10-05 06:00:00
PRD06513,CAT33,Oleev Lite Extra Pouch 7512,Catch,12.94,500g,Y,2026-10-05 06:00:00
PRD06514,CAT17,Aashirvaad Ultra Select Item 7513,Lakme,70.29,pcs,Y,2026-10-05 06:00:00
PRD06515,CAT44,Colgate Family Pack Select Jar 7514,Lay's,144.62,kg,Y,2026-10-05 06:00:00
PRD06516,CAT36,Harpic Ultra Daily Bottle 7515,A2B,202.82,1L,Y,2026-10-05 06:00:00
PRD06517,CAT35,Whiskas Ultra Fresh Pack 7516,Pepsi,482.36,500g,Y,2026-10-05 06:00:00
PRD06518,CAT06,Clinic Plus Premium Select Jar 7517,Heritage,16.25,pack,Y,2026-10-05 06:00:00
PRD06519,CAT16,Gowardhan Classic Extra Carton 7518,Marico,464.89,kg,N,2026-10-05 06:00:00
PRD06520,CAT28,MTR Foods Regular Select Box 7519,Surf Excel,26.61,pcs,N,2026-10-05 06:00:00
PRD06521,CAT41,Fresho Organic Extra Pack 7520,Gillette,21.47,pack,Y,2026-10-05 06:00:00
PRD06522,CAT32,Rasna Organic Daily Bottle 7521,Godrej,49.12,pack,Y,2026-10-05 06:00:00
PRD06523,CAT26,Johnson's Classic Natural Jar 7522,Marico,21.67,pcs,Y,2026-10-05 06:00:00
PRD06524,CAT11,Colgate Classic Natural Carton 7523,Frooti,52.41,250g,Y,2026-10-05 06:00:00
PRD06525,CAT25,Pedigree Premium  Pack 7524,Patanjali,11.16,pcs,Y,2026-10-05 06:00:00
PRD06526,CAT31,Rin Family Pack  Pouch 7525,Huggies,29.52,1L,Y,2026-10-05 06:00:00
PRD06527,CAT21,Thirumala Classic  Carton 7526,Maggi,116.4,1L,Y,2026-10-05 06:00:00
PRD06528,CAT03,Pedigree Ultra Natural Item 7527,Licious,34.77,500g,Y,2026-10-05 06:00:00
PRD06529,CAT12,Frooti Family Pack Select Item 7528,Fresho,41.57,bottle,Y,2026-10-05 06:00:00
PRD06530,CAT40,Himalaya Lite Natural Bottle 7529,Bisleri,56.13,pack,Y,2026-10-05 06:00:00
PRD06531,CAT41,Saffola Organic  Box 7530,Everest,104.96,kg,Y,2026-10-05 06:00:00
PRD06532,CAT25,Fresho Premium Daily Jar 7531,Ananda,8.25,pcs,Y,2026-10-05 06:00:00
PRD06533,CAT17,Mother Dairy Family Pack Fresh Bottle 7532,MTR,61.93,pcs,N,2026-10-05 06:00:00
PRD06534,CAT38,Ariel Lite Daily Item 7533,Sunfeast,28.75,pack,N,2026-10-05 06:00:00
PRD06535,CAT36,Bisleri Family Pack Extra Jar 7534,Close-Up,42.52,pcs,Y,2026-10-05 06:00:00
PRD06536,CAT36,Patanjali Premium Select Bottle 7535,Nivea,95.01,500g,Y,2026-10-05 06:00:00
PRD06537,CAT19,Frooti Classic  Pack 7536,Rasna,12.49,pack,Y,2026-10-05 06:00:00
PRD06538,CAT44,Everest Gold Select Bottle 7537,Fresho,14.71,pcs,Y,2026-10-05 06:00:00
PRD06539,CAT02,Licious Family Pack Fresh Carton 7538,Nestle,6.41,pcs,Y,2026-10-05 06:00:00
PRD06540,CAT17,Dove Premium Extra Pouch 7539,Oleev,22.33,500g,Y,2026-10-05 06:00:00
PRD06541,CAT30,MTR Foods Organic Natural Pack 7540,ITC,121.19,pcs,Y,2026-10-05 06:00:00
PRD06542,CAT10,Whiskas Regular  Bottle 7541,Mother Dairy,32.83,500g,Y,2026-10-05 06:00:00
PRD06543,CAT35,Close-Up Lite Select Pack 7542,Rin,10.96,pcs,Y,2026-10-05 06:00:00
PRD06544,CAT36,Colgate Gold Extra Bottle 7543,Coca-Cola,23.64,pcs,Y,2026-10-05 06:00:00
PRD06545,CAT33,Nestle Regular Natural Carton 7544,Nestle,9.59,pack,Y,2026-10-05 06:00:00
PRD06546,CAT01,Nestle Ultra  Pack 7545,Patanjali,13.29,500g,Y,2026-10-05 06:00:00
PRD06547,CAT18,Thirumala Classic Extra Item 7546,Tata,51.93,1L,Y,2026-10-05 06:00:00
PRD06548,CAT04,Godrej Organic  Pouch 7547,Nivea,12.72,pcs,Y,2026-10-05 06:00:00
PRD06549,CAT27,A2B Organic Extra Item 7548,Pedigree,99.62,1L,Y,2026-10-05 06:00:00
PRD06550,CAT25,Dettol Organic Daily Pack 7549,Heritage,34.33,dozen,Y,2026-10-05 06:00:00
PRD06551,CAT28,Thirumala Premium  Bottle 7550,MDH,39.53,1L,Y,2026-10-05 06:00:00
PRD06552,CAT22,Saffola Gold  Bottle 7551,Nivea,28.49,1L,Y,2026-10-05 06:00:00
PRD06553,CAT42,Dabur Gold  Jar 7552,Maggi,73.37,pcs,Y,2026-10-05 06:00:00
PRD06554,CAT25,Huggies Gold Extra Item 7553,Lakme,74.06,500g,Y,2026-10-05 06:00:00
PRD06555,CAT17,Johnson's Gold Select Jar 7554,Marico,49.48,bottle,N,2026-10-05 06:00:00
PRD06556,CAT44,Parle Lite Daily Bottle 7555,Harpic,60.84,pack,N,2026-10-05 06:00:00
PRD06557,CAT12,Dove Family Pack  Pouch 7556,Ananda,30.24,500g,Y,2026-10-05 06:00:00
PRD06558,CAT16,Vim Ultra Fresh Pack 7557,Godrej,59.62,bottle,Y,2026-10-05 06:00:00
PRD06559,CAT37,Bisleri Ultra  Item 7558,Fresho,27.0,pcs,Y,2026-10-05 06:00:00
PRD06560,CAT16,Patanjali Lite  Jar 7559,Sunfeast,36.67,1L,Y,2026-10-05 06:00:00
PRD06561,CAT17,Oleev Lite Natural Box 7560,Frooti,28.58,pcs,Y,2026-10-05 06:00:00
PRD06562,CAT31,Rasna Premium  Box 7561,Coca-Cola,24.25,1L,Y,2026-10-05 06:00:00
PRD06563,CAT15,Sunfeast Organic Extra Item 7562,Haldiram's,19.68,pcs,Y,2026-10-05 06:00:00
PRD06564,CAT13,Gowardhan Gold  Pouch 7563,ITC,55.75,kg,Y,2026-10-05 06:00:00
PRD06565,CAT40,Haldiram's Family Pack Daily Item 7564,Saffola,119.05,250g,Y,2026-10-05 06:00:00
PRD06566,CAT27,MTR Ultra  Box 7565,Vim,105.0,pcs,Y,2026-10-05 06:00:00
PRD06567,CAT21,Fortune Ultra Daily Carton 7566,Mother Dairy,11.81,1L,Y,2026-10-05 06:00:00
PRD06568,CAT02,Tata Gold  Bottle 7567,MTR Foods,116.78,250g,Y,2026-10-05 06:00:00
PRD06569,CAT08,Catch Classic Select Bottle 7568,Tata,27.49,pcs,Y,2026-10-05 06:00:00
PRD06570,CAT42,Whiskas Premium Select Jar 7569,Johnson's,62.84,pcs,N,2026-10-05 06:00:00
PRD06571,CAT07,Gowardhan Ultra Daily Jar 7570,Haldiram's,16.19,500g,Y,2026-10-05 06:00:00
PRD06572,CAT10,Surf Excel Regular  Item 7571,Coca-Cola,41.59,pcs,Y,2026-10-05 06:00:00
PRD06573,CAT04,Gowardhan Ultra  Carton 7572,Parle,48.54,1L,Y,2026-10-05 06:00:00
PRD06574,CAT43,MTR Foods Classic Natural Item 7573,Licious,9.62,500g,Y,2026-10-05 06:00:00
PRD06575,CAT41,Dabur Family Pack  Item 7574,Lakme,63.27,500g,Y,2026-10-05 06:00:00
PRD06576,CAT36,Close-Up Premium  Bottle 7575,Marico,122.9,500g,N,2026-10-05 06:00:00
PRD06577,CAT35,Marico Ultra  Bottle 7576,Mother Dairy,31.27,dozen,Y,2026-10-05 06:00:00
PRD06578,CAT43,Licious Premium Daily Item 7577,MTR Foods,124.48,pack,Y,2026-10-05 06:00:00
PRD06579,CAT03,Whiskas Premium  Bottle 7578,Sunpure,30.85,1L,Y,2026-10-05 06:00:00
PRD06580,CAT18,Coca-Cola Organic  Pouch 7579,Maggi,78.62,500g,Y,2026-10-05 06:00:00
PRD06581,CAT43,Coca-Cola Organic  Jar 7580,Pampers,4.97,pcs,Y,2026-10-05 06:00:00
PRD06582,CAT24,A2B Ultra Fresh Carton 7581,Licious,322.76,pcs,Y,2026-10-05 06:00:00
PRD06583,CAT32,Pedigree Regular  Jar 7582,Pedigree,140.6,250g,Y,2026-10-05 06:00:00
PRD06584,CAT34,Sunpure Premium Extra Pack 7583,Maggi,28.33,500g,Y,2026-10-05 06:00:00
PRD06585,CAT02,Pedigree Regular  Jar 7584,Dabur,6.2,pcs,Y,2026-10-05 06:00:00
PRD06586,CAT02,MTR Foods Family Pack Fresh Item 7585,Dove,47.43,bottle,Y,2026-10-05 06:00:00
PRD06587,CAT10,Aashirvaad Organic  Bottle 7586,Tata,9.98,500g,Y,2026-10-05 06:00:00
PRD06588,CAT23,Ariel Classic Select Carton 7587,MDH,54.62,bottle,Y,2026-10-05 06:00:00
PRD06589,CAT15,Surf Excel Gold Extra Bottle 7588,Vim,53.01,bottle,Y,2026-10-05 06:00:00
PRD06590,CAT12,Bisleri Gold  Pouch 7589,Coca-Cola,15.69,pcs,Y,2026-10-05 06:00:00
PRD06591,CAT43,Britannia Gold  Pack 7590,Pedigree,100.37,kg,Y,2026-10-05 06:00:00
PRD06592,CAT17,Lakme Classic Extra Item 7591,Fresho,75.57,pcs,Y,2026-10-05 06:00:00
PRD06593,CAT18,Marico Gold Select Pack 7592,Pampers,88.08,dozen,Y,2026-10-05 06:00:00
PRD06594,CAT14,Rasna Ultra Fresh Box 7593,Aashirvaad,36.89,500g,Y,2026-10-05 06:00:00
PRD06595,CAT17,Patanjali Regular Select Jar 7594,Licious,10.24,250g,Y,2026-10-05 06:00:00
PRD06596,CAT15,MTR Foods Gold Fresh Box 7595,Nivea,88.24,250g,Y,2026-10-05 06:00:00
PRD06597,CAT12,Pedigree Family Pack  Item 7596,Coca-Cola,28.69,500g,Y,2026-10-05 06:00:00
PRD06598,CAT16,Pepsi Premium Fresh Carton 7597,Pepsi,10.48,1L,Y,2026-10-05 06:00:00
PRD06599,CAT32,Weikfield Gold Fresh Pack 7598,Weikfield,123.57,kg,Y,2026-10-05 06:00:00
PRD06600,CAT23,Weikfield Regular Daily Bottle 7599,Himalaya,242.13,kg,Y,2026-10-05 06:00:00
PRD06601,CAT38,Nivea Premium  Pack 7600,Dabur,35.26,1L,Y,2026-10-05 06:00:00
PRD06602,CAT34,Fortune Family Pack Natural Pack 7601,Tata,255.5,1L,Y,2026-10-05 06:00:00
PRD06603,CAT34,Amul Gold Fresh Pouch 7602,Patanjali,39.73,pcs,Y,2026-10-05 06:00:00
PRD06604,CAT16,Rin Organic  Pack 7603,Rasna,25.99,pack,Y,2026-10-05 06:00:00
PRD06605,CAT34,Lakme Organic Extra Item 7604,Safal,20.75,1L,Y,2026-10-05 06:00:00
PRD06606,CAT40,Maggi Ultra Daily Bottle 7605,Nestle,159.71,pack,Y,2026-10-05 06:00:00
PRD06607,CAT07,Parle Gold Fresh Item 7606,Surf Excel,18.14,1L,Y,2026-10-05 06:00:00
PRD06608,CAT33,Sunfeast Regular Daily Jar 7607,Haldiram's,70.93,pcs,Y,2026-10-05 06:00:00
PRD06609,CAT04,Saffola Organic Fresh Pouch 7608,Ananda,22.13,pcs,Y,2026-10-05 06:00:00
PRD06610,CAT43,Saffola Classic Extra Carton 7609,Dabur,24.18,pcs,Y,2026-10-05 06:00:00
PRD06611,CAT07,MTR Ultra  Pack 7610,Parle,92.5,1L,Y,2026-10-05 06:00:00
PRD06612,CAT18,A2B Organic Fresh Carton 7611,Parle,26.0,pcs,Y,2026-10-05 06:00:00
PRD06613,CAT04,Licious Gold  Box 7612,Vim,25.42,1L,Y,2026-10-05 06:00:00
PRD06614,CAT11,A2B Family Pack Extra Pack 7613,Whiskas,101.45,pcs,Y,2026-10-05 06:00:00
PRD06615,CAT43,Pedigree Regular Fresh Jar 7614,Rin,154.11,500g,Y,2026-10-05 06:00:00
PRD06616,CAT20,Bisleri Organic  Pack 7615,Huggies,65.38,pcs,Y,2026-10-05 06:00:00
PRD06617,CAT11,Maggi Lite Select Item 7616,Haldiram's,20.3,500g,Y,2026-10-05 06:00:00
PRD06618,CAT15,Gowardhan Organic Extra Pouch 7617,Fresho,23.11,pcs,Y,2026-10-05 06:00:00
PRD06619,CAT17,Oleev Organic Fresh Pouch 7618,Bisleri,39.33,250g,Y,2026-10-05 06:00:00
PRD06620,CAT34,Aashirvaad Gold Natural Pouch 7619,Safal,48.85,pcs,Y,2026-10-05 06:00:00
PRD06621,CAT12,Colgate Family Pack  Pack 7620,Coca-Cola,15.04,pcs,Y,2026-10-05 06:00:00
PRD06622,CAT42,Everest Premium Fresh Pack 7621,Coca-Cola,70.16,kg,Y,2026-10-05 06:00:00
PRD06623,CAT28,Nivea Organic  Pack 7622,Frooti,39.53,pcs,Y,2026-10-05 06:00:00
PRD06624,CAT35,Dettol Gold  Bottle 7623,Pedigree,7.81,pack,Y,2026-10-05 06:00:00
PRD06625,CAT08,Dettol Organic  Bottle 7624,Himalaya,15.86,dozen,Y,2026-10-05 06:00:00
PRD06626,CAT27,Huggies Organic  Pack 7625,Everest,23.25,500g,Y,2026-10-05 06:00:00
PRD06627,CAT22,Fresho Regular Select Pouch 7626,Fresho,34.28,500g,Y,2026-10-05 06:00:00
PRD06628,CAT24,Ariel Gold Daily Pack 7627,Huggies,200.41,500g,Y,2026-10-05 06:00:00
PRD06629,CAT02,Parle Family Pack Select Pouch 7628,Patanjali,45.35,500g,Y,2026-10-05 06:00:00
PRD06630,CAT31,Whiskas Family Pack Extra Bottle 7629,Rin,17.17,500g,Y,2026-10-05 06:00:00
PRD06631,CAT22,Lakme Gold Natural Carton 7630,Himalaya,44.64,pcs,Y,2026-10-05 06:00:00
PRD06632,CAT01,Vim Premium Fresh Item 7631,Huggies,26.66,500g,Y,2026-10-05 06:00:00
PRD06633,CAT14,Mother Dairy Ultra  Item 7632,Parle,49.02,pack,Y,2026-10-05 06:00:00
PRD06634,CAT25,Pedigree Ultra Daily Item 7633,MTR,61.71,pcs,Y,2026-10-05 06:00:00
PRD06635,CAT36,Parle Lite Daily Carton 7634,Bisleri,108.67,250g,Y,2026-10-05 06:00:00
PRD06636,CAT36,Nivea Classic  Pack 7635,Marico,35.81,1L,N,2026-10-05 06:00:00
PRD06637,CAT41,Bisleri Premium  Item 7636,A2B,159.98,pcs,Y,2026-10-05 06:00:00
PRD06638,CAT03,Fresho Classic Fresh Box 7637,Pepsi,82.87,pcs,Y,2026-10-05 06:00:00
PRD06639,CAT05,Tata Family Pack Select Pack 7638,Everest,19.36,500g,Y,2026-10-05 06:00:00
PRD06640,CAT01,Thirumala Classic Fresh Jar 7639,Himalaya,267.43,250g,Y,2026-10-05 06:00:00
PRD06641,CAT19,MTR Foods Lite  Carton 7640,Catch,49.12,pcs,Y,2026-10-05 06:00:00
PRD06642,CAT33,Himalaya Classic Daily Box 7641,Saffola,17.26,1L,N,2026-10-05 06:00:00
PRD06643,CAT42,Surf Excel Premium Daily Pouch 7642,Clinic Plus,162.0,1L,Y,2026-10-05 06:00:00
PRD06644,CAT30,Sudha Family Pack Natural Pack 7643,Fortune,237.46,pack,Y,2026-10-05 06:00:00
PRD06645,CAT12,Fresho Family Pack  Item 7644,Britannia,35.53,pcs,Y,2026-10-05 06:00:00
PRD06646,CAT10,Ariel Organic Natural Carton 7645,Saffola,23.26,1L,Y,2026-10-05 06:00:00
PRD06647,CAT34,Weikfield Organic Fresh Pack 7646,Dabur,31.34,pcs,Y,2026-10-05 06:00:00
PRD06648,CAT16,Everest Gold Fresh Item 7647,Safal,69.63,pcs,Y,2026-10-05 06:00:00
PRD06649,CAT40,Haldiram's Gold  Pouch 7648,Maggi,115.59,pcs,Y,2026-10-05 06:00:00
PRD06650,CAT29,Pepsi Lite Natural Carton 7649,Dabur,61.16,250g,Y,2026-10-05 06:00:00
PRD06651,CAT15,Fortune Premium Extra Bottle 7650,Mother Dairy,40.11,dozen,N,2026-10-05 06:00:00
PRD06652,CAT11,Vim Classic Fresh Pouch 7651,Ananda,140.92,pcs,Y,2026-10-05 06:00:00
PRD06653,CAT44,Fresho Organic  Pouch 7652,Patanjali,27.62,500g,Y,2026-10-05 06:00:00
PRD06654,CAT34,Heritage Premium Natural Bottle 7653,Surf Excel,92.56,pcs,Y,2026-10-05 06:00:00
PRD06655,CAT36,Pampers Gold  Item 7654,Thirumala,28.24,250g,Y,2026-10-05 06:00:00
PRD06656,CAT30,Close-Up Regular Daily Jar 7655,Himalaya,53.94,500g,Y,2026-10-05 06:00:00
PRD06657,CAT35,Amul Family Pack Select Bottle 7656,Licious,33.04,500g,Y,2026-10-05 06:00:00
PRD06658,CAT09,Harpic Organic Natural Bottle 7657,A2B,34.8,1L,Y,2026-10-05 06:00:00
PRD06659,CAT18,Lay's Ultra  Box 7658,Gillette,26.06,250g,Y,2026-10-05 06:00:00
PRD06660,CAT19,Mother Dairy Ultra Extra Box 7659,Pampers,122.78,pcs,Y,2026-10-05 06:00:00
PRD06661,CAT39,Surf Excel Gold Natural Pack 7660,Sunfeast,18.92,1L,Y,2026-10-05 06:00:00
PRD06662,CAT04,Aashirvaad Lite Extra Jar 7661,Parle,18.8,500g,Y,2026-10-05 06:00:00
PRD06663,CAT06,Lakme Regular Select Item 7662,ITC,246.88,pcs,Y,2026-10-05 06:00:00
PRD06664,CAT33,Amul Premium Extra Bottle 7663,Everest,88.24,pcs,Y,2026-10-05 06:00:00
PRD06665,CAT32,Gillette Lite  Item 7664,Patanjali,4.28,bottle,Y,2026-10-05 06:00:00
PRD06666,CAT16,Gillette Regular  Pack 7665,Mother Dairy,22.0,bottle,Y,2026-10-05 06:00:00
PRD06667,CAT11,Dettol Classic  Item 7666,MTR,7.17,pcs,Y,2026-10-05 06:00:00
PRD06668,CAT22,Lay's Regular  Pouch 7667,Saffola,15.55,250g,Y,2026-10-05 06:00:00
PRD06669,CAT36,Dabur Family Pack Daily Pack 7668,Sudha,3.0,1L,Y,2026-10-05 06:00:00
PRD06670,CAT23,Clinic Plus Premium Daily Box 7669,Gillette,32.35,kg,Y,2026-10-05 06:00:00
PRD06671,CAT26,Catch Gold Fresh Carton 7670,Coca-Cola,13.1,bottle,Y,2026-10-05 06:00:00
PRD06672,CAT31,Colgate Ultra Extra Box 7671,Frooti,38.63,1L,Y,2026-10-05 06:00:00
PRD06673,CAT29,Johnson's Premium Fresh Bottle 7672,Coca-Cola,8.48,pcs,Y,2026-10-05 06:00:00
PRD06674,CAT05,Vim Premium Extra Jar 7673,Tata,39.43,500g,Y,2026-10-05 06:00:00
PRD06675,CAT38,Pampers Organic  Carton 7674,Bisleri,25.19,250g,Y,2026-10-05 06:00:00
PRD06676,CAT25,Fortune Regular  Item 7675,MDH,141.42,kg,N,2026-10-05 06:00:00
PRD06677,CAT34,Frooti Family Pack Select Box 7676,Aashirvaad,130.35,500g,Y,2026-10-05 06:00:00
PRD06678,CAT12,Aashirvaad Classic Extra Jar 7677,Johnson's,74.2,250g,Y,2026-10-05 06:00:00
PRD06679,CAT22,Britannia Regular  Bottle 7678,Whiskas,27.28,250g,Y,2026-10-05 06:00:00
PRD06680,CAT09,Frooti Lite  Carton 7679,Patanjali,218.51,pcs,Y,2026-10-05 06:00:00
PRD06681,CAT20,Pampers Regular  Box 7680,Gillette,9.05,1L,Y,2026-10-05 06:00:00
PRD06682,CAT29,Sunfeast Organic Daily Box 7681,Harpic,10.35,pcs,Y,2026-10-05 06:00:00
PRD06683,CAT44,Britannia Classic Natural Pouch 7682,Lay's,33.94,250g,Y,2026-10-05 06:00:00
PRD06684,CAT29,Amul Regular Natural Pouch 7683,Safal,278.28,1L,Y,2026-10-05 06:00:00
PRD06685,CAT27,Everest Classic  Box 7684,Nestle,30.51,dozen,Y,2026-10-05 06:00:00
PRD06686,CAT17,Fresho Family Pack Fresh Box 7685,Lay's,31.03,kg,N,2026-10-05 06:00:00
PRD06687,CAT05,MDH Organic Natural Pack 7686,Pampers,10.0,pcs,Y,2026-10-05 06:00:00
PRD06688,CAT13,Nivea Classic Select Item 7687,Parle,85.74,pcs,Y,2026-10-05 06:00:00
PRD06689,CAT42,MTR Foods Family Pack Extra Item 7688,Lakme,86.3,250g,Y,2026-10-05 06:00:00
PRD06690,CAT15,Tata Ultra  Pouch 7689,MTR Foods,74.45,250g,Y,2026-10-05 06:00:00
PRD06691,CAT15,Mother Dairy Premium Fresh Box 7690,Surf Excel,20.77,pack,Y,2026-10-05 06:00:00
PRD06692,CAT18,Fresho Ultra  Pouch 7691,MDH,19.37,pcs,Y,2026-10-05 06:00:00
PRD06693,CAT02,ITC Premium Daily Pouch 7692,ITC,11.43,pack,Y,2026-10-05 06:00:00
PRD06694,CAT23,Ananda Gold  Item 7693,Maggi,39.47,500g,Y,2026-10-05 06:00:00
PRD06695,CAT43,Sudha Premium Daily Pouch 7694,Thirumala,13.84,pcs,Y,2026-10-05 06:00:00
PRD06696,CAT13,Gowardhan Organic  Carton 7695,Marico,12.68,pcs,Y,2026-10-05 06:00:00
PRD06697,CAT43,Everest Premium Daily Pouch 7696,Clinic Plus,25.0,bottle,Y,2026-10-05 06:00:00
PRD06698,CAT04,MTR Organic Fresh Jar 7697,Tata,23.56,500g,Y,2026-10-05 06:00:00
PRD06699,CAT25,Frooti Premium Extra Pouch 7698,Pampers,22.55,dozen,Y,2026-10-05 06:00:00
PRD06700,CAT11,Pampers Premium  Bottle 7699,Patanjali,55.69,250g,N,2026-10-05 06:00:00
PRD06701,CAT42,Parle Gold Natural Item 7700,Patanjali,39.3,pcs,Y,2026-10-05 06:00:00
PRD06702,CAT12,Fresho Organic Fresh Jar 7701,Heritage,28.24,1L,Y,2026-10-05 06:00:00
PRD06703,CAT13,Vim Lite Daily Jar 7702,Everest,43.15,pcs,Y,2026-10-05 06:00:00
PRD06704,CAT09,Mother Dairy Regular Select Pack 7703,Huggies,14.99,1L,Y,2026-10-05 06:00:00
PRD06705,CAT38,Dabur Premium Daily Pouch 7704,Colgate,40.24,500g,Y,2026-10-05 06:00:00
PRD06706,CAT06,Clinic Plus Ultra Fresh Carton 7705,Rin,41.91,1L,Y,2026-10-05 06:00:00
PRD06707,CAT43,Nestle Premium Select Bottle 7706,Sunfeast,9.46,500g,Y,2026-10-05 06:00:00
PRD06708,CAT43,Britannia Family Pack  Pouch 7707,A2B,89.67,pcs,Y,2026-10-05 06:00:00
PRD06709,CAT10,Coca-Cola Premium  Pouch 7708,Catch,16.56,pcs,Y,2026-10-05 06:00:00
PRD06710,CAT23,Frooti Classic Fresh Carton 7709,Parle,39.7,500g,Y,2026-10-05 06:00:00
PRD06711,CAT15,Fortune Classic  Pack 7710,Close-Up,104.37,dozen,Y,2026-10-05 06:00:00
PRD06712,CAT23,Rasna Gold Select Bottle 7711,Gillette,84.19,500g,N,2026-10-05 06:00:00
PRD06713,CAT40,Harpic Classic Natural Pouch 7712,Marico,37.75,250g,Y,2026-10-05 06:00:00
PRD06714,CAT37,ITC Regular  Box 7713,Harpic,26.41,pcs,Y,2026-10-05 06:00:00
PRD06715,CAT34,Coca-Cola Organic Daily Pack 7714,Dabur,85.86,500g,Y,2026-10-05 06:00:00
PRD06716,CAT16,Weikfield Classic  Pouch 7715,Sunfeast,67.17,1L,Y,2026-10-05 06:00:00
PRD06717,CAT41,MTR Foods Organic  Box 7716,Surf Excel,20.98,250g,N,2026-10-05 06:00:00
PRD06718,CAT32,Clinic Plus Gold  Item 7717,Pepsi,17.9,500g,Y,2026-10-05 06:00:00
PRD06719,CAT38,Parle Lite Extra Jar 7718,Johnson's,5.67,500g,Y,2026-10-05 06:00:00
PRD06720,CAT40,Amul Family Pack Extra Box 7719,Mother Dairy,42.04,250g,Y,2026-10-05 06:00:00
PRD06721,CAT05,MTR Ultra Fresh Bottle 7720,Bisleri,33.97,pcs,Y,2026-10-05 06:00:00
PRD06722,CAT17,Catch Premium  Jar 7721,Rin,101.76,pcs,Y,2026-10-05 06:00:00
PRD06723,CAT22,Fresho Lite  Bottle 7722,Rin,50.56,pcs,Y,2026-10-05 06:00:00
PRD06724,CAT39,Saffola Classic Fresh Bottle 7723,Dove,121.61,pcs,Y,2026-10-05 06:00:00
PRD06725,CAT41,Everest Classic Natural Jar 7724,Huggies,19.54,dozen,Y,2026-10-05 06:00:00
PRD06726,CAT18,Mother Dairy Ultra Select Carton 7725,Whiskas,101.93,1L,Y,2026-10-05 06:00:00
PRD06727,CAT28,Gillette Organic Select Pack 7726,Close-Up,22.74,500g,Y,2026-10-05 06:00:00
PRD06728,CAT13,A2B Organic  Pack 7727,MDH,73.69,bottle,Y,2026-10-05 06:00:00
PRD06729,CAT42,Parle Organic  Box 7728,Marico,9.85,bottle,Y,2026-10-05 06:00:00
PRD06730,CAT01,Fortune Premium  Jar 7729,ITC,45.22,500g,N,2026-10-05 06:00:00
PRD06731,CAT19,Gowardhan Classic Fresh Item 7730,Ariel,6.13,bottle,Y,2026-10-05 06:00:00
PRD06732,CAT34,Maggi Regular Extra Carton 7731,Catch,28.78,pcs,Y,2026-10-05 06:00:00
PRD06733,CAT04,Johnson's Family Pack  Pack 7732,Close-Up,54.4,bottle,N,2026-10-05 06:00:00
PRD06734,CAT43,Safal Organic Select Item 7733,Mother Dairy,22.9,pcs,Y,2026-10-05 06:00:00
PRD06735,CAT03,Haldiram's Premium Select Pack 7734,Lakme,14.22,1L,Y,2026-10-05 06:00:00
PRD06736,CAT41,Britannia Organic Select Pack 7735,Ananda,78.38,pcs,N,2026-10-05 06:00:00
PRD06737,CAT10,Vim Premium Natural Item 7736,Huggies,33.34,dozen,Y,2026-10-05 06:00:00
PRD06738,CAT28,Maggi Classic Select Box 7737,Patanjali,23.56,pcs,Y,2026-10-05 06:00:00
PRD06739,CAT34,Thirumala Premium  Item 7738,Nivea,38.0,500g,Y,2026-10-05 06:00:00
PRD06740,CAT39,A2B Lite  Pouch 7739,Tata,392.68,1L,Y,2026-10-05 06:00:00
PRD06741,CAT19,Surf Excel Gold  Carton 7740,Clinic Plus,103.35,1L,Y,2026-10-05 06:00:00
PRD06742,CAT42,Everest Lite  Pack 7741,Heritage,104.2,250g,Y,2026-10-05 06:00:00
PRD06743,CAT36,MTR Gold  Pouch 7742,Whiskas,54.16,250g,Y,2026-10-05 06:00:00
PRD06744,CAT43,Godrej Regular  Jar 7743,Johnson's,42.51,pack,Y,2026-10-05 06:00:00
PRD06745,CAT03,Dabur Family Pack Natural Pouch 7744,Clinic Plus,4.24,pcs,Y,2026-10-05 06:00:00
PRD06746,CAT23,Clinic Plus Regular Daily Carton 7745,Patanjali,19.86,500g,Y,2026-10-05 06:00:00
PRD06747,CAT17,Surf Excel Gold Select Item 7746,Sunfeast,23.75,500g,Y,2026-10-05 06:00:00
PRD06748,CAT07,Tata Organic  Pack 7747,Everest,6.77,kg,Y,2026-10-05 06:00:00
PRD06749,CAT26,A2B Family Pack Natural Carton 7748,Vim,12.91,500g,Y,2026-10-05 06:00:00
PRD06750,CAT43,Gillette Ultra Natural Box 7749,Fresho,6.15,pcs,Y,2026-10-05 06:00:00
PRD06751,CAT18,Sudha Ultra  Item 7750,Harpic,35.36,1L,Y,2026-10-05 06:00:00
PRD06752,CAT06,Parle Ultra Fresh Jar 7751,MTR Foods,76.47,500g,Y,2026-10-05 06:00:00
PRD06753,CAT31,Himalaya Regular Daily Pouch 7752,Lay's,99.1,pcs,Y,2026-10-05 06:00:00
PRD06754,CAT29,Dove Classic  Jar 7753,Tata,53.16,250g,Y,2026-10-05 06:00:00
PRD06755,CAT09,Johnson's Classic Select Box 7754,Rasna,15.38,pcs,Y,2026-10-05 06:00:00
PRD06756,CAT35,Marico Regular Daily Box 7755,Ariel,6.43,1L,Y,2026-10-05 06:00:00
PRD06757,CAT17,Licious Ultra Natural Bottle 7756,Dabur,7.53,500g,Y,2026-10-05 06:00:00
PRD06758,CAT12,Bisleri Gold  Pouch 7757,Parle,11.68,pcs,N,2026-10-05 06:00:00
PRD06759,CAT36,Ananda Regular  Item 7758,Whiskas,16.45,kg,Y,2026-10-05 06:00:00
PRD06760,CAT24,Gillette Family Pack  Box 7759,Lakme,31.7,pcs,Y,2026-10-05 06:00:00
PRD06761,CAT10,Frooti Organic Select Item 7760,Vim,14.69,pcs,Y,2026-10-05 06:00:00
PRD06762,CAT30,Mother Dairy Organic  Carton 7761,Sunfeast,49.65,bottle,Y,2026-10-05 06:00:00
PRD06763,CAT29,Dettol Gold Fresh Pouch 7762,Gillette,29.69,pcs,N,2026-10-05 06:00:00
PRD06764,CAT39,Vim Premium Extra Item 7763,Everest,36.95,pcs,Y,2026-10-05 06:00:00
PRD06765,CAT10,Himalaya Family Pack  Carton 7764,Aashirvaad,102.13,pcs,Y,2026-10-05 06:00:00
PRD06766,CAT39,Dettol Organic  Pack 7765,Fresho,12.65,1L,Y,2026-10-05 06:00:00
PRD06767,CAT28,Dabur Regular  Box 7766,Bisleri,53.35,500g,Y,2026-10-05 06:00:00
PRD06768,CAT18,Whiskas Regular  Item 7767,Nivea,36.14,1L,Y,2026-10-05 06:00:00
PRD06769,CAT41,MTR Lite  Item 7768,Bisleri,27.11,pcs,Y,2026-10-05 06:00:00
PRD06770,CAT17,Rin Lite  Bottle 7769,Britannia,81.19,pcs,Y,2026-10-05 06:00:00
PRD06771,CAT11,Gillette Classic Natural Bottle 7770,MTR,80.73,1L,Y,2026-10-05 06:00:00
PRD06772,CAT01,Tata Regular Extra Pouch 7771,Heritage,15.61,pcs,Y,2026-10-05 06:00:00
PRD06773,CAT17,Tata Regular  Pack 7772,Pedigree,31.06,500g,Y,2026-10-05 06:00:00
PRD06774,CAT36,Godrej Ultra  Pack 7773,Pedigree,47.14,1L,Y,2026-10-05 06:00:00
PRD06775,CAT36,Mother Dairy Regular Fresh Bottle 7774,Colgate,28.63,dozen,Y,2026-10-05 06:00:00
PRD06776,CAT09,Huggies Ultra  Jar 7775,Sunpure,61.96,pcs,Y,2026-10-05 06:00:00
PRD06777,CAT28,Gowardhan Ultra Natural Pack 7776,Clinic Plus,47.14,500g,Y,2026-10-05 06:00:00
PRD06778,CAT33,Harpic Regular Extra Pouch 7777,MTR Foods,190.43,500g,Y,2026-10-05 06:00:00
PRD06779,CAT03,Tata Regular Extra Item 7778,Colgate,9.23,pack,Y,2026-10-05 06:00:00
PRD06780,CAT08,Huggies Classic Select Bottle 7779,Marico,32.78,bottle,Y,2026-10-05 06:00:00
PRD06781,CAT06,Everest Ultra Select Pouch 7780,ITC,16.16,bottle,Y,2026-10-05 06:00:00
PRD06782,CAT06,Patanjali Organic Natural Bottle 7781,Ariel,63.04,500g,Y,2026-10-05 06:00:00
PRD06783,CAT29,Licious Classic Daily Pack 7782,Colgate,8.54,pcs,Y,2026-10-05 06:00:00
PRD06784,CAT37,Licious Regular Extra Box 7783,Dove,49.98,500g,Y,2026-10-05 06:00:00
PRD06785,CAT12,Marico Family Pack Select Pouch 7784,Fresho,20.76,pcs,Y,2026-10-05 06:00:00
PRD06786,CAT09,Amul Regular Extra Item 7785,Licious,18.9,250g,Y,2026-10-05 06:00:00
PRD06787,CAT41,Oleev Gold Daily Jar 7786,MTR Foods,9.96,pcs,Y,2026-10-05 06:00:00
PRD06788,CAT19,Frooti Family Pack Extra Carton 7787,Gowardhan,24.08,1L,Y,2026-10-05 06:00:00
PRD06789,CAT17,Catch Classic Fresh Pack 7788,Marico,97.13,kg,Y,2026-10-05 06:00:00
PRD06790,CAT44,Sunpure Premium  Pouch 7789,Marico,35.78,pcs,Y,2026-10-05 06:00:00
PRD06791,CAT32,Pepsi Gold  Pouch 7790,Britannia,64.39,250g,N,2026-10-05 06:00:00
PRD06792,CAT35,MTR Organic Extra Pack 7791,Rasna,163.72,pcs,Y,2026-10-05 06:00:00
PRD06793,CAT14,Patanjali Lite  Jar 7792,Weikfield,46.4,pcs,Y,2026-10-05 06:00:00
PRD06794,CAT16,MDH Family Pack Daily Carton 7793,MDH,22.13,pcs,Y,2026-10-05 06:00:00
PRD06795,CAT21,Rasna Gold Daily Pouch 7794,Licious,55.73,pcs,Y,2026-10-05 06:00:00
PRD06796,CAT12,A2B Organic Fresh Box 7795,Himalaya,22.42,pcs,Y,2026-10-05 06:00:00
PRD06797,CAT24,Britannia Gold  Box 7796,Lay's,23.24,1L,Y,2026-10-05 06:00:00
PRD06798,CAT34,Mother Dairy Gold Select Carton 7797,Ananda,9.32,250g,Y,2026-10-05 06:00:00
PRD06799,CAT08,Fresho Family Pack Select Pouch 7798,Aashirvaad,84.24,pcs,Y,2026-10-05 06:00:00
PRD06800,CAT44,A2B Gold Fresh Pack 7799,Haldiram's,25.86,bottle,Y,2026-10-05 06:00:00
PRD06801,CAT21,Rin Family Pack Daily Pouch 7800,Maggi,43.12,pack,Y,2026-10-05 06:00:00
PRD06802,CAT08,MDH Gold Daily Jar 7801,Whiskas,14.41,250g,Y,2026-10-05 06:00:00
PRD06803,CAT28,Pampers Regular  Item 7802,Fortune,54.18,500g,Y,2026-10-05 06:00:00
PRD06804,CAT16,Maggi Lite  Item 7803,MTR,18.44,pcs,Y,2026-10-05 06:00:00
PRD06805,CAT10,Huggies Classic Fresh Jar 7804,Clinic Plus,32.22,250g,Y,2026-10-05 06:00:00
PRD06806,CAT15,Amul Classic Select Pouch 7805,Johnson's,80.64,bottle,Y,2026-10-05 06:00:00
PRD06807,CAT04,Dabur Lite  Pouch 7806,Fresho,74.57,pcs,Y,2026-10-05 06:00:00
PRD06808,CAT26,ITC Ultra  Pack 7807,Nivea,35.88,250g,Y,2026-10-05 06:00:00
PRD06809,CAT15,Colgate Family Pack  Pouch 7808,Dove,7.45,pcs,Y,2026-10-05 06:00:00
PRD06810,CAT36,Ariel Gold  Carton 7809,Fortune,541.06,250g,Y,2026-10-05 06:00:00
PRD06811,CAT32,Rasna Family Pack Natural Carton 7810,Ariel,176.14,pcs,Y,2026-10-05 06:00:00
PRD06812,CAT43,Parle Classic Natural Carton 7811,Nivea,70.13,1L,N,2026-10-05 06:00:00
PRD06813,CAT38,ITC Regular  Bottle 7812,Sudha,18.58,1L,Y,2026-10-05 06:00:00
PRD06814,CAT04,Tata Family Pack Natural Bottle 7813,Haldiram's,33.04,pcs,Y,2026-10-05 06:00:00
PRD06815,CAT41,Huggies Classic Daily Pouch 7814,Britannia,22.44,pcs,Y,2026-10-05 06:00:00
PRD06816,CAT09,Fortune Classic  Item 7815,Heritage,114.15,kg,Y,2026-10-05 06:00:00
PRD06817,CAT35,MDH Organic Fresh Pack 7816,Rin,46.35,500g,N,2026-10-05 06:00:00
PRD06818,CAT28,Patanjali Gold  Carton 7817,Rin,18.07,1L,Y,2026-10-05 06:00:00
PRD06819,CAT37,Saffola Organic  Pack 7818,Close-Up,23.96,1L,Y,2026-10-05 06:00:00
PRD06820,CAT09,Gillette Family Pack Extra Bottle 7819,Frooti,100.39,bottle,Y,2026-10-05 06:00:00
PRD06821,CAT02,Patanjali Lite  Bottle 7820,Nestle,154.48,pcs,Y,2026-10-05 06:00:00
PRD06822,CAT03,Licious Premium Select Bottle 7821,Pampers,144.82,bottle,Y,2026-10-05 06:00:00
PRD06823,CAT44,Colgate Family Pack  Carton 7822,Frooti,72.34,pcs,N,2026-10-05 06:00:00
PRD06824,CAT05,Rin Premium Daily Pouch 7823,Maggi,29.16,pcs,Y,2026-10-05 06:00:00
PRD06825,CAT10,MTR Premium Daily Bottle 7824,Haldiram's,3.0,1L,Y,2026-10-05 06:00:00
PRD06826,CAT28,Sudha Premium Natural Pouch 7825,Himalaya,47.82,dozen,Y,2026-10-05 06:00:00
PRD06827,CAT15,Parle Gold Fresh Pack 7826,Oleev,36.54,pcs,Y,2026-10-05 06:00:00
PRD06828,CAT14,Marico Ultra  Jar 7827,Huggies,41.51,500g,Y,2026-10-05 06:00:00
PRD06829,CAT23,Heritage Premium Extra Carton 7828,Lay's,38.42,500g,Y,2026-10-05 06:00:00
PRD06830,CAT13,MDH Ultra  Pack 7829,MDH,11.09,pcs,Y,2026-10-05 06:00:00
PRD06831,CAT16,Fresho Family Pack Fresh Item 7830,Parle,60.44,dozen,Y,2026-10-05 06:00:00
PRD06832,CAT30,Rasna Organic Extra Carton 7831,Godrej,64.65,1L,Y,2026-10-05 06:00:00
PRD06833,CAT40,Saffola Regular  Bottle 7832,Britannia,67.63,pack,Y,2026-10-05 06:00:00
PRD06834,CAT08,Clinic Plus Organic  Box 7833,Harpic,85.79,500g,Y,2026-10-05 06:00:00
PRD06835,CAT17,Huggies Premium Select Carton 7834,Marico,63.03,500g,Y,2026-10-05 06:00:00
PRD06836,CAT30,Coca-Cola Premium  Pack 7835,Huggies,25.3,1L,Y,2026-10-05 06:00:00
PRD06837,CAT17,MDH Organic Daily Carton 7836,Johnson's,34.34,500g,Y,2026-10-05 06:00:00
PRD06838,CAT35,Whiskas Regular Select Carton 7837,Britannia,39.73,250g,Y,2026-10-05 06:00:00
PRD06839,CAT01,Godrej Organic  Box 7838,Fresho,40.32,pcs,Y,2026-10-05 06:00:00
PRD06840,CAT24,Huggies Family Pack Fresh Box 7839,Dabur,89.87,500g,Y,2026-10-05 06:00:00
PRD06841,CAT25,Nivea Family Pack Daily Item 7840,Marico,65.32,bottle,Y,2026-10-05 06:00:00
PRD06842,CAT02,Pedigree Lite Extra Jar 7841,Clinic Plus,237.37,250g,Y,2026-10-05 06:00:00
PRD06843,CAT25,Huggies Ultra  Box 7842,Sunfeast,266.62,pcs,Y,2026-10-05 06:00:00
PRD06844,CAT14,Nivea Organic  Pouch 7843,Harpic,39.32,bottle,Y,2026-10-05 06:00:00
PRD06845,CAT39,Everest Regular Natural Item 7844,Clinic Plus,3.0,1L,Y,2026-10-05 06:00:00
PRD06846,CAT33,A2B Ultra Daily Pack 7845,Rin,111.4,250g,Y,2026-10-05 06:00:00
PRD06847,CAT17,Heritage Organic Select Box 7846,Surf Excel,22.5,pcs,Y,2026-10-05 06:00:00
PRD06848,CAT31,Patanjali Gold  Jar 7847,Lay's,17.79,500g,Y,2026-10-05 06:00:00
PRD06849,CAT10,Fortune Ultra Select Item 7848,Whiskas,25.57,pack,Y,2026-10-05 06:00:00
PRD06850,CAT06,Maggi Classic  Jar 7849,Safal,24.48,pcs,Y,2026-10-05 06:00:00
PRD06851,CAT39,Johnson's Classic  Box 7850,Colgate,63.5,pcs,Y,2026-10-05 06:00:00
PRD06852,CAT25,Lakme Ultra Natural Pack 7851,Rin,8.99,500g,Y,2026-10-05 06:00:00
PRD06853,CAT38,Godrej Premium  Jar 7852,Rin,13.87,pcs,Y,2026-10-05 06:00:00
PRD06854,CAT37,Aashirvaad Gold Extra Bottle 7853,Heritage,49.84,250g,Y,2026-10-05 06:00:00
PRD06855,CAT30,Everest Gold  Pack 7854,Parle,64.11,pcs,Y,2026-10-05 06:00:00
PRD06856,CAT34,Heritage Ultra Extra Box 7855,Amul,65.2,pcs,Y,2026-10-05 06:00:00
PRD06857,CAT18,Pepsi Gold Natural Bottle 7856,Ananda,18.02,bottle,Y,2026-10-05 06:00:00
PRD06858,CAT24,MDH Family Pack Extra Item 7857,Pedigree,15.17,500g,Y,2026-10-05 06:00:00
PRD06859,CAT27,Sunpure Gold  Pack 7858,Rasna,23.2,pcs,Y,2026-10-05 06:00:00
PRD06860,CAT27,Rin Family Pack  Box 7859,Sunpure,45.42,500g,Y,2026-10-05 06:00:00
PRD06861,CAT39,Weikfield Ultra  Bottle 7860,Gillette,139.34,pcs,Y,2026-10-05 06:00:00
PRD06862,CAT21,Pedigree Premium Select Jar 7861,Frooti,5.8,pcs,Y,2026-10-05 06:00:00
PRD06863,CAT19,Aashirvaad Lite Fresh Pouch 7862,Patanjali,30.0,1L,Y,2026-10-05 06:00:00
PRD06864,CAT39,MTR Foods Regular Select Box 7863,Huggies,11.03,250g,Y,2026-10-05 06:00:00
PRD06865,CAT23,Clinic Plus Ultra Select Item 7864,Pampers,8.27,bottle,Y,2026-10-05 06:00:00
PRD06866,CAT39,Saffola Regular Select Jar 7865,Safal,87.38,250g,Y,2026-10-05 06:00:00
PRD06867,CAT44,Rin Ultra Select Pack 7866,MTR,59.75,kg,Y,2026-10-05 06:00:00
PRD06868,CAT15,Licious Lite  Carton 7867,Saffola,54.84,dozen,Y,2026-10-05 06:00:00
PRD06869,CAT43,Lakme Family Pack  Pack 7868,Amul,83.84,250g,Y,2026-10-05 06:00:00
PRD06870,CAT02,Bisleri Classic  Carton 7869,MDH,23.77,bottle,Y,2026-10-05 06:00:00
PRD06871,CAT35,Pampers Premium  Bottle 7870,Dove,24.79,250g,Y,2026-10-05 06:00:00
PRD06872,CAT20,Dove Organic Select Pack 7871,Saffola,261.69,pcs,Y,2026-10-05 06:00:00
PRD06873,CAT28,Amul Classic Select Box 7872,Tata,29.31,pcs,Y,2026-10-05 06:00:00
PRD06874,CAT15,Sunfeast Regular Extra Jar 7873,Ariel,70.92,pcs,Y,2026-10-05 06:00:00
PRD06875,CAT16,Whiskas Organic Fresh Box 7874,Amul,36.81,kg,Y,2026-10-05 06:00:00
PRD06876,CAT33,Gillette Organic Natural Box 7875,Marico,6.93,250g,Y,2026-10-05 06:00:00
PRD06877,CAT12,Saffola Regular Extra Box 7876,Close-Up,5.81,250g,Y,2026-10-05 06:00:00
PRD06878,CAT39,Harpic Gold Fresh Bottle 7877,Johnson's,21.73,pcs,Y,2026-10-05 06:00:00
PRD06879,CAT39,Vim Ultra  Item 7878,Maggi,94.68,500g,Y,2026-10-05 06:00:00
PRD06880,CAT43,Tata Organic Extra Box 7879,Marico,74.4,pcs,Y,2026-10-05 06:00:00
PRD06881,CAT20,Pedigree Organic  Box 7880,Thirumala,83.32,bottle,Y,2026-10-05 06:00:00
PRD06882,CAT29,Rasna Premium Natural Item 7881,Frooti,15.05,pack,Y,2026-10-05 06:00:00
PRD06883,CAT43,Dettol Organic Natural Box 7882,Sunfeast,156.69,250g,Y,2026-10-05 06:00:00
PRD06884,CAT03,Parle Classic  Pack 7883,Close-Up,15.36,pcs,Y,2026-10-05 06:00:00
PRD06885,CAT05,Fresho Ultra Fresh Box 7884,Rin,44.32,pcs,Y,2026-10-05 06:00:00
PRD06886,CAT02,Aashirvaad Family Pack Fresh Item 7885,Saffola,36.26,pcs,Y,2026-10-05 06:00:00
PRD06887,CAT23,Lay's Lite Daily Pouch 7886,Parle,31.3,pcs,Y,2026-10-05 06:00:00
PRD06888,CAT26,Dettol Organic  Pouch 7887,Britannia,122.09,pack,Y,2026-10-05 06:00:00
PRD06889,CAT26,Oleev Lite Natural Carton 7888,Fresho,19.4,pcs,Y,2026-10-05 06:00:00
PRD06890,CAT07,Close-Up Premium  Bottle 7889,Bisleri,10.86,500g,Y,2026-10-05 06:00:00
PRD06891,CAT10,Nestle Lite Select Pack 7890,Dove,37.26,1L,Y,2026-10-05 06:00:00
PRD06892,CAT05,Britannia Ultra Fresh Pack 7891,Colgate,25.54,500g,Y,2026-10-05 06:00:00
PRD06893,CAT12,Safal Lite Select Item 7892,Catch,764.82,pcs,Y,2026-10-05 06:00:00
PRD06894,CAT32,Pepsi Premium Natural Jar 7893,MDH,67.28,dozen,Y,2026-10-05 06:00:00
PRD06895,CAT42,Tata Lite  Pouch 7894,Dabur,25.32,500g,Y,2026-10-05 06:00:00
PRD06896,CAT31,Oleev Ultra  Pack 7895,Marico,14.15,250g,Y,2026-10-05 06:00:00
PRD06897,CAT22,ITC Premium Select Jar 7896,Sunfeast,6.74,pcs,Y,2026-10-05 06:00:00
PRD06898,CAT17,Aashirvaad Family Pack Extra Carton 7897,Fortune,14.55,pack,Y,2026-10-05 06:00:00
PRD06899,CAT20,Sunpure Family Pack  Carton 7898,MDH,40.59,pcs,Y,2026-10-05 06:00:00
PRD06900,CAT20,ITC Regular  Pouch 7899,Close-Up,132.24,250g,Y,2026-10-05 06:00:00
PRD06901,CAT43,ITC Classic Daily Box 7900,Tata,100.44,500g,Y,2026-10-05 06:00:00
PRD06902,CAT08,Gowardhan Ultra  Box 7901,Coca-Cola,44.98,pcs,Y,2026-10-05 06:00:00
PRD06903,CAT34,Parle Premium Extra Pack 7902,Thirumala,27.36,pcs,Y,2026-10-05 06:00:00
PRD06904,CAT23,Sunfeast Organic Extra Box 7903,Nestle,46.62,kg,Y,2026-10-05 06:00:00
PRD06905,CAT38,Whiskas Premium Natural Bottle 7904,Mother Dairy,22.95,pcs,N,2026-10-05 06:00:00
PRD06906,CAT28,Marico Lite Fresh Jar 7905,Ananda,171.83,250g,Y,2026-10-05 06:00:00
PRD06907,CAT13,Nestle Regular  Pack 7906,Close-Up,30.87,1L,Y,2026-10-05 06:00:00
PRD06908,CAT29,Weikfield Organic  Pack 7907,Everest,33.86,pcs,Y,2026-10-05 06:00:00
PRD06909,CAT08,MDH Ultra Fresh Pack 7908,Safal,4.98,pcs,Y,2026-10-05 06:00:00
PRD06910,CAT11,MTR Foods Premium Daily Item 7909,Nivea,30.7,pcs,Y,2026-10-05 06:00:00
PRD06911,CAT18,Sunfeast Gold Natural Pouch 7910,Weikfield,77.7,1L,Y,2026-10-05 06:00:00
PRD06912,CAT25,ITC Premium Extra Pack 7911,Rasna,14.0,500g,Y,2026-10-05 06:00:00
PRD06913,CAT22,Sunpure Ultra  Item 7912,Tata,18.62,bottle,Y,2026-10-05 06:00:00
PRD06914,CAT35,Fortune Classic Extra Jar 7913,Everest,74.7,1L,Y,2026-10-05 06:00:00
PRD06915,CAT29,Clinic Plus Family Pack Fresh Pouch 7914,Vim,9.69,pack,Y,2026-10-05 06:00:00
PRD06916,CAT21,Vim Family Pack Natural Pouch 7915,Fresho,94.82,pcs,N,2026-10-05 06:00:00
PRD06917,CAT07,MTR Classic Fresh Item 7916,Mother Dairy,22.67,250g,Y,2026-10-05 06:00:00
PRD06918,CAT12,Whiskas Organic Fresh Jar 7917,Nivea,25.8,pcs,Y,2026-10-05 06:00:00
PRD06919,CAT36,Pedigree Gold Daily Item 7918,Gowardhan,13.31,pcs,Y,2026-10-05 06:00:00
PRD06920,CAT24,Whiskas Gold Natural Carton 7919,Dabur,51.43,250g,Y,2026-10-05 06:00:00
PRD06921,CAT32,MTR Foods Organic Fresh Item 7920,Aashirvaad,334.92,pack,Y,2026-10-05 06:00:00
PRD06922,CAT27,Huggies Organic  Pack 7921,Clinic Plus,73.95,500g,Y,2026-10-05 06:00:00
PRD06923,CAT32,MTR Foods Lite  Bottle 7922,Amul,16.81,pack,Y,2026-10-05 06:00:00
PRD06924,CAT32,Nestle Regular Select Jar 7923,Aashirvaad,101.7,500g,Y,2026-10-05 06:00:00
PRD06925,CAT32,Lakme Ultra  Bottle 7924,Thirumala,27.52,pack,Y,2026-10-05 06:00:00
PRD06926,CAT26,Dettol Family Pack Fresh Pouch 7925,Patanjali,126.1,pcs,Y,2026-10-05 06:00:00
PRD06927,CAT11,Patanjali Classic Extra Pack 7926,Coca-Cola,75.64,pcs,Y,2026-10-05 06:00:00
PRD06928,CAT18,Frooti Premium Select Bottle 7927,Pedigree,3.0,250g,Y,2026-10-05 06:00:00
PRD06929,CAT39,Pepsi Lite  Box 7928,A2B,14.83,1L,Y,2026-10-05 06:00:00
PRD06930,CAT05,Dove Classic Extra Pouch 7929,Rin,85.62,1L,Y,2026-10-05 06:00:00
PRD06931,CAT16,Whiskas Gold Fresh Carton 7930,ITC,41.95,1L,Y,2026-10-05 06:00:00
PRD06932,CAT11,Lay's Organic Natural Carton 7931,Fortune,14.56,kg,Y,2026-10-05 06:00:00
PRD06933,CAT35,Haldiram's Ultra Select Pouch 7932,MDH,20.69,1L,Y,2026-10-05 06:00:00
PRD06934,CAT11,Johnson's Premium Select Pack 7933,Gowardhan,6.58,1L,Y,2026-10-05 06:00:00
PRD06935,CAT42,Mother Dairy Gold Extra Jar 7934,Clinic Plus,33.8,250g,Y,2026-10-05 06:00:00
PRD06936,CAT23,Lay's Lite Extra Item 7935,Frooti,267.63,bottle,Y,2026-10-05 06:00:00
PRD06937,CAT34,Rin Premium  Pack 7936,Nestle,75.52,pcs,Y,2026-10-05 06:00:00
PRD06938,CAT17,Fortune Family Pack  Item 7937,Ananda,262.8,1L,Y,2026-10-05 06:00:00
PRD06939,CAT10,MDH Organic Natural Carton 7938,Lakme,80.98,1L,Y,2026-10-05 06:00:00
PRD06940,CAT18,ITC Family Pack  Jar 7939,Dettol,92.27,pcs,Y,2026-10-05 06:00:00
PRD06941,CAT44,Licious Ultra Extra Bottle 7940,Thirumala,216.3,500g,Y,2026-10-05 06:00:00
PRD06942,CAT08,Ariel Regular Fresh Item 7941,Saffola,51.39,pcs,Y,2026-10-05 06:00:00
PRD06943,CAT26,Marico Family Pack Select Bottle 7942,Fortune,30.92,pcs,Y,2026-10-05 06:00:00
PRD06944,CAT03,Parle Regular Daily Pouch 7943,Gillette,92.7,bottle,Y,2026-10-05 06:00:00
PRD06945,CAT24,Pedigree Classic  Carton 7944,Colgate,135.43,pcs,Y,2026-10-05 06:00:00
PRD06946,CAT03,Rin Lite Extra Pouch 7945,Heritage,23.76,1L,Y,2026-10-05 06:00:00
PRD06947,CAT38,Aashirvaad Regular  Box 7946,Patanjali,19.12,pcs,Y,2026-10-05 06:00:00
PRD06948,CAT02,Gillette Premium Fresh Box 7947,Dettol,41.47,1L,Y,2026-10-05 06:00:00
PRD06949,CAT35,Whiskas Organic  Bottle 7948,Britannia,77.35,pcs,Y,2026-10-05 06:00:00
PRD06950,CAT17,Heritage Lite Fresh Pouch 7949,Saffola,75.06,500g,Y,2026-10-05 06:00:00
PRD06951,CAT09,Whiskas Family Pack Select Pack 7950,Britannia,10.16,bottle,Y,2026-10-05 06:00:00
PRD06952,CAT36,Pedigree Premium  Item 7951,Dabur,204.47,500g,Y,2026-10-05 06:00:00
PRD06953,CAT22,Rasna Family Pack Select Item 7952,Gowardhan,20.55,500g,Y,2026-10-05 06:00:00
PRD06954,CAT31,Lay's Lite Select Jar 7953,ITC,28.83,500g,Y,2026-10-05 06:00:00
PRD06955,CAT34,Harpic Gold  Jar 7954,Amul,16.24,pcs,Y,2026-10-05 06:00:00
PRD06956,CAT24,Ananda Premium Natural Jar 7955,Nivea,415.09,500g,Y,2026-10-05 06:00:00
PRD06957,CAT09,Dove Classic  Pouch 7956,Sunpure,45.51,pcs,Y,2026-10-05 06:00:00
PRD06958,CAT43,MTR Foods Organic  Pouch 7957,Aashirvaad,17.02,500g,Y,2026-10-05 06:00:00
PRD06959,CAT02,Oleev Gold  Jar 7958,Nestle,79.64,pack,N,2026-10-05 06:00:00
PRD06960,CAT21,Heritage Family Pack  Bottle 7959,Clinic Plus,73.13,1L,Y,2026-10-05 06:00:00
PRD06961,CAT34,Gowardhan Premium  Item 7960,Godrej,30.91,1L,Y,2026-10-05 06:00:00
PRD06962,CAT27,Clinic Plus Gold Daily Bottle 7961,Rin,77.99,pcs,Y,2026-10-05 06:00:00
PRD06963,CAT37,Oleev Gold  Bottle 7962,Heritage,17.41,pack,Y,2026-10-05 06:00:00
PRD06964,CAT07,Johnson's Lite Daily Box 7963,MTR Foods,23.49,500g,Y,2026-10-05 06:00:00
PRD06965,CAT22,Fresho Organic Fresh Pouch 7964,Tata,5.99,dozen,Y,2026-10-05 06:00:00
PRD06966,CAT04,Fresho Family Pack  Pack 7965,Maggi,11.12,pcs,Y,2026-10-05 06:00:00
PRD06967,CAT14,MDH Regular  Bottle 7966,Parle,186.21,kg,Y,2026-10-05 06:00:00
PRD06968,CAT34,Gillette Regular Extra Pouch 7967,Weikfield,160.34,1L,Y,2026-10-05 06:00:00
PRD06969,CAT23,Lakme Organic Daily Pack 7968,Fresho,38.83,pcs,Y,2026-10-05 06:00:00
PRD06970,CAT44,Haldiram's Regular Extra Item 7969,Pepsi,163.47,dozen,N,2026-10-05 06:00:00
PRD06971,CAT42,Sudha Family Pack Extra Pack 7970,Pepsi,31.69,pcs,Y,2026-10-05 06:00:00
PRD06972,CAT25,Everest Classic  Carton 7971,Oleev,29.4,250g,Y,2026-10-05 06:00:00
PRD06973,CAT01,Sudha Lite  Box 7972,Tata,38.51,bottle,Y,2026-10-05 06:00:00
PRD06974,CAT15,Haldiram's Regular  Jar 7973,Vim,32.71,pcs,Y,2026-10-05 06:00:00
PRD06975,CAT32,Sunpure Regular Extra Jar 7974,Maggi,30.15,pcs,Y,2026-10-05 06:00:00
PRD06976,CAT14,Fresho Premium Natural Pack 7975,Lakme,102.42,1L,Y,2026-10-05 06:00:00
PRD06977,CAT41,MTR Foods Classic Extra Pouch 7976,Ananda,41.89,250g,Y,2026-10-05 06:00:00
PRD06978,CAT21,Nivea Lite Fresh Jar 7977,A2B,69.49,bottle,Y,2026-10-05 06:00:00
PRD06979,CAT07,Heritage Ultra Fresh Item 7978,Gillette,92.6,250g,Y,2026-10-05 06:00:00
PRD06980,CAT36,Colgate Regular Daily Item 7979,Dabur,51.9,500g,Y,2026-10-05 06:00:00
PRD06981,CAT21,Aashirvaad Ultra  Box 7980,Pedigree,15.28,pack,Y,2026-10-05 06:00:00
PRD06982,CAT40,Licious Family Pack  Jar 7981,Himalaya,10.83,dozen,Y,2026-10-05 06:00:00
PRD06983,CAT12,Safal Classic  Pack 7982,Patanjali,41.84,pcs,Y,2026-10-05 06:00:00
PRD06984,CAT15,MTR Foods Regular  Pack 7983,Aashirvaad,31.37,pcs,Y,2026-10-05 06:00:00
PRD06985,CAT15,Bisleri Family Pack  Box 7984,Dettol,39.59,500g,N,2026-10-05 06:00:00
PRD06986,CAT17,Marico Organic  Jar 7985,Vim,36.07,bottle,Y,2026-10-05 06:00:00
PRD06987,CAT34,Britannia Family Pack Extra Pouch 7986,Bisleri,374.36,pcs,Y,2026-10-05 06:00:00
PRD06988,CAT44,Rin Premium  Pack 7987,Lay's,11.05,bottle,Y,2026-10-05 06:00:00
PRD06989,CAT35,Marico Ultra Fresh Box 7988,MTR,6.1,dozen,Y,2026-10-05 06:00:00
PRD06990,CAT39,Vim Ultra Fresh Bottle 7989,Godrej,49.36,pcs,Y,2026-10-05 06:00:00
PRD06991,CAT38,Close-Up Ultra  Carton 7990,Sudha,26.08,500g,Y,2026-10-05 06:00:00
PRD06992,CAT14,Fortune Organic Select Box 7991,Mother Dairy,48.64,pcs,Y,2026-10-05 06:00:00
PRD06993,CAT05,Heritage Premium  Bottle 7992,Godrej,61.9,500g,Y,2026-10-05 06:00:00
PRD06994,CAT30,Patanjali Gold Natural Bottle 7993,Amul,116.24,500g,Y,2026-10-05 06:00:00
PRD06995,CAT04,Patanjali Family Pack Daily Carton 7994,Parle,9.43,250g,N,2026-10-05 06:00:00
PRD06996,CAT15,Surf Excel Regular Extra Box 7995,Thirumala,22.17,1L,Y,2026-10-05 06:00:00
PRD06997,CAT39,Rin Gold  Jar 7996,Catch,53.83,dozen,Y,2026-10-05 06:00:00
PRD06998,CAT35,Rin Lite  Pouch 7997,Saffola,73.22,pcs,Y,2026-10-05 06:00:00
PRD06999,CAT10,Bisleri Lite  Pack 7998,Weikfield,263.51,500g,Y,2026-10-05 06:00:00
PRD07000,CAT02,Huggies Classic Natural Pouch 7999,Haldiram's,86.5,pack,Y,2026-10-05 06:00:00
PRD07001,CAT44,MTR Ultra  Carton 8000,Aashirvaad,34.77,500g,Y,2026-10-05 06:00:00
PRD07002,CAT24,Fortune Lite  Box 8001,Johnson's,16.42,500g,Y,2026-10-05 06:00:00
PRD07003,CAT28,Dove Organic Natural Item 8002,Fresho,22.02,250g,Y,2026-10-05 06:00:00
PRD07004,CAT22,Johnson's Regular Fresh Pouch 8003,Parle,21.47,bottle,Y,2026-10-05 06:00:00
PRD07005,CAT44,Mother Dairy Organic Select Item 8004,A2B,66.0,500g,Y,2026-10-05 06:00:00
PRD07006,CAT32,Clinic Plus Lite Fresh Box 8005,Maggi,46.12,500g,Y,2026-10-05 06:00:00
PRD07007,CAT31,Ananda Organic Extra Jar 8006,Dettol,11.12,dozen,Y,2026-10-05 06:00:00
PRD07008,CAT19,Godrej Organic  Jar 8007,Everest,24.72,pcs,Y,2026-10-05 06:00:00
PRD07009,CAT21,Surf Excel Regular Natural Pouch 8008,Pepsi,80.62,500g,Y,2026-10-05 06:00:00
PRD07010,CAT03,Himalaya Classic Extra Box 8009,ITC,50.22,1L,Y,2026-10-05 06:00:00
PRD07011,CAT06,Everest Classic Select Item 8010,Thirumala,61.06,pcs,Y,2026-10-05 06:00:00
PRD07012,CAT32,Rin Premium Natural Item 8011,Pampers,51.66,1L,Y,2026-10-05 06:00:00
PRD07013,CAT02,Coca-Cola Gold  Pouch 8012,Fortune,158.19,pcs,Y,2026-10-05 06:00:00
PRD07014,CAT24,Weikfield Classic Select Pouch 8013,Oleev,45.26,pack,Y,2026-10-05 06:00:00
PRD07015,CAT27,Johnson's Classic Fresh Item 8014,Rasna,25.86,pack,Y,2026-10-05 06:00:00
PRD07016,CAT09,Fortune Ultra Fresh Jar 8015,Clinic Plus,16.05,pcs,Y,2026-10-05 06:00:00
PRD07017,CAT13,Close-Up Organic  Jar 8016,Frooti,45.82,pcs,N,2026-10-05 06:00:00
PRD07018,CAT14,Ariel Ultra Daily Jar 8017,Whiskas,4.07,250g,Y,2026-10-05 06:00:00
PRD07019,CAT11,Gillette Family Pack Fresh Item 8018,Johnson's,31.0,500g,Y,2026-10-05 06:00:00
PRD07020,CAT14,Everest Gold  Pouch 8019,Lakme,30.41,1L,Y,2026-10-05 06:00:00
PRD07021,CAT16,Bisleri Ultra Daily Pack 8020,Ananda,10.72,pcs,Y,2026-10-05 06:00:00
PRD07022,CAT10,Oleev Premium  Bottle 8021,Heritage,15.87,pcs,Y,2026-10-05 06:00:00
PRD07023,CAT20,Sunpure Regular  Pouch 8022,Clinic Plus,75.84,pcs,Y,2026-10-05 06:00:00
PRD07024,CAT16,Catch Organic  Item 8023,Bisleri,45.04,pcs,Y,2026-10-05 06:00:00
PRD07025,CAT34,Johnson's Lite Select Bottle 8024,Parle,40.11,500g,Y,2026-10-05 06:00:00
PRD07026,CAT16,Rin Family Pack  Pouch 8025,Huggies,48.22,250g,Y,2026-10-05 06:00:00
PRD07027,CAT14,Everest Organic Select Bottle 8026,Weikfield,39.78,1L,N,2026-10-05 06:00:00
PRD07028,CAT28,Vim Classic  Pack 8027,Licious,112.01,1L,Y,2026-10-05 06:00:00
PRD07029,CAT18,Parle Organic Daily Box 8028,Close-Up,40.9,500g,Y,2026-10-05 06:00:00
PRD07030,CAT26,Pepsi Premium  Carton 8029,A2B,9.85,pcs,Y,2026-10-05 06:00:00
PRD07031,CAT38,Sunpure Gold  Jar 8030,A2B,158.72,pcs,Y,2026-10-05 06:00:00
PRD07032,CAT07,Frooti Lite Fresh Pouch 8031,Godrej,51.08,500g,N,2026-10-05 06:00:00
PRD07033,CAT34,Ariel Premium  Pack 8032,Godrej,21.53,1L,Y,2026-10-05 06:00:00
PRD07034,CAT07,Catch Family Pack Select Pouch 8033,Pedigree,11.85,250g,Y,2026-10-05 06:00:00
PRD07035,CAT33,Fortune Organic Extra Box 8034,MTR,52.26,500g,Y,2026-10-05 06:00:00
PRD07036,CAT35,Lakme Premium  Bottle 8035,Fresho,32.94,1L,Y,2026-10-05 06:00:00
PRD07037,CAT39,A2B Family Pack  Box 8036,Whiskas,150.92,kilo,Y,2026-10-05 06:00:00
PRD07038,CAT21,Lay's Ultra Fresh Carton 8037,Tata,26.81,bottle,Y,2026-10-05 06:00:00
PRD07039,CAT28,Bisleri Classic Fresh Box 8038,Maggi,17.22,bottle,Y,2026-10-05 06:00:00
PRD07040,CAT32,Nestle Gold Daily Pack 8039,Nestle,81.96,pcs,Y,2026-10-05 06:00:00
PRD07041,CAT44,Oleev Regular  Bottle 8040,Pampers,84.16,500g,Y,2026-10-05 06:00:00
PRD07042,CAT16,Colgate Organic Natural Bottle 8041,Safal,42.6,1L,Y,2026-10-05 06:00:00
PRD07043,CAT10,Licious Ultra  Carton 8042,Ariel,67.27,500g,Y,2026-10-05 06:00:00
PRD07044,CAT23,Sudha Organic  Item 8043,Frooti,35.38,bottle,Y,2026-10-05 06:00:00
PRD07045,CAT15,Johnson's Organic Daily Bottle 8044,Fortune,45.17,250g,Y,2026-10-05 06:00:00
PRD07046,CAT43,Saffola Gold Select Pack 8045,Weikfield,104.43,250g,Y,2026-10-05 06:00:00
PRD07047,CAT06,Aashirvaad Regular Select Pouch 8046,MTR Foods,64.25,500g,Y,2026-10-05 06:00:00
PRD07048,CAT33,Marico Regular Natural Pouch 8047,Britannia,31.43,pcs,Y,2026-10-05 06:00:00
PRD07049,CAT39,Saffola Gold  Bottle 8048,Close-Up,123.61,pcs,Y,2026-10-05 06:00:00
PRD07050,CAT12,Rasna Family Pack Select Carton 8049,Sudha,4.36,pcs,Y,2026-10-05 06:00:00
PRD07051,CAT36,Licious Ultra  Box 8050,Marico,232.03,pcs,Y,2026-10-05 06:00:00
PRD07052,CAT31,Nivea Premium  Pack 8051,Licious,7.88,kg,Y,2026-10-05 06:00:00
PRD07053,CAT10,Sunpure Regular  Pack 8052,MTR Foods,20.81,500g,Y,2026-10-05 06:00:00
PRD07054,CAT34,Everest Regular Natural Item 8053,Heritage,35.27,bottle,N,2026-10-05 06:00:00
PRD07055,CAT41,Catch Lite Fresh Carton 8054,Sunpure,32.08,pack,Y,2026-10-05 06:00:00
PRD07056,CAT10,Himalaya Ultra Select Bottle 8055,Licious,90.54,pack,Y,2026-10-05 06:00:00
PRD07057,CAT11,Lay's Gold Daily Pouch 8056,A2B,14.13,pcs,Y,2026-10-05 06:00:00
PRD07058,CAT14,Amul Ultra Extra Carton 8057,Safal,46.28,500g,Y,2026-10-05 06:00:00
PRD07059,CAT03,Mother Dairy Lite  Box 8058,Sunfeast,21.75,pcs,Y,2026-10-05 06:00:00
PRD07060,CAT33,MTR Ultra Select Jar 8059,Pepsi,47.73,dozen,N,2026-10-05 06:00:00
PRD07061,CAT07,Everest Classic Natural Jar 8060,Surf Excel,34.53,bottle,Y,2026-10-05 06:00:00
PRD07062,CAT04,Close-Up Ultra Daily Pack 8061,Heritage,39.79,pcs,Y,2026-10-05 06:00:00
PRD07063,CAT39,Sunfeast Classic  Box 8062,Parle,22.31,pcs,Y,2026-10-05 06:00:00
PRD07064,CAT10,Frooti Family Pack Extra Pouch 8063,Parle,23.13,500g,Y,2026-10-05 06:00:00
PRD07065,CAT15,Heritage Regular Daily Item 8064,Gillette,47.4,pcs,Y,2026-10-05 06:00:00
PRD07066,CAT16,Maggi Premium Fresh Item 8065,Godrej,85.57,pack,Y,2026-10-05 06:00:00
PRD07067,CAT38,Ariel Regular Fresh Pack 8066,Thirumala,21.36,pack,Y,2026-10-05 06:00:00
PRD07068,CAT04,Rin Family Pack Select Bottle 8067,Huggies,16.75,250g,Y,2026-10-05 06:00:00
PRD07069,CAT04,Harpic Lite  Jar 8068,MTR,63.57,250g,Y,2026-10-05 06:00:00
PRD07070,CAT36,Pedigree Regular  Item 8069,Surf Excel,35.54,500g,Y,2026-10-05 06:00:00
PRD07071,CAT27,Harpic Family Pack Daily Item 8070,ITC,77.28,pcs,Y,2026-10-05 06:00:00
PRD07072,CAT22,Colgate Lite  Box 8071,Coca-Cola,16.2,pack,Y,2026-10-05 06:00:00
PRD07073,CAT22,Dove Classic Fresh Pack 8072,Thirumala,7.38,pack,Y,2026-10-05 06:00:00
PRD07074,CAT17,Vim Family Pack Select Pack 8073,Safal,22.65,pcs,Y,2026-10-05 06:00:00
PRD07075,CAT34,Marico Classic  Bottle 8074,Lay's,18.36,500g,Y,2026-10-05 06:00:00
PRD07076,CAT32,Sudha Classic Extra Item 8075,Bisleri,34.09,pcs,N,2026-10-05 06:00:00
PRD07077,CAT06,Britannia Organic Natural Bottle 8076,Catch,20.63,pack,Y,2026-10-05 06:00:00
PRD07078,CAT33,Colgate Gold Natural Carton 8077,Dove,71.3,pcs,Y,2026-10-05 06:00:00
PRD07079,CAT08,Clinic Plus Premium Select Jar 8078,Ananda,28.24,250g,Y,2026-10-05 06:00:00
PRD07080,CAT36,Johnson's Premium  Carton 8079,Godrej,41.91,500g,Y,2026-10-05 06:00:00
PRD07081,CAT05,Vim Lite Daily Carton 8080,Sunfeast,42.18,pack,Y,2026-10-05 06:00:00
PRD07082,CAT05,Catch Classic Natural Box 8081,MTR Foods,43.62,500g,Y,2026-10-05 06:00:00
PRD07083,CAT10,Pepsi Lite  Bottle 8082,Huggies,35.81,pcs,Y,2026-10-05 06:00:00
PRD07084,CAT40,Britannia Premium  Pack 8083,Vim,57.95,pcs,Y,2026-10-05 06:00:00
PRD07085,CAT07,Tata Gold Select Carton 8084,Mother Dairy,17.88,pcs,Y,2026-10-05 06:00:00
PRD07086,CAT12,Haldiram's Regular  Jar 8085,Pepsi,128.96,250g,Y,2026-10-05 06:00:00
PRD07087,CAT30,Parle Gold  Box 8086,Fresho,29.58,250g,Y,2026-10-05 06:00:00
PRD07088,CAT25,Everest Classic  Box 8087,Parle,11.24,pcs,Y,2026-10-05 06:00:00
PRD07089,CAT28,Ananda Gold  Bottle 8088,Safal,43.35,500g,Y,2026-10-05 06:00:00
PRD07090,CAT43,Dettol Family Pack  Item 8089,MTR,17.01,pcs,Y,2026-10-05 06:00:00
PRD07091,CAT13,Parle Classic Fresh Box 8090,Vim,66.61,pack,Y,2026-10-05 06:00:00
PRD07092,CAT22,Everest Gold  Item 8091,Huggies,267.37,pcs,Y,2026-10-05 06:00:00
PRD07093,CAT18,A2B Organic Select Pack 8092,Parle,18.03,bottle,Y,2026-10-05 06:00:00
PRD07094,CAT27,Patanjali Gold  Pack 8093,Whiskas,49.36,1L,Y,2026-10-05 06:00:00
PRD07095,CAT08,Sunpure Gold Fresh Item 8094,Nestle,7.54,1L,Y,2026-10-05 06:00:00
PRD07096,CAT06,Britannia Regular Daily Carton 8095,Huggies,55.07,pcs,Y,2026-10-05 06:00:00
PRD07097,CAT11,Ariel Gold  Jar 8096,Sunpure,16.49,pcs,Y,2026-10-05 06:00:00
PRD07098,CAT29,Pepsi Premium Natural Bottle 8097,Himalaya,20.86,1L,Y,2026-10-05 06:00:00
PRD07099,CAT41,Maggi Premium  Jar 8098,Vim,13.58,500g,Y,2026-10-05 06:00:00
PRD07100,CAT05,Everest Premium  Item 8099,Fortune,70.73,pcs,Y,2026-10-05 06:00:00
PRD07101,CAT07,Saffola Lite Fresh Pouch 8100,Amul,90.61,pack,Y,2026-10-05 06:00:00
PRD07102,CAT22,Colgate Lite Daily Pouch 8101,Weikfield,37.38,500g,N,2026-10-05 06:00:00
PRD07103,CAT04,Harpic Lite Daily Jar 8102,Vim,16.81,pcs,Y,2026-10-05 06:00:00
PRD07104,CAT32,Pepsi Regular  Pouch 8103,Oleev,153.02,250g,Y,2026-10-05 06:00:00
PRD07105,CAT19,Gowardhan Classic Daily Pack 8104,Pampers,18.63,bottle,Y,2026-10-05 06:00:00
PRD07106,CAT33,Mother Dairy Ultra Natural Carton 8105,Gillette,5.23,pcs,Y,2026-10-05 06:00:00
PRD07107,CAT01,A2B Organic Fresh Box 8106,Vim,55.29,250g,Y,2026-10-05 06:00:00
PRD07108,CAT41,Maggi Lite Fresh Pack 8107,Maggi,13.54,1L,Y,2026-10-05 06:00:00
PRD07109,CAT44,Whiskas Organic Fresh Carton 8108,MTR,89.1,dozen,Y,2026-10-05 06:00:00
PRD07110,CAT41,Sudha Ultra Extra Bottle 8109,Tata,25.97,pcs,Y,2026-10-05 06:00:00
PRD07111,CAT08,Ananda Premium  Box 8110,A2B,63.01,dozen,Y,2026-10-05 06:00:00
PRD07112,CAT32,Ariel Organic Select Pack 8111,Frooti,129.2,pcs,Y,2026-10-05 06:00:00
PRD07113,CAT30,ITC Gold  Jar 8112,Marico,12.33,500g,Y,2026-10-05 06:00:00
PRD07114,CAT28,Sudha Regular Daily Bottle 8113,Britannia,21.99,500g,Y,2026-10-05 06:00:00
PRD07115,CAT41,Saffola Family Pack Extra Jar 8114,Everest,34.19,pcs,Y,2026-10-05 06:00:00
PRD07116,CAT32,Fresho Lite Fresh Jar 8115,Haldiram's,146.03,250g,Y,2026-10-05 06:00:00
PRD07117,CAT25,Huggies Regular  Pouch 8116,Lakme,20.24,1L,Y,2026-10-05 06:00:00
PRD07118,CAT34,Close-Up Lite Natural Bottle 8117,Fresho,21.43,pcs,Y,2026-10-05 06:00:00
PRD07119,CAT33,Thirumala Classic Natural Jar 8118,Nivea,56.28,pcs,Y,2026-10-05 06:00:00
PRD07120,CAT13,Pepsi Organic Select Box 8119,Licious,21.77,pcs,Y,2026-10-05 06:00:00
PRD07121,CAT25,Heritage Regular  Box 8120,Sunpure,41.98,500g,Y,2026-10-05 06:00:00
PRD07122,CAT42,Gillette Organic  Box 8121,Saffola,9.06,500g,Y,2026-10-05 06:00:00
PRD07123,CAT40,Ananda Lite  Pouch 8122,Gowardhan,268.51,500g,Y,2026-10-05 06:00:00
PRD07124,CAT39,Safal Organic Select Box 8123,Everest,10.88,pcs,Y,2026-10-05 06:00:00
PRD07125,CAT44,Harpic Ultra Extra Carton 8124,Heritage,27.4,500g,N,2026-10-05 06:00:00
PRD07126,CAT44,MTR Lite Daily Bottle 8125,Haldiram's,35.54,pack,Y,2026-10-05 06:00:00
PRD07127,CAT10,Sunpure Regular  Box 8126,Oleev,204.67,pcs,Y,2026-10-05 06:00:00
PRD07128,CAT31,Licious Family Pack Fresh Carton 8127,Everest,11.11,pcs,Y,2026-10-05 06:00:00
PRD07129,CAT44,Bisleri Organic Natural Jar 8128,Catch,218.18,500g,Y,2026-10-05 06:00:00
PRD07130,CAT11,Fortune Regular Daily Pouch 8129,Pedigree,72.35,500g,Y,2026-10-05 06:00:00
PRD07131,CAT25,Ariel Organic  Carton 8130,Colgate,53.27,1L,Y,2026-10-05 06:00:00
PRD07132,CAT34,Marico Regular Daily Pack 8131,Johnson's,15.09,kg,Y,2026-10-05 06:00:00
PRD07133,CAT20,Himalaya Lite Select Bottle 8132,Huggies,61.19,250g,Y,2026-10-05 06:00:00
PRD07134,CAT07,Ariel Gold Fresh Item 8133,Nivea,19.08,250g,Y,2026-10-05 06:00:00
PRD07135,CAT33,Haldiram's Family Pack  Pack 8134,Dettol,114.43,500g,Y,2026-10-05 06:00:00
PRD07136,CAT35,MTR Foods Family Pack Select Pack 8135,Catch,15.27,pcs,Y,2026-10-05 06:00:00
PRD07137,CAT29,Everest Lite Natural Box 8136,Saffola,33.05,500g,Y,2026-10-05 06:00:00
PRD07138,CAT12,Patanjali Ultra Select Pouch 8137,Gillette,22.2,bottle,Y,2026-10-05 06:00:00
PRD07139,CAT05,Haldiram's Organic Daily Jar 8138,MTR Foods,15.05,bottle,Y,2026-10-05 06:00:00
PRD07140,CAT12,Huggies Premium Select Carton 8139,Sudha,71.32,500g,Y,2026-10-05 06:00:00
PRD07141,CAT29,Harpic Organic  Box 8140,Rin,59.26,pcs,Y,2026-10-05 06:00:00
PRD07142,CAT35,Huggies Family Pack Daily Pouch 8141,Marico,108.65,pcs,Y,2026-10-05 06:00:00
PRD07143,CAT20,Nivea Classic Select Item 8142,Everest,7.38,pcs,Y,2026-10-05 06:00:00
PRD07144,CAT37,Sunfeast Lite  Item 8143,Gillette,95.37,pack,Y,2026-10-05 06:00:00
PRD07145,CAT01,Bisleri Lite Extra Item 8144,MTR,348.94,pcs,Y,2026-10-05 06:00:00
PRD07146,CAT16,Nestle Lite  Bottle 8145,Britannia,24.37,500g,Y,2026-10-05 06:00:00
PRD07147,CAT30,Sudha Lite Extra Pack 8146,Thirumala,201.47,pack,Y,2026-10-05 06:00:00
PRD07148,CAT09,Gowardhan Premium Extra Jar 8147,Dettol,-28.88,pcs,Y,2026-10-05 06:00:00
PRD07149,CAT42,Coca-Cola Premium  Box 8148,Maggi,10.64,500g,Y,2026-10-05 06:00:00
PRD07150,CAT10,Pampers Organic Extra Pouch 8149,Lakme,27.8,pcs,Y,2026-10-05 06:00:00
PRD07151,CAT13,Fresho Premium  Bottle 8150,Sunfeast,94.01,500g,Y,2026-10-05 06:00:00
PRD07152,CAT20,Catch Ultra Daily Item 8151,Harpic,17.21,pcs,Y,2026-10-05 06:00:00
PRD07153,CAT29,Maggi Classic Fresh Bottle 8152,Godrej,21.32,500g,Y,2026-10-05 06:00:00
PRD07154,CAT04,Ananda Lite Fresh Carton 8153,Huggies,62.44,pack,Y,2026-10-05 06:00:00
PRD07155,CAT28,Oleev Family Pack Select Pack 8154,Harpic,36.7,250g,Y,2026-10-05 06:00:00
PRD07156,CAT37,Parle Ultra  Jar 8155,Clinic Plus,61.94,500g,Y,2026-10-05 06:00:00
PRD07157,CAT13,Ariel Gold Select Carton 8156,Dabur,45.33,pack,Y,2026-10-05 06:00:00
PRD07158,CAT03,Frooti Ultra Natural Carton 8157,ITC,56.35,pcs,N,2026-10-05 06:00:00
PRD07159,CAT37,Bisleri Lite Daily Pouch 8158,Close-Up,24.8,pack,Y,2026-10-05 06:00:00
PRD07160,CAT19,Harpic Family Pack  Jar 8159,Haldiram's,45.09,pcs,Y,2026-10-05 06:00:00
PRD07161,CAT28,Ariel Ultra  Pack 8160,Patanjali,15.88,500g,Y,2026-10-05 06:00:00
PRD07162,CAT19,Bisleri Ultra  Jar 8161,ITC,116.7,pcs,Y,2026-10-05 06:00:00
PRD07163,CAT17,Surf Excel Gold Select Jar 8162,Pampers,20.68,pcs,Y,2026-10-05 06:00:00
PRD07164,CAT18,Safal Organic Fresh Pouch 8163,Godrej,101.09,kg,Y,2026-10-05 06:00:00
PRD07165,CAT18,Clinic Plus Classic Select Bottle 8164,Himalaya,29.66,pcs,Y,2026-10-05 06:00:00
PRD07166,CAT23,Rasna Premium Select Jar 8165,Close-Up,43.89,pcs,Y,2026-10-05 06:00:00
PRD07167,CAT40,Licious Lite Daily Box 8166,Nivea,23.44,500g,Y,2026-10-05 06:00:00
PRD07168,CAT09,Fortune Classic  Item 8167,Heritage,14.67,pcs,Y,2026-10-05 06:00:00
PRD07169,CAT29,Gowardhan Classic  Box 8168,Johnson's,7.61,bottle,Y,2026-10-05 06:00:00
PRD07170,CAT42,Ananda Premium  Bottle 8169,Fortune,14.16,bottle,N,2026-10-05 06:00:00
PRD07171,CAT29,Oleev Lite Fresh Jar 8170,Rin,27.34,pcs,Y,2026-10-05 06:00:00
PRD07172,CAT02,Ariel Premium  Pack 8171,A2B,44.29,pcs,Y,2026-10-05 06:00:00
PRD07173,CAT17,Fortune Lite Fresh Box 8172,Lakme,90.86,pcs,Y,2026-10-05 06:00:00
PRD07174,CAT31,Patanjali Family Pack Select Carton 8173,Mother Dairy,24.5,500g,Y,2026-10-05 06:00:00
PRD07175,CAT28,Close-Up Lite Fresh Pouch 8174,Whiskas,16.55,pcs,Y,2026-10-05 06:00:00
PRD07176,CAT43,Ananda Classic Fresh Item 8175,Gowardhan,9.99,500g,Y,2026-10-05 06:00:00
PRD07177,CAT39,Heritage Ultra  Jar 8176,Mother Dairy,56.38,250g,Y,2026-10-05 06:00:00
PRD07178,CAT30,Tata Classic Select Bottle 8177,Clinic Plus,127.09,500g,Y,2026-10-05 06:00:00
PRD07179,CAT35,Nivea Lite  Item 8178,Licious,114.4,pcs,Y,2026-10-05 06:00:00
PRD07180,CAT20,Godrej Classic  Bottle 8179,Pedigree,69.33,500g,Y,2026-10-05 06:00:00
PRD07181,CAT16,Amul Ultra  Carton 8180,Nestle,65.02,250g,Y,2026-10-05 06:00:00
PRD07182,CAT34,Nestle Premium Fresh Jar 8181,Lakme,168.66,500g,Y,2026-10-05 06:00:00
PRD07183,CAT14,Fresho Gold  Pack 8182,Rasna,49.35,pcs,Y,2026-10-05 06:00:00
PRD07184,CAT26,Pedigree Organic Select Item 8183,Weikfield,65.47,500g,Y,2026-10-05 06:00:00
PRD07185,CAT20,Bisleri Premium  Pouch 8184,Ariel,27.42,500g,Y,2026-10-05 06:00:00
PRD07186,CAT42,Nivea Premium Daily Box 8185,Ananda,10.74,pcs,Y,2026-10-05 06:00:00
PRD07187,CAT24,Lay's Classic Daily Box 8186,ITC,19.78,dozen,Y,2026-10-05 06:00:00
PRD07188,CAT43,Whiskas Regular Fresh Pouch 8187,Aashirvaad,36.3,250g,Y,2026-10-05 06:00:00
PRD07189,CAT18,Godrej Gold  Pack 8188,Catch,38.66,250g,Y,2026-10-05 06:00:00
PRD07190,CAT43,Parle Lite  Bottle 8189,Lakme,207.19,pack,Y,2026-10-05 06:00:00
PRD07191,CAT09,Tata Family Pack  Bottle 8190,Dove,39.38,1L,Y,2026-10-05 06:00:00
PRD07192,CAT19,Thirumala Classic Daily Pouch 8191,Pepsi,105.74,pack,Y,2026-10-05 06:00:00
PRD07193,CAT20,Gowardhan Premium  Box 8192,Ananda,24.74,500g,Y,2026-10-05 06:00:00
PRD07194,CAT42,Ananda Family Pack  Carton 8193,Pepsi,27.65,500g,Y,2026-10-05 06:00:00
PRD07195,CAT30,Frooti Classic Extra Item 8194,Pepsi,11.07,pcs,Y,2026-10-05 06:00:00
PRD07196,CAT26,Patanjali Gold  Pouch 8195,Maggi,18.76,pcs,Y,2026-10-05 06:00:00
PRD07197,CAT31,Rasna Ultra  Pack 8196,A2B,58.81,500g,Y,2026-10-05 06:00:00
PRD07198,CAT35,Colgate Family Pack  Pack 8197,MTR Foods,36.85,1L,Y,2026-10-05 06:00:00
PRD07199,CAT03,Pedigree Classic Fresh Item 8198,Haldiram's,85.51,500g,Y,2026-10-05 06:00:00
PRD07200,CAT40,Surf Excel Gold Extra Carton 8199,Saffola,43.08,1L,Y,2026-10-05 06:00:00
PRD07201,CAT29,Marico Ultra Natural Pack 8200,Oleev,26.65,250g,N,2026-10-05 06:00:00
PRD07202,CAT06,Safal Family Pack  Carton 8201,Mother Dairy,253.02,pcs,Y,2026-10-05 06:00:00
PRD07203,CAT01,Nivea Lite Select Bottle 8202,Tata,33.63,pcs,Y,2026-10-05 06:00:00
PRD07204,CAT24,Sunpure Regular Extra Bottle 8203,Oleev,104.24,pcs,Y,2026-10-05 06:00:00
PRD07205,CAT38,Himalaya Organic Daily Pouch 8204,Britannia,25.51,pcs,Y,2026-10-05 06:00:00
PRD07206,CAT34,Aashirvaad Lite  Item 8205,Mother Dairy,69.31,500g,Y,2026-10-05 06:00:00
PRD07207,CAT07,Safal Family Pack Fresh Pouch 8206,Patanjali,84.37,250g,Y,2026-10-05 06:00:00
PRD07208,CAT11,Surf Excel Organic  Carton 8207,A2B,44.15,pcs,Y,2026-10-05 06:00:00
PRD07209,CAT11,Huggies Ultra  Pack 8208,Marico,4.4,pack,Y,2026-10-05 06:00:00
PRD07210,CAT36,MTR Foods Gold  Box 8209,Ariel,37.2,bottle,Y,2026-10-05 06:00:00
PRD07211,CAT20,Himalaya Premium  Jar 8210,Tata,110.77,500g,Y,2026-10-05 06:00:00
PRD07212,CAT16,Mother Dairy Classic Natural Pack 8211,Safal,58.83,250g,Y,2026-10-05 06:00:00
PRD07213,CAT05,Haldiram's Premium Select Pouch 8212,Nestle,54.67,pcs,Y,2026-10-05 06:00:00
PRD07214,CAT24,Weikfield Organic  Bottle 8213,Sunpure,7.77,250g,Y,2026-10-05 06:00:00
PRD07215,CAT30,Aashirvaad Organic Fresh Carton 8214,Lay's,19.14,pcs,Y,2026-10-05 06:00:00
PRD07216,CAT30,Sunfeast Regular  Box 8215,Coca-Cola,53.0,250g,Y,2026-10-05 06:00:00
PRD07217,CAT39,Pepsi Family Pack Fresh Item 8216,Nivea,52.95,500g,Y,2026-10-05 06:00:00
PRD07218,CAT37,Amul Gold Natural Box 8217,Bisleri,109.2,kg,Y,2026-10-05 06:00:00
PRD07219,CAT33,Gillette Classic Extra Pouch 8218,Licious,32.12,500g,Y,2026-10-05 06:00:00
PRD07220,CAT20,Pampers Ultra Natural Bottle 8219,Huggies,52.73,pcs,Y,2026-10-05 06:00:00
PRD07221,CAT22,Gowardhan Ultra Daily Item 8220,Bisleri,37.14,500g,Y,2026-10-05 06:00:00
PRD07222,CAT41,Nestle Regular  Pouch 8221,Tata,15.06,pack,Y,2026-10-05 06:00:00
PRD07223,CAT21,Marico Regular Select Bottle 8222,Bisleri,4.81,1L,Y,2026-10-05 06:00:00
PRD07224,CAT37,Sunfeast Organic Daily Box 8223,Ariel,53.94,dozen,Y,2026-10-05 06:00:00
PRD07225,CAT27,MTR Ultra  Carton 8224,Vim,42.8,pack,Y,2026-10-05 06:00:00
PRD07226,CAT38,Pepsi Family Pack  Bottle 8225,Nestle,20.98,500g,Y,2026-10-05 06:00:00
PRD07227,CAT35,Lay's Organic Select Pack 8226,Nestle,8.52,pcs,Y,2026-10-05 06:00:00
PRD07228,CAT38,Saffola Regular Select Box 8227,Mother Dairy,64.51,pcs,Y,2026-10-05 06:00:00
PRD07229,CAT40,Nestle Ultra Select Carton 8228,Licious,28.81,dozen,Y,2026-10-05 06:00:00
PRD07230,CAT06,Amul Family Pack  Jar 8229,Sunfeast,60.41,kg,Y,2026-10-05 06:00:00
PRD07231,CAT32,Britannia Classic Fresh Carton 8230,Sunfeast,195.91,pcs,N,2026-10-05 06:00:00
PRD07232,CAT16,MTR Foods Ultra  Carton 8231,Dabur,5.33,1L,Y,2026-10-05 06:00:00
PRD07233,CAT28,Fortune Premium Select Pouch 8232,Parle,19.5,250g,Y,2026-10-05 06:00:00
PRD07234,CAT16,MTR Foods Organic  Box 8233,Nivea,30.31,1L,N,2026-10-05 06:00:00
PRD07235,CAT27,Britannia Family Pack  Item 8234,Gowardhan,135.55,pack,Y,2026-10-05 06:00:00
PRD07236,CAT03,Amul Organic Select Pouch 8235,Fresho,8.39,pcs,Y,2026-10-05 06:00:00
PRD07237,CAT21,Nivea Premium Fresh Carton 8236,Huggies,208.99,bottle,Y,2026-10-05 06:00:00
PRD07238,CAT38,Saffola Classic Extra Pack 8237,Licious,41.36,500g,Y,2026-10-05 06:00:00
PRD07239,CAT38,Pampers Gold  Bottle 8238,Saffola,33.57,500g,Y,2026-10-05 06:00:00
PRD07240,CAT30,Dettol Gold Daily Pouch 8239,Dabur,30.62,500g,Y,2026-10-05 06:00:00
PRD07241,CAT22,Catch Classic  Box 8240,Fortune,24.71,500g,Y,2026-10-05 06:00:00
PRD07242,CAT19,A2B Gold  Pack 8241,Vim,94.0,1L,Y,2026-10-05 06:00:00
PRD07243,CAT31,Lay's Gold  Pack 8242,Britannia,13.99,250g,Y,2026-10-05 06:00:00
PRD07244,CAT20,Johnson's Gold Fresh Item 8243,Sunfeast,49.94,500g,N,2026-10-05 06:00:00
PRD07245,CAT19,Pampers Ultra Extra Box 8244,Tata,25.9,250g,Y,2026-10-05 06:00:00
PRD07246,CAT02,A2B Gold Daily Box 8245,Catch,18.43,pcs,Y,2026-10-05 06:00:00
PRD07247,CAT40,Nivea Ultra  Item 8246,Oleev,375.17,kg,Y,2026-10-05 06:00:00
PRD07248,CAT39,ITC Classic  Jar 8247,Britannia,53.36,pcs,Y,2026-10-05 06:00:00
PRD07249,CAT27,Saffola Ultra Extra Pouch 8248,Nivea,63.56,500g,Y,2026-10-05 06:00:00
PRD07250,CAT08,Sudha Classic Daily Box 8249,Surf Excel,101.9,pcs,Y,2026-10-05 06:00:00
PRD07251,CAT27,Licious Classic  Pack 8250,Weikfield,10.18,500g,Y,2026-10-05 06:00:00
PRD07252,CAT15,Sunfeast Premium Natural Pack 8251,Gowardhan,177.16,pcs,Y,2026-10-05 06:00:00
PRD07253,CAT12,Parle Family Pack  Pack 8252,Thirumala,3.83,kg,Y,2026-10-05 06:00:00
PRD07254,CAT14,Oleev Gold  Carton 8253,Fresho,18.32,pcs,Y,2026-10-05 06:00:00
PRD07255,CAT07,Vim Ultra  Jar 8254,Marico,24.21,500g,Y,2026-10-05 06:00:00
PRD07256,CAT17,Frooti Regular Extra Pouch 8255,Sudha,61.78,250g,Y,2026-10-05 06:00:00
PRD07257,CAT26,Britannia Family Pack Daily Item 8256,Pepsi,44.56,pcs,Y,2026-10-05 06:00:00
PRD07258,CAT37,Maggi Premium  Item 8257,Aashirvaad,31.5,pack,Y,2026-10-05 06:00:00
PRD07259,CAT20,Fresho Ultra  Pouch 8258,Whiskas,36.21,pack,Y,2026-10-05 06:00:00
PRD07260,CAT10,Himalaya Regular Daily Box 8259,MDH,15.18,250g,Y,2026-10-05 06:00:00
PRD07261,CAT19,Aashirvaad Regular  Carton 8260,Gowardhan,9.51,pcs,Y,2026-10-05 06:00:00
PRD07262,CAT18,Saffola Classic Fresh Box 8261,Gowardhan,70.38,pcs,Y,2026-10-05 06:00:00
PRD07263,CAT30,Close-Up Organic Extra Box 8262,Licious,68.33,pcs,Y,2026-10-05 06:00:00
PRD07264,CAT30,Catch Gold  Pack 8263,Pampers,152.33,pcs,N,2026-10-05 06:00:00
PRD07265,CAT25,Dove Lite  Bottle 8264,Fortune,17.98,pcs,Y,2026-10-05 06:00:00
PRD07266,CAT24,Fortune Regular Extra Pouch 8265,MTR Foods,68.27,pack,Y,2026-10-05 06:00:00
PRD07267,CAT10,MTR Foods Premium Daily Bottle 8266,Bisleri,28.35,500g,Y,2026-10-05 06:00:00
PRD07268,CAT02,Johnson's Classic  Item 8267,Lay's,106.85,pcs,Y,2026-10-05 06:00:00
PRD07269,CAT38,Fortune Family Pack Fresh Pack 8268,MTR,91.81,pcs,N,2026-10-05 06:00:00
PRD07270,CAT32,Heritage Organic  Box 8269,Pampers,44.26,500g,Y,2026-10-05 06:00:00
PRD07271,CAT35,Heritage Regular Natural Box 8270,Rin,26.96,pcs,Y,2026-10-05 06:00:00
PRD07272,CAT37,Safal Family Pack Natural Pouch 8271,Ariel,86.91,bottle,N,2026-10-05 06:00:00
PRD07273,CAT07,Huggies Ultra  Pouch 8272,Aashirvaad,65.51,pcs,Y,2026-10-05 06:00:00
PRD07274,CAT07,Saffola Ultra  Pouch 8273,MTR,19.77,bottle,Y,2026-10-05 06:00:00
PRD07275,CAT27,Fresho Premium Select Pouch 8274,Himalaya,11.08,1L,Y,2026-10-05 06:00:00
PRD07276,CAT10,Vim Premium Fresh Box 8275,MDH,28.23,kg,Y,2026-10-05 06:00:00
PRD07277,CAT33,Fresho Gold Select Item 8276,Saffola,143.15,pcs,Y,2026-10-05 06:00:00
PRD07278,CAT43,Gowardhan Classic  Bottle 8277,Rasna,102.7,pcs,Y,2026-10-05 06:00:00
PRD07279,CAT07,Haldiram's Organic Extra Pack 8278,Maggi,13.45,500g,Y,2026-10-05 06:00:00
PRD07280,CAT06,Fortune Family Pack Fresh Box 8279,Bisleri,12.79,bottle,Y,2026-10-05 06:00:00
PRD07281,CAT06,Rin Premium  Bottle 8280,Gowardhan,115.26,250g,Y,2026-10-05 06:00:00
PRD07282,CAT13,Parle Gold Extra Bottle 8281,Pampers,13.17,1L,Y,2026-10-05 06:00:00
PRD07283,CAT13,Dove Lite Select Jar 8282,Oleev,57.88,pcs,Y,2026-10-05 06:00:00
PRD07284,CAT02,Johnson's Classic Fresh Pouch 8283,Johnson's,21.02,500g,Y,2026-10-05 06:00:00
PRD07285,CAT19,Fresho Premium  Box 8284,Patanjali,156.86,pcs,Y,2026-10-05 06:00:00
PRD07286,CAT19,Fortune Premium Fresh Pack 8285,A2B,18.29,500g,Y,2026-10-05 06:00:00
PRD07287,CAT38,Close-Up Organic  Jar 8286,Dove,102.41,pcs,Y,2026-10-05 06:00:00
PRD07288,CAT02,Lakme Organic Fresh Box 8287,Gillette,43.22,pcs,Y,2026-10-05 06:00:00
PRD07289,CAT26,Colgate Family Pack Extra Carton 8288,Bisleri,45.92,1L,Y,2026-10-05 06:00:00
PRD07290,CAT06,Safal Gold Natural Carton 8289,Fortune,6.21,kg,Y,2026-10-05 06:00:00
PRD07291,CAT20,Licious Premium Fresh Jar 8290,Saffola,5.04,1L,Y,2026-10-05 06:00:00
PRD07292,CAT23,Pepsi Lite  Box 8291,Close-Up,30.01,1L,Y,2026-10-05 06:00:00
PRD07293,CAT15,Pepsi Lite Fresh Pouch 8292,A2B,45.71,dozen,Y,2026-10-05 06:00:00
PRD07294,CAT06,Amul Premium Fresh Item 8293,Huggies,13.29,pcs,Y,2026-10-05 06:00:00
PRD07295,CAT28,Clinic Plus Gold Fresh Item 8294,Ariel,13.74,pcs,Y,2026-10-05 06:00:00
PRD07296,CAT35,Catch Regular Natural Pack 8295,Heritage,60.66,250g,Y,2026-10-05 06:00:00
PRD07297,CAT11,A2B Organic  Box 8296,Fresho,60.74,500g,Y,2026-10-05 06:00:00
PRD07298,CAT08,Pampers Regular Natural Bottle 8297,Huggies,32.33,500g,Y,2026-10-05 06:00:00
PRD07299,CAT24,Himalaya Premium Select Pack 8298,Himalaya,73.86,pcs,Y,2026-10-05 06:00:00
PRD07300,CAT21,Thirumala Family Pack Select Item 8299,Patanjali,12.72,500g,Y,2026-10-05 06:00:00
PRD07301,CAT36,Coca-Cola Ultra  Box 8300,Johnson's,26.57,500g,Y,2026-10-05 06:00:00
PRD07302,CAT07,Rin Premium Daily Carton 8301,Huggies,161.27,pcs,Y,2026-10-05 06:00:00
PRD07303,CAT05,Patanjali Lite  Pouch 8302,Coca-Cola,38.92,500g,Y,2026-10-05 06:00:00
PRD07304,CAT29,Ananda Regular Fresh Box 8303,Dettol,41.0,500g,Y,2026-10-05 06:00:00
PRD07305,CAT16,Pepsi Lite  Box 8304,Nestle,291.59,kg,Y,2026-10-05 06:00:00
PRD07306,CAT06,Marico Gold Select Pack 8305,Haldiram's,10.39,dozen,Y,2026-10-05 06:00:00
PRD07307,CAT14,Britannia Ultra  Carton 8306,Nestle,74.95,pack,Y,2026-10-05 06:00:00
PRD07308,CAT02,Maggi Organic Select Pack 8307,Colgate,163.63,dozen,Y,2026-10-05 06:00:00
PRD07309,CAT25,Fresho Classic Extra Pack 8308,Rasna,27.32,pcs,Y,2026-10-05 06:00:00
PRD07310,CAT31,Harpic Family Pack Fresh Pack 8309,Everest,79.33,pack,Y,2026-10-05 06:00:00
PRD07311,CAT13,Nivea Gold  Item 8310,Godrej,15.12,500g,Y,2026-10-05 06:00:00
PRD07312,CAT18,Colgate Classic Select Bottle 8311,Tata,19.73,250g,Y,2026-10-05 06:00:00
PRD07313,CAT17,Pampers Gold  Box 8312,Patanjali,51.75,pcs,Y,2026-10-05 06:00:00
PRD07314,CAT28,Rasna Lite  Bottle 8313,Harpic,75.09,pack,Y,2026-10-05 06:00:00
PRD07315,CAT12,Gowardhan Lite Extra Carton 8314,Fortune,100.37,pcs,Y,2026-10-05 06:00:00
PRD07316,CAT35,Thirumala Premium Select Pack 8315,Clinic Plus,150.3,pcs,Y,2026-10-05 06:00:00
PRD07317,CAT22,Maggi Regular  Pack 8316,Mother Dairy,34.44,pack,N,2026-10-05 06:00:00
PRD07318,CAT39,Surf Excel Lite  Pouch 8317,Lakme,107.15,250g,Y,2026-10-05 06:00:00
PRD07319,CAT01,Britannia Ultra Natural Item 8318,Nestle,26.89,500g,Y,2026-10-05 06:00:00
PRD07320,CAT37,Pepsi Gold  Bottle 8319,Himalaya,82.42,250g,N,2026-10-05 06:00:00
PRD07321,CAT21,Harpic Premium  Pouch 8320,Amul,44.11,pcs,Y,2026-10-05 06:00:00
PRD07322,CAT01,Mother Dairy Lite Daily Box 8321,Close-Up,54.66,1L,Y,2026-10-05 06:00:00
PRD07323,CAT04,Lakme Lite Extra Pouch 8322,Sunpure,53.58,pcs,Y,2026-10-05 06:00:00
PRD07324,CAT32,Gillette Classic  Item 8323,Tata,8.63,pack,Y,2026-10-05 06:00:00
PRD07325,CAT01,Tata Premium  Jar 8324,Dettol,13.31,500g,Y,2026-10-05 06:00:00
PRD07326,CAT13,Ariel Regular Select Item 8325,Fresho,40.14,kg,Y,2026-10-05 06:00:00
PRD07327,CAT17,Gowardhan Gold  Carton 8326,A2B,8.02,500g,Y,2026-10-05 06:00:00
PRD07328,CAT12,Haldiram's Organic Fresh Jar 8327,Heritage,77.33,500g,Y,2026-10-05 06:00:00
PRD07329,CAT07,Gillette Classic Natural Box 8328,Gowardhan,80.19,500g,Y,2026-10-05 06:00:00
PRD07330,CAT03,Nivea Ultra  Jar 8329,Haldiram's,49.13,500g,Y,2026-10-05 06:00:00
PRD07331,CAT26,Rin Gold Daily Item 8330,Weikfield,13.34,pcs,Y,2026-10-05 06:00:00
PRD07332,CAT31,Himalaya Regular Daily Pack 8331,Lay's,126.74,pack,Y,2026-10-05 06:00:00
PRD07333,CAT36,Everest Lite  Bottle 8332,Oleev,228.95,500g,Y,2026-10-05 06:00:00
PRD07334,CAT26,MTR Foods Family Pack Extra Carton 8333,Whiskas,41.78,500g,Y,2026-10-05 06:00:00
PRD07335,CAT03,Pampers Classic Fresh Box 8334,Saffola,57.94,pcs,Y,2026-10-05 06:00:00
PRD07336,CAT44,Gowardhan Ultra Extra Jar 8335,Everest,43.88,pcs,Y,2026-10-05 06:00:00
PRD07337,CAT28,Himalaya Lite Extra Item 8336,Rasna,58.99,1L,Y,2026-10-05 06:00:00
PRD07338,CAT44,Ananda Classic Fresh Carton 8337,Clinic Plus,32.86,bottle,Y,2026-10-05 06:00:00
PRD07339,CAT17,Sunfeast Lite  Item 8338,Clinic Plus,35.48,500g,Y,2026-10-05 06:00:00
PRD07340,CAT38,Weikfield Family Pack Extra Bottle 8339,Mother Dairy,82.69,pcs,Y,2026-10-05 06:00:00
PRD07341,CAT30,Dettol Organic Natural Item 8340,Maggi,302.19,pcs,Y,2026-10-05 06:00:00
PRD07342,CAT02,Sunfeast Gold Extra Jar 8341,Godrej,10.38,bottle,Y,2026-10-05 06:00:00
PRD07343,CAT08,Fresho Organic  Pack 8342,Pampers,33.33,250g,Y,2026-10-05 06:00:00
PRD07344,CAT14,Nestle Gold  Carton 8343,Oleev,12.65,dozen,Y,2026-10-05 06:00:00
PRD07345,CAT37,Frooti Regular Extra Pouch 8344,Catch,153.37,pcs,Y,2026-10-05 06:00:00
PRD07346,CAT35,Tata Organic  Carton 8345,Fortune,21.56,bottle,Y,2026-10-05 06:00:00
PRD07347,CAT42,Catch Premium  Pack 8346,Everest,9.99,pack,Y,2026-10-05 06:00:00
PRD07348,CAT39,Mother Dairy Classic  Bottle 8347,Vim,65.0,bottle,Y,2026-10-05 06:00:00
PRD07349,CAT11,Close-Up Family Pack  Bottle 8348,Colgate,175.89,pcs,Y,2026-10-05 06:00:00
PRD07350,CAT15,Marico Family Pack Select Pack 8349,Whiskas,66.5,250g,Y,2026-10-05 06:00:00
PRD07351,CAT02,Haldiram's Lite  Pack 8350,Whiskas,44.01,500g,Y,2026-10-05 06:00:00
PRD07352,CAT37,Dabur Family Pack  Pouch 8351,Johnson's,52.89,1L,Y,2026-10-05 06:00:00
PRD07353,CAT43,Sunfeast Gold  Carton 8352,Dabur,130.76,500g,Y,2026-10-05 06:00:00
PRD07354,CAT32,Maggi Organic Fresh Jar 8353,Tata,16.66,250g,Y,2026-10-05 06:00:00
PRD07355,CAT40,Whiskas Regular Select Pack 8354,Sunfeast,33.09,dozen,Y,2026-10-05 06:00:00
PRD07356,CAT13,Safal Family Pack  Item 8355,Surf Excel,24.35,250g,Y,2026-10-05 06:00:00
PRD07357,CAT43,Himalaya Gold Fresh Pack 8356,Dabur,12.79,250g,Y,2026-10-05 06:00:00
PRD07358,CAT17,Nestle Premium  Jar 8357,MTR,27.23,1L,Y,2026-10-05 06:00:00
PRD07359,CAT15,Mother Dairy Family Pack Natural Carton 8358,Lakme,99.18,250g,Y,2026-10-05 06:00:00
PRD07360,CAT33,Safal Lite  Carton 8359,MDH,60.94,pcs,Y,2026-10-05 06:00:00
PRD07361,CAT16,Mother Dairy Classic Daily Pack 8360,Clinic Plus,65.36,pcs,Y,2026-10-05 06:00:00
PRD07362,CAT13,Godrej Organic Natural Pouch 8361,Clinic Plus,41.76,250g,Y,2026-10-05 06:00:00
PRD07363,CAT22,Weikfield Organic Select Pouch 8362,Gowardhan,58.62,pcs,Y,2026-10-05 06:00:00
PRD07364,CAT23,Patanjali Gold Extra Carton 8363,Whiskas,17.8,250g,Y,2026-10-05 06:00:00
PRD07365,CAT36,Pampers Ultra  Bottle 8364,Maggi,27.7,pack,Y,2026-10-05 06:00:00
PRD07366,CAT43,Weikfield Lite Extra Bottle 8365,Bisleri,43.5,500g,Y,2026-10-05 06:00:00
PRD07367,CAT10,Haldiram's Classic Natural Pack 8366,MTR,46.98,bottle,Y,2026-10-05 06:00:00
PRD07368,CAT17,Safal Gold  Item 8367,Whiskas,48.82,500g,Y,2026-10-05 06:00:00
PRD07369,CAT30,Harpic Ultra  Carton 8368,Nivea,32.31,pcs,Y,2026-10-05 06:00:00
PRD07370,CAT13,Gowardhan Regular  Jar 8369,Gowardhan,26.06,500g,Y,2026-10-05 06:00:00
PRD07371,CAT30,Vim Organic Fresh Pack 8370,Sudha,627.66,bottle,Y,2026-10-05 06:00:00
PRD07372,CAT30,Vim Family Pack Daily Carton 8371,Frooti,82.77,dozen,Y,2026-10-05 06:00:00
PRD07373,CAT07,Licious Regular  Carton 8372,Fortune,53.08,500g,Y,2026-10-05 06:00:00
PRD07374,CAT10,Lay's Family Pack  Box 8373,Marico,29.67,pcs,Y,2026-10-05 06:00:00
PRD07375,CAT35,Parle Regular Daily Carton 8374,Everest,24.38,pcs,Y,2026-10-05 06:00:00
PRD07376,CAT02,Safal Lite Extra Carton 8375,Saffola,32.53,1L,Y,2026-10-05 06:00:00
PRD07377,CAT30,MTR Organic Natural Carton 8376,Marico,47.63,1L,Y,2026-10-05 06:00:00
PRD07378,CAT19,Gowardhan Family Pack Select Box 8377,Dove,6.74,1L,Y,2026-10-05 06:00:00
PRD07379,CAT39,Pedigree Family Pack Fresh Pouch 8378,Colgate,8.91,pack,Y,2026-10-05 06:00:00
PRD07380,CAT37,Vim Gold  Box 8379,Rasna,20.63,250g,Y,2026-10-05 06:00:00
PRD07381,CAT03,Heritage Ultra Natural Carton 8380,Mother Dairy,44.1,pcs,Y,2026-10-05 06:00:00
PRD07382,CAT25,Surf Excel Premium Fresh Bottle 8381,Parle,29.51,500g,Y,2026-10-05 06:00:00
PRD07383,CAT34,Marico Gold Natural Item 8382,Fortune,138.42,pack,Y,2026-10-05 06:00:00
PRD07384,CAT22,Dettol Gold Select Box 8383,Nivea,9.64,1L,Y,2026-10-05 06:00:00
PRD07385,CAT38,Gowardhan Regular  Pack 8384,MTR Foods,18.61,pcs,Y,2026-10-05 06:00:00
PRD07386,CAT14,Heritage Premium Select Carton 8385,Tata,143.75,pcs,Y,2026-10-05 06:00:00
PRD07387,CAT39,Maggi Family Pack Select Jar 8386,MTR,41.18,pack,Y,2026-10-05 06:00:00
PRD07388,CAT02,Gillette Gold Daily Jar 8387,Britannia,81.15,pcs,Y,2026-10-05 06:00:00
PRD07389,CAT32,Parle Premium Extra Pouch 8388,Oleev,231.86,250g,Y,2026-10-05 06:00:00
PRD07390,CAT43,Oleev Lite Fresh Jar 8389,Amul,19.6,1L,Y,2026-10-05 06:00:00
PRD07391,CAT03,Licious Ultra  Item 8390,Clinic Plus,33.47,pcs,Y,2026-10-05 06:00:00
PRD07392,CAT41,Maggi Classic Fresh Bottle 8391,Dabur,28.64,250g,Y,2026-10-05 06:00:00
PRD07393,CAT08,A2B Regular  Pack 8392,Thirumala,6.3,pcs,Y,2026-10-05 06:00:00
PRD07394,CAT26,Lay's Lite Fresh Bottle 8393,ITC,27.68,500g,Y,2026-10-05 06:00:00
PRD07395,CAT32,Clinic Plus Premium Fresh Box 8394,Lakme,80.88,pcs,Y,2026-10-05 06:00:00
PRD07396,CAT11,Gillette Family Pack  Box 8395,Coca-Cola,59.53,250g,Y,2026-10-05 06:00:00
PRD07397,CAT01,Surf Excel Ultra  Bottle 8396,MTR Foods,63.89,250g,Y,2026-10-05 06:00:00
PRD07398,CAT15,Nestle Lite Daily Jar 8397,Rin,26.1,pcs,N,2026-10-05 06:00:00
PRD07399,CAT04,Lakme Gold  Box 8398,Tata,20.28,pack,Y,2026-10-05 06:00:00
PRD07400,CAT04,Rin Gold Daily Pack 8399,Gowardhan,114.7,pcs,Y,2026-10-05 06:00:00
PRD07401,CAT28,Rin Gold  Pouch 8400,Johnson's,23.39,500g,Y,2026-10-05 06:00:00
PRD07402,CAT10,Frooti Ultra Natural Item 8401,Johnson's,47.69,500g,Y,2026-10-05 06:00:00
PRD07403,CAT11,MDH Organic Extra Bottle 8402,Rasna,42.39,1L,N,2026-10-05 06:00:00
PRD07404,CAT23,Oleev Family Pack  Bottle 8403,Lakme,136.39,pcs,Y,2026-10-05 06:00:00
PRD07405,CAT03,Dabur Organic Daily Jar 8404,Vim,87.73,pcs,Y,2026-10-05 06:00:00
PRD07406,CAT39,Maggi Organic Daily Item 8405,Frooti,11.41,500g,Y,2026-10-05 06:00:00
PRD07407,CAT39,Surf Excel Classic  Carton 8406,Surf Excel,12.57,pcs,Y,2026-10-05 06:00:00
PRD07408,CAT17,Heritage Gold  Carton 8407,Parle,61.62,bottle,Y,2026-10-05 06:00:00
PRD07409,CAT22,Thirumala Premium Fresh Pouch 8408,Pampers,34.54,pcs,Y,2026-10-05 06:00:00
PRD07410,CAT27,Safal Ultra  Bottle 8409,Rasna,24.3,500g,Y,2026-10-05 06:00:00
PRD07411,CAT16,Heritage Ultra Daily Pack 8410,ITC,91.29,500g,Y,2026-10-05 06:00:00
PRD07412,CAT16,Saffola Lite Select Carton 8411,Catch,43.32,1L,Y,2026-10-05 06:00:00
PRD07413,CAT40,Rin Organic  Carton 8412,Gowardhan,38.37,250g,Y,2026-10-05 06:00:00
PRD07414,CAT03,Whiskas Gold Select Bottle 8413,MDH,73.84,500g,Y,2026-10-05 06:00:00
PRD07415,CAT33,Catch Classic Daily Bottle 8414,Marico,26.11,pcs,Y,2026-10-05 06:00:00
PRD07416,CAT42,Amul Regular Fresh Pouch 8415,Aashirvaad,150.15,250g,Y,2026-10-05 06:00:00
PRD07417,CAT02,Safal Ultra Select Pouch 8416,Catch,18.01,pcs,Y,2026-10-05 06:00:00
PRD07418,CAT39,Maggi Premium Natural Bottle 8417,Surf Excel,66.1,1L,Y,2026-10-05 06:00:00
PRD07419,CAT27,ITC Premium  Carton 8418,Sunfeast,133.01,pack,Y,2026-10-05 06:00:00
PRD07420,CAT15,Dabur Gold Fresh Pouch 8419,Britannia,10.6,pcs,Y,2026-10-05 06:00:00
PRD07421,CAT07,MTR Classic Daily Box 8420,Rasna,26.87,500g,Y,2026-10-05 06:00:00
PRD07422,CAT42,Tata Premium  Item 8421,Huggies,102.31,pcs,Y,2026-10-05 06:00:00
PRD07423,CAT09,Fresho Regular Fresh Bottle 8422,Close-Up,103.7,pack,N,2026-10-05 06:00:00
PRD07424,CAT41,Surf Excel Family Pack Natural Carton 8423,Rin,31.36,250g,Y,2026-10-05 06:00:00
PRD07425,CAT06,Fresho Premium  Pack 8424,Marico,18.89,pcs,Y,2026-10-05 06:00:00
PRD07426,CAT12,Pedigree Premium Fresh Box 8425,Colgate,86.52,500g,Y,2026-10-05 06:00:00
PRD07427,CAT30,Marico Classic  Box 8426,Britannia,106.19,250g,Y,2026-10-05 06:00:00
PRD07428,CAT20,Tata Ultra Daily Item 8427,Sunfeast,12.83,500g,Y,2026-10-05 06:00:00
PRD07429,CAT20,Sunfeast Organic Select Pouch 8428,Lakme,12.38,pcs,Y,2026-10-05 06:00:00
PRD07430,CAT27,Haldiram's Classic Daily Carton 8429,Parle,44.82,500g,Y,2026-10-05 06:00:00
PRD07431,CAT20,Haldiram's Lite  Box 8430,Dabur,64.48,250g,Y,2026-10-05 06:00:00
PRD07432,CAT07,Whiskas Lite Extra Box 8431,Surf Excel,27.96,pcs,Y,2026-10-05 06:00:00
PRD07433,CAT40,Clinic Plus Regular Natural Pouch 8432,Aashirvaad,67.45,pcs,Y,2026-10-05 06:00:00
PRD07434,CAT40,Tata Lite  Pouch 8433,Gowardhan,19.31,pack,Y,2026-10-05 06:00:00
PRD07435,CAT30,Marico Premium  Bottle 8434,Nivea,5.46,pcs,Y,2026-10-05 06:00:00
PRD07436,CAT08,Pedigree Regular Select Box 8435,Huggies,24.99,500g,Y,2026-10-05 06:00:00
PRD07437,CAT02,Rin Classic Extra Carton 8436,Marico,38.74,250g,Y,2026-10-05 06:00:00
PRD07438,CAT14,Heritage Family Pack Fresh Item 8437,Aashirvaad,28.55,pcs,Y,2026-10-05 06:00:00
PRD07439,CAT10,Dove Premium  Bottle 8438,Surf Excel,12.9,1L,Y,2026-10-05 06:00:00
PRD07440,CAT18,Ananda Classic Select Pouch 8439,Rasna,7.14,500g,Y,2026-10-05 06:00:00
PRD07441,CAT18,Pedigree Lite Extra Jar 8440,Tata,23.04,1L,Y,2026-10-05 06:00:00
PRD07442,CAT16,Harpic Organic  Item 8441,Marico,82.1,1L,Y,2026-10-05 06:00:00
PRD07443,CAT05,MTR Organic Select Carton 8442,Thirumala,113.36,pack,Y,2026-10-05 06:00:00
PRD07444,CAT31,Pedigree Organic  Item 8443,Haldiram's,106.58,1L,Y,2026-10-05 06:00:00
PRD07445,CAT37,Huggies Family Pack Select Bottle 8444,Patanjali,17.56,pcs,Y,2026-10-05 06:00:00
PRD07446,CAT20,Sunfeast Lite Daily Pack 8445,Himalaya,12.96,pcs,Y,2026-10-05 06:00:00
PRD07447,CAT23,Dettol Classic Extra Carton 8446,Dabur,57.22,pcs,Y,2026-10-05 06:00:00
PRD07448,CAT32,Britannia Regular  Box 8447,Pampers,64.82,bottle,Y,2026-10-05 06:00:00
PRD07449,CAT42,Pampers Lite Natural Pack 8448,Tata,52.47,kg,Y,2026-10-05 06:00:00
PRD07450,CAT17,Godrej Regular  Pouch 8449,Whiskas,5.97,pcs,Y,2026-10-05 06:00:00
PRD07451,CAT13,Sunfeast Organic Natural Bottle 8450,Haldiram's,16.77,500g,Y,2026-10-05 06:00:00
PRD07452,CAT13,MDH Gold Natural Pack 8451,Amul,35.63,pcs,Y,2026-10-05 06:00:00
PRD07453,CAT17,MTR Lite Daily Pouch 8452,Coca-Cola,56.74,kg,Y,2026-10-05 06:00:00
PRD07454,CAT15,MTR Foods Gold Fresh Pack 8453,Mother Dairy,73.01,pcs,Y,2026-10-05 06:00:00
PRD07455,CAT26,Gowardhan Organic  Item 8454,Tata,41.67,500g,Y,2026-10-05 06:00:00
PRD07456,CAT44,Clinic Plus Family Pack Natural Pouch 8455,Rin,49.29,pcs,Y,2026-10-05 06:00:00
PRD07457,CAT28,Britannia Classic Natural Pouch 8456,Nivea,39.5,pcs,Y,2026-10-05 06:00:00
PRD07458,CAT42,Heritage Ultra Select Bottle 8457,Rasna,67.83,pcs,Y,2026-10-05 06:00:00
PRD07459,CAT30,Johnson's Family Pack Daily Item 8458,Ariel,48.5,500g,Y,2026-10-05 06:00:00
PRD07460,CAT43,Heritage Lite  Pack 8459,MTR,38.83,500g,Y,2026-10-05 06:00:00
PRD07461,CAT35,Ananda Regular Daily Pack 8460,Sudha,28.75,pcs,Y,2026-10-05 06:00:00
PRD07462,CAT22,Fresho Family Pack  Bottle 8461,Maggi,39.38,pcs,Y,2026-10-05 06:00:00
PRD07463,CAT10,Saffola Organic Select Pouch 8462,Fresho,56.61,500g,N,2026-10-05 06:00:00
PRD07464,CAT11,Johnson's Lite Fresh Box 8463,Surf Excel,46.56,pack,Y,2026-10-05 06:00:00
PRD07465,CAT38,Aashirvaad Regular  Pack 8464,Patanjali,51.56,250g,Y,2026-10-05 06:00:00
PRD07466,CAT33,Parle Gold Natural Box 8465,Fortune,122.54,250g,Y,2026-10-05 06:00:00
PRD07467,CAT06,Vim Classic Daily Item 8466,Heritage,46.46,500g,Y,2026-10-05 06:00:00
PRD07468,CAT37,Sudha Family Pack Daily Item 8467,Haldiram's,20.41,250g,Y,2026-10-05 06:00:00
PRD07469,CAT07,Pampers Family Pack  Jar 8468,Huggies,81.06,500g,Y,2026-10-05 06:00:00
PRD07470,CAT44,Thirumala Premium Extra Carton 8469,Fortune,10.7,pcs,Y,2026-10-05 06:00:00
PRD07471,CAT12,Thirumala Lite  Bottle 8470,Dove,13.83,500g,Y,2026-10-05 06:00:00
PRD07472,CAT07,Ananda Family Pack Extra Bottle 8471,Amul,49.51,pcs,Y,2026-10-05 06:00:00
PRD07473,CAT02,Safal Classic  Carton 8472,Colgate,58.25,pcs,Y,2026-10-05 06:00:00
PRD07474,CAT01,Whiskas Ultra  Box 8473,Marico,11.93,pcs,Y,2026-10-05 06:00:00
PRD07475,CAT23,Maggi Family Pack Select Pack 8474,Johnson's,25.93,pcs,Y,2026-10-05 06:00:00
PRD07476,CAT25,Amul Premium  Bottle 8475,Nestle,21.21,pcs,Y,2026-10-05 06:00:00
PRD07477,CAT18,Safal Classic  Item 8476,Dove,23.62,250g,Y,2026-10-05 06:00:00
PRD07478,CAT44,Tata Gold Fresh Pack 8477,Nestle,85.56,500g,Y,2026-10-05 06:00:00
PRD07479,CAT07,Dabur Ultra Fresh Bottle 8478,Britannia,69.12,pack,Y,2026-10-05 06:00:00
PRD07480,CAT03,Patanjali Premium Natural Jar 8479,Harpic,35.97,pcs,Y,2026-10-05 06:00:00
PRD07481,CAT29,Weikfield Family Pack Extra Bottle 8480,Colgate,22.39,pcs,Y,2026-10-05 06:00:00
PRD07482,CAT10,Harpic Organic  Jar 8481,Saffola,10.86,kg,Y,2026-10-05 06:00:00
PRD07483,CAT43,Ariel Family Pack  Bottle 8482,Marico,131.39,500g,Y,2026-10-05 06:00:00
PRD07484,CAT05,MTR Organic Natural Carton 8483,Thirumala,62.36,250g,Y,2026-10-05 06:00:00
PRD07485,CAT34,Bisleri Organic Extra Bottle 8484,Marico,19.38,500g,N,2026-10-05 06:00:00
PRD07486,CAT08,Himalaya Premium Select Pouch 8485,Ananda,69.94,500g,Y,2026-10-05 06:00:00
PRD07487,CAT14,Sunpure Lite Daily Box 8486,Aashirvaad,34.36,pcs,Y,2026-10-05 06:00:00
PRD07488,CAT40,Oleev Ultra  Item 8487,Gowardhan,28.26,pack,Y,2026-10-05 06:00:00
PRD07489,CAT06,Lakme Regular  Pack 8488,Ariel,54.15,pcs,Y,2026-10-05 06:00:00
PRD07490,CAT01,Heritage Ultra  Jar 8489,ITC,18.78,pcs,N,2026-10-05 06:00:00
PRD07491,CAT33,Gowardhan Regular Daily Carton 8490,Amul,26.86,250g,Y,2026-10-05 06:00:00
PRD07492,CAT40,Clinic Plus Lite  Pack 8491,Gowardhan,40.83,500g,Y,2026-10-05 06:00:00
PRD07493,CAT11,Thirumala Classic  Carton 8492,Godrej,23.35,bottle,Y,2026-10-05 06:00:00
PRD07494,CAT24,Godrej Lite  Bottle 8493,MDH,66.83,pcs,Y,2026-10-05 06:00:00
PRD07495,CAT10,Nestle Regular Fresh Bottle 8494,Fortune,196.79,1L,Y,2026-10-05 06:00:00
PRD07496,CAT44,Weikfield Lite Select Item 8495,Aashirvaad,18.56,500g,Y,2026-10-05 06:00:00
PRD07497,CAT23,Saffola Classic Natural Bottle 8496,Godrej,8.18,pcs,Y,2026-10-05 06:00:00
PRD07498,CAT16,Ananda Classic  Box 8497,Parle,6.04,250g,Y,2026-10-05 06:00:00
PRD07499,CAT37,Britannia Classic  Item 8498,Heritage,31.96,500g,Y,2026-10-05 06:00:00
PRD07500,CAT16,Bisleri Gold Select Item 8499,Sunpure,20.15,500g,Y,2026-10-05 06:00:00
PRD07501,CAT44,Nestle Premium  Bottle 8500,Sunfeast,44.13,dozen,N,2026-10-05 06:00:00
PRD07502,CAT31,Sunfeast Lite Fresh Carton 8501,Weikfield,41.24,500g,Y,2026-10-05 06:00:00
PRD07503,CAT06,Clinic Plus Regular Extra Carton 8502,Lay's,8.65,pack,Y,2026-10-05 06:00:00
PRD07504,CAT30,Johnson's Lite Daily Box 8503,Godrej,7.15,250g,Y,2026-10-05 06:00:00
PRD07505,CAT37,Himalaya Lite Natural Bottle 8504,Licious,47.77,1L,Y,2026-10-05 06:00:00
PRD07506,CAT01,Fresho Classic  Item 8505,Amul,41.34,bottle,Y,2026-10-05 06:00:00
PRD07507,CAT42,Himalaya Organic Extra Pouch 8506,Huggies,24.95,pcs,Y,2026-10-05 06:00:00
PRD07508,CAT25,Dove Ultra Select Pack 8507,Everest,8.24,pack,Y,2026-10-05 06:00:00
PRD07509,CAT21,Fresho Organic Select Carton 8508,Harpic,55.94,500g,Y,2026-10-05 06:00:00
PRD07510,CAT35,Himalaya Lite  Item 8509,Pepsi,114.97,pack,Y,2026-10-05 06:00:00
PRD07511,CAT38,Licious Lite  Bottle 8510,Lakme,47.0,500g,Y,2026-10-05 06:00:00
PRD07512,CAT05,Frooti Gold Select Bottle 8511,Oleev,17.07,pack,Y,2026-10-05 06:00:00
PRD07513,CAT12,MTR Gold  Box 8512,Amul,38.1,bottle,Y,2026-10-05 06:00:00
PRD07514,CAT05,Bisleri Regular Fresh Carton 8513,Colgate,10.7,1L,Y,2026-10-05 06:00:00
PRD07515,CAT09,Licious Gold Extra Jar 8514,Rasna,94.84,500g,Y,2026-10-05 06:00:00
PRD07516,CAT44,Maggi Ultra  Item 8515,Close-Up,39.4,250g,Y,2026-10-05 06:00:00
PRD07517,CAT09,Sudha Premium  Item 8516,Tata,7.45,pcs,Y,2026-10-05 06:00:00
PRD07518,CAT35,Pampers Organic  Item 8517,Bisleri,27.92,pcs,Y,2026-10-05 06:00:00
PRD07519,CAT01,Colgate Organic  Box 8518,Pepsi,55.53,500g,Y,2026-10-05 06:00:00
PRD07520,CAT10,Dove Premium Natural Box 8519,Haldiram's,27.12,500g,Y,2026-10-05 06:00:00
PRD07521,CAT39,Patanjali Gold Extra Item 8520,Amul,28.55,pcs,N,2026-10-05 06:00:00
PRD07522,CAT36,Bisleri Lite  Jar 8521,Amul,12.16,500g,Y,2026-10-05 06:00:00
PRD07523,CAT37,Frooti Lite Daily Box 8522,Britannia,60.94,pcs,Y,2026-10-05 06:00:00
PRD07524,CAT35,Fresho Organic Daily Bottle 8523,Heritage,20.42,pcs,Y,2026-10-05 06:00:00
PRD07525,CAT17,Nivea Lite  Item 8524,Pepsi,5.26,pcs,Y,2026-10-05 06:00:00
PRD07526,CAT13,Safal Premium  Jar 8525,Thirumala,26.2,pcs,Y,2026-10-05 06:00:00
PRD07527,CAT06,Britannia Premium Daily Item 8526,Parle,88.5,pcs,Y,2026-10-05 06:00:00
PRD07528,CAT37,Johnson's Family Pack  Jar 8527,Dabur,25.84,1L,Y,2026-10-05 06:00:00
PRD07529,CAT32,Amul Ultra  Pack 8528,Dabur,174.9,pcs,Y,2026-10-05 06:00:00
PRD07530,CAT11,Pedigree Lite Natural Jar 8529,Heritage,53.84,kg,Y,2026-10-05 06:00:00
PRD07531,CAT17,ITC Classic Natural Pouch 8530,Marico,49.64,500g,N,2026-10-05 06:00:00
PRD07532,CAT05,Licious Gold  Pouch 8531,ITC,32.6,pcs,Y,2026-10-05 06:00:00
PRD07533,CAT06,Everest Lite  Box 8532,Whiskas,34.42,pcs,Y,2026-10-05 06:00:00
PRD07534,CAT10,MDH Lite Extra Bottle 8533,Dove,28.87,250g,Y,2026-10-05 06:00:00
PRD07535,CAT33,Vim Classic Daily Carton 8534,Gowardhan,27.88,pcs,Y,2026-10-05 06:00:00
PRD07536,CAT30,Dettol Organic  Pouch 8535,Sunfeast,59.01,kg,N,2026-10-05 06:00:00
PRD07537,CAT21,Safal Premium  Pack 8536,MTR,15.76,500g,Y,2026-10-05 06:00:00
PRD07538,CAT42,Maggi Organic  Box 8537,Huggies,13.9,500g,Y,2026-10-05 06:00:00
PRD07539,CAT17,Sunpure Ultra Extra Jar 8538,Bisleri,13.32,dozen,Y,2026-10-05 06:00:00
PRD07540,CAT27,Godrej Family Pack  Carton 8539,Tata,230.69,500g,Y,2026-10-05 06:00:00
PRD07541,CAT03,Sunfeast Lite  Carton 8540,Ariel,58.99,kg,Y,2026-10-05 06:00:00
PRD07542,CAT99,A2B Classic  Box 8541,Pampers,48.14,bottle,Y,2026-10-05 06:00:00
PRD07543,CAT02,Rasna Lite Daily Item 8542,Saffola,14.13,kg,Y,2026-10-05 06:00:00
PRD07544,CAT29,A2B Organic Extra Pack 8543,Coca-Cola,64.14,pack,Y,2026-10-05 06:00:00
PRD07545,CAT36,Nivea Family Pack Fresh Pack 8544,Johnson's,32.95,pcs,Y,2026-10-05 06:00:00
PRD07546,CAT34,Harpic Classic Fresh Pack 8545,Gowardhan,44.38,pcs,Y,2026-10-05 06:00:00
PRD07547,CAT37,Weikfield Organic Daily Bottle 8546,Colgate,15.2,500g,N,2026-10-05 06:00:00
PRD07548,CAT42,Dettol Regular  Carton 8547,Amul,42.28,dozen,Y,2026-10-05 06:00:00
PRD07549,CAT01,Catch Classic Select Carton 8548,Clinic Plus,24.99,500g,Y,2026-10-05 06:00:00
PRD07550,CAT26,Gillette Organic Extra Jar 8549,Tata,18.37,pcs,Y,2026-10-05 06:00:00
PRD07551,CAT01,A2B Classic Extra Bottle 8550,Sunfeast,70.86,250g,N,2026-10-05 06:00:00
PRD07552,CAT04,Bisleri Gold Daily Bottle 8551,Pampers,9.17,500g,Y,2026-10-05 06:00:00
PRD07553,CAT39,Mother Dairy Organic Natural Item 8552,MTR Foods,60.84,1L,Y,2026-10-05 06:00:00
PRD07554,CAT14,Dove Organic  Bottle 8553,Haldiram's,67.76,kg,Y,2026-10-05 06:00:00
PRD07555,CAT18,Bisleri Gold  Pack 8554,Close-Up,16.58,1L,Y,2026-10-05 06:00:00
PRD07556,CAT34,Vim Organic Select Bottle 8555,Amul,17.49,1L,Y,2026-10-05 06:00:00
PRD07557,CAT01,Whiskas Premium Daily Bottle 8556,Safal,29.94,1L,Y,2026-10-05 06:00:00
PRD07558,CAT22,MTR Foods Organic  Bottle 8557,Tata,47.17,1L,Y,2026-10-05 06:00:00
PRD07559,CAT16,Heritage Regular  Pack 8558,Himalaya,31.89,pcs,Y,2026-10-05 06:00:00
PRD07560,CAT22,Johnson's Premium Extra Box 8559,Clinic Plus,54.07,kilo,Y,2026-10-05 06:00:00
PRD07561,CAT16,Ariel Lite Natural Pouch 8560,Amul,178.87,pcs,Y,2026-10-05 06:00:00
PRD07562,CAT28,Pampers Classic  Box 8561,Everest,23.17,1L,Y,2026-10-05 06:00:00
PRD07563,CAT28,Haldiram's Family Pack Extra Bottle 8562,Himalaya,7.82,1L,Y,2026-10-05 06:00:00
PRD07564,CAT22,Lay's Organic Natural Pouch 8563,Sudha,76.96,pcs,Y,2026-10-05 06:00:00
PRD07565,CAT06,Thirumala Family Pack Select Box 8564,Parle,166.5,500g,Y,2026-10-05 06:00:00
PRD07566,CAT25,Nestle Lite Natural Jar 8565,Haldiram's,52.12,500g,Y,2026-10-05 06:00:00
PRD07567,CAT42,Pampers Premium Natural Item 8566,Oleev,13.75,pcs,Y,2026-10-05 06:00:00
PRD07568,CAT02,Aashirvaad Ultra  Carton 8567,Nestle,32.74,pcs,Y,2026-10-05 06:00:00
PRD07569,CAT07,Rin Classic Select Box 8568,Dove,13.37,250g,Y,2026-10-05 06:00:00
PRD07570,CAT17,Close-Up Lite  Carton 8569,Parle,65.27,250g,Y,2026-10-05 06:00:00
PRD07571,CAT35,Maggi Regular Select Box 8570,Whiskas,10.85,500g,N,2026-10-05 06:00:00
PRD07572,CAT20,Sudha Classic Extra Item 8571,Himalaya,27.94,250g,Y,2026-10-05 06:00:00
PRD07573,CAT44,MTR Foods Classic Fresh Pouch 8572,Dettol,14.82,500g,N,2026-10-05 06:00:00
PRD07574,CAT02,Vim Premium  Carton 8573,Huggies,41.02,pack,Y,2026-10-05 06:00:00
PRD07575,CAT07,MTR Foods Regular  Item 8574,Rin,26.32,pcs,Y,2026-10-05 06:00:00
PRD07576,CAT32,MDH Gold Fresh Box 8575,Vim,42.91,kg,Y,2026-10-05 06:00:00
PRD07577,CAT19,Nivea Gold Extra Pouch 8576,Pedigree,37.34,500g,Y,2026-10-05 06:00:00
PRD07578,CAT12,Thirumala Family Pack Natural Jar 8577,Amul,15.06,500g,Y,2026-10-05 06:00:00
PRD07579,CAT09,Clinic Plus Premium Daily Jar 8578,Everest,64.34,250g,Y,2026-10-05 06:00:00
PRD07580,CAT27,Nestle Gold Daily Item 8579,Gowardhan,35.03,pcs,N,2026-10-05 06:00:00
PRD07581,CAT14,Surf Excel Classic  Box 8580,Parle,15.03,250g,N,2026-10-05 06:00:00
PRD07582,CAT02,Marico Premium  Jar 8581,Pedigree,275.02,pcs,Y,2026-10-05 06:00:00
PRD07583,CAT21,Whiskas Organic  Bottle 8582,Bisleri,56.19,500g,Y,2026-10-05 06:00:00
PRD07584,CAT04,ITC Gold  Bottle 8583,Johnson's,31.88,250g,Y,2026-10-05 06:00:00
PRD07585,CAT21,Weikfield Regular  Pack 8584,Pampers,130.8,500g,Y,2026-10-05 06:00:00
PRD07586,CAT22,Coca-Cola Lite Daily Bottle 8585,Sunfeast,192.03,pcs,Y,2026-10-05 06:00:00
PRD07587,CAT02,Nivea Lite  Jar 8586,Godrej,32.11,bottle,Y,2026-10-05 06:00:00
PRD07588,CAT17,Johnson's Premium Select Pack 8587,Catch,50.03,kg,Y,2026-10-05 06:00:00
PRD07589,CAT19,Licious Premium  Carton 8588,MTR Foods,15.04,1L,Y,2026-10-05 06:00:00
PRD07590,CAT40,Gillette Lite  Pack 8589,Pepsi,32.06,pack,Y,2026-10-05 06:00:00
PRD07591,CAT24,Sudha Ultra  Bottle 8590,Rasna,30.6,dozen,N,2026-10-05 06:00:00
PRD07592,CAT20,MTR Foods Organic  Box 8591,Colgate,43.22,1L,Y,2026-10-05 06:00:00
PRD07593,CAT38,Frooti Family Pack Natural Pack 8592,Nivea,49.38,bottle,Y,2026-10-05 06:00:00
PRD07594,CAT12,Close-Up Ultra  Jar 8593,Dettol,60.57,500g,Y,2026-10-05 06:00:00
PRD07595,CAT25,Sudha Regular Extra Carton 8594,MTR Foods,45.33,250g,Y,2026-10-05 06:00:00
PRD07596,CAT23,Frooti Classic Fresh Box 8595,Huggies,12.31,pcs,Y,2026-10-05 06:00:00
PRD07597,CAT34,Bisleri Regular Select Jar 8596,Colgate,15.73,250g,Y,2026-10-05 06:00:00
PRD07598,CAT32,Oleev Family Pack Fresh Item 8597,Sudha,22.38,pack,Y,2026-10-05 06:00:00
PRD07599,CAT24,Catch Organic Extra Carton 8598,Coca-Cola,28.39,500g,Y,2026-10-05 06:00:00
PRD07600,CAT42,Patanjali Regular Fresh Box 8599,Vim,94.23,1L,Y,2026-10-05 06:00:00
PRD07601,CAT25,MTR Lite Fresh Box 8600,Nestle,12.85,pack,Y,2026-10-05 06:00:00
PRD07602,CAT03,Catch Classic Fresh Bottle 8601,MTR,26.53,bottle,Y,2026-10-05 06:00:00
PRD07603,CAT25,MTR Foods Organic Select Box 8602,Mother Dairy,86.29,pcs,Y,2026-10-05 06:00:00
PRD07604,CAT28,A2B Lite Fresh Pouch 8603,Pepsi,27.94,pack,Y,2026-10-05 06:00:00
PRD07605,CAT12,Dabur Ultra Daily Jar 8604,Mother Dairy,55.39,pcs,Y,2026-10-05 06:00:00
PRD07606,CAT26,Sunfeast Organic  Carton 8605,Johnson's,32.28,250g,Y,2026-10-05 06:00:00
PRD07607,CAT44,Dettol Family Pack Daily Bottle 8606,Nestle,46.11,pcs,Y,2026-10-05 06:00:00
PRD07608,CAT08,Bisleri Ultra Natural Pack 8607,Gowardhan,29.8,pcs,Y,2026-10-05 06:00:00
PRD07609,CAT05,Lay's Premium Extra Bottle 8608,Rin,66.71,pcs,Y,2026-10-05 06:00:00
PRD07610,CAT11,MTR Family Pack  Pouch 8609,Vim,9.11,500g,Y,2026-10-05 06:00:00
PRD07611,CAT42,Fresho Ultra Daily Pack 8610,Lay's,26.39,250g,Y,2026-10-05 06:00:00
PRD07612,CAT35,Oleev Organic Daily Jar 8611,Frooti,47.79,pcs,Y,2026-10-05 06:00:00
PRD07613,CAT27,Thirumala Ultra Fresh Pack 8612,Sunfeast,59.16,pack,Y,2026-10-05 06:00:00
PRD07614,CAT41,A2B Organic Natural Carton 8613,Gillette,140.28,dozen,Y,2026-10-05 06:00:00
PRD07615,CAT44,Pampers Premium Natural Item 8614,Close-Up,25.74,250g,Y,2026-10-05 06:00:00
PRD07616,CAT38,Saffola Ultra Natural Carton 8615,Himalaya,138.59,500g,Y,2026-10-05 06:00:00
PRD07617,CAT19,Tata Regular  Pouch 8616,Fortune,20.22,1L,Y,2026-10-05 06:00:00
PRD07618,CAT32,Pepsi Ultra Select Bottle 8617,Sunpure,121.0,pcs,Y,2026-10-05 06:00:00
PRD07619,CAT28,Coca-Cola Premium  Bottle 8618,Whiskas,76.38,pcs,Y,2026-10-05 06:00:00
PRD07620,CAT36,Dabur Ultra  Carton 8619,Godrej,16.09,bottle,Y,2026-10-05 06:00:00
PRD07621,CAT18,Nivea Lite  Jar 8620,Sudha,48.25,pcs,Y,2026-10-05 06:00:00
PRD07622,CAT10,Clinic Plus Family Pack Daily Jar 8621,Johnson's,34.95,bottle,Y,2026-10-05 06:00:00
PRD07623,CAT32,Gillette Gold Natural Box 8622,Colgate,64.27,pcs,Y,2026-10-05 06:00:00
PRD07624,CAT18,Marico Regular  Pack 8623,Maggi,29.94,pcs,Y,2026-10-05 06:00:00
PRD07625,CAT12,Johnson's Premium  Bottle 8624,Ariel,27.76,pcs,Y,2026-10-05 06:00:00
PRD07626,CAT08,Maggi Regular Natural Item 8625,Britannia,125.48,pack,Y,2026-10-05 06:00:00
PRD07627,CAT33,Sunfeast Premium  Jar 8626,Thirumala,33.49,500g,Y,2026-10-05 06:00:00
PRD07628,CAT38,Frooti Premium Fresh Box 8627,Nestle,77.0,pcs,Y,2026-10-05 06:00:00
PRD07629,CAT14,Nestle Gold  Box 8628,ITC,29.88,250g,Y,2026-10-05 06:00:00
PRD07630,CAT02,Patanjali Regular Daily Item 8629,Sunfeast,164.02,kg,Y,2026-10-05 06:00:00
PRD07631,CAT09,Maggi Family Pack Fresh Carton 8630,Himalaya,19.88,1L,Y,2026-10-05 06:00:00
PRD07632,CAT44,Rasna Lite Daily Carton 8631,Harpic,21.06,pcs,Y,2026-10-05 06:00:00
PRD07633,CAT05,Gillette Regular Daily Item 8632,Pampers,144.32,pcs,N,2026-10-05 06:00:00
PRD07634,CAT34,Sudha Classic  Pack 8633,Oleev,24.52,pack,Y,2026-10-05 06:00:00
PRD07635,CAT19,Mother Dairy Regular  Box 8634,Colgate,154.62,1L,Y,2026-10-05 06:00:00
PRD07636,CAT07,A2B Gold Select Box 8635,Colgate,81.67,kg,Y,2026-10-05 06:00:00
PRD07637,CAT39,Pepsi Family Pack Fresh Pack 8636,Himalaya,31.84,500g,Y,2026-10-05 06:00:00
PRD07638,CAT42,Johnson's Organic Select Pack 8637,Marico,7.16,pcs,Y,2026-10-05 06:00:00
PRD07639,CAT17,Sudha Regular  Jar 8638,Mother Dairy,35.97,500g,Y,2026-10-05 06:00:00
PRD07640,CAT26,Tata Regular Extra Pack 8639,Ariel,40.1,1L,Y,2026-10-05 06:00:00
PRD07641,CAT27,Pedigree Lite Natural Box 8640,Parle,104.64,500g,Y,2026-10-05 06:00:00
PRD07642,CAT43,Himalaya Regular  Box 8641,Rin,152.87,dozen,Y,2026-10-05 06:00:00
PRD07643,CAT28,Marico Organic  Carton 8642,Rasna,19.76,500g,Y,2026-10-05 06:00:00
PRD07644,CAT20,Nivea Classic Daily Box 8643,Ariel,75.27,500g,Y,2026-10-05 06:00:00
PRD07645,CAT06,Harpic Classic Extra Jar 8644,Frooti,72.88,pcs,Y,2026-10-05 06:00:00
PRD07646,CAT08,Fresho Ultra Natural Carton 8645,Safal,96.17,pcs,Y,2026-10-05 06:00:00
PRD07647,CAT32,Sunfeast Regular Daily Jar 8646,MTR,57.33,1L,Y,2026-10-05 06:00:00
PRD07648,CAT19,Clinic Plus Premium Select Pack 8647,Huggies,6.37,1L,Y,2026-10-05 06:00:00
PRD07649,CAT32,Close-Up Gold  Bottle 8648,Rin,31.82,pcs,Y,2026-10-05 06:00:00
PRD07650,CAT19,Clinic Plus Lite Daily Bottle 8649,Close-Up,12.93,pcs,Y,2026-10-05 06:00:00
PRD07651,CAT24,Godrej Organic  Carton 8650,Frooti,30.5,1L,Y,2026-10-05 06:00:00
PRD07652,CAT24,Maggi Classic Natural Carton 8651,Sudha,88.41,pack,Y,2026-10-05 06:00:00
PRD07653,CAT17,Close-Up Regular Select Jar 8652,Nivea,48.17,pcs,Y,2026-10-05 06:00:00
PRD07654,CAT18,Catch Gold Select Box 8653,Pepsi,102.85,1L,Y,2026-10-05 06:00:00
PRD07655,CAT12,Licious Classic  Carton 8654,Clinic Plus,49.78,pcs,Y,2026-10-05 06:00:00
PRD07656,CAT41,Vim Premium Fresh Pouch 8655,Heritage,11.38,250g,Y,2026-10-05 06:00:00
PRD07657,CAT23,Surf Excel Family Pack Select Pack 8656,Tata,3.79,250g,Y,2026-10-05 06:00:00
PRD07658,CAT18,Amul Premium Select Pouch 8657,Clinic Plus,41.84,pcs,Y,2026-10-05 06:00:00
PRD07659,CAT16,Fortune Classic Select Pack 8658,Aashirvaad,30.19,1L,Y,2026-10-05 06:00:00
PRD07660,CAT16,Nestle Lite Natural Item 8659,Mother Dairy,15.19,pcs,N,2026-10-05 06:00:00
PRD07661,CAT36,Vim Family Pack  Box 8660,Dettol,7.92,pcs,Y,2026-10-05 06:00:00
PRD07662,CAT23,Haldiram's Premium Natural Jar 8661,Tata,18.89,500g,Y,2026-10-05 06:00:00
PRD07663,CAT22,Lakme Gold  Jar 8662,Surf Excel,30.72,500g,Y,2026-10-05 06:00:00
PRD07664,CAT39,MDH Organic Extra Pack 8663,Everest,66.64,250g,Y,2026-10-05 06:00:00
PRD07665,CAT33,Rasna Classic  Carton 8664,Surf Excel,43.37,pcs,Y,2026-10-05 06:00:00
PRD07666,CAT24,Patanjali Ultra Daily Carton 8665,Godrej,155.6,250g,Y,2026-10-05 06:00:00
PRD07667,CAT20,Oleev Premium Fresh Pouch 8666,MDH,14.41,pcs,Y,2026-10-05 06:00:00
PRD07668,CAT33,Sunfeast Classic Fresh Jar 8667,Rasna,80.88,pcs,Y,2026-10-05 06:00:00
PRD07669,CAT31,Lay's Premium  Box 8668,Britannia,38.19,500g,Y,2026-10-05 06:00:00
PRD07670,CAT40,Nivea Lite Select Box 8669,Dettol,68.39,500g,Y,2026-10-05 06:00:00
PRD07671,CAT08,MTR Premium  Pouch 8670,Sudha,24.71,dozen,Y,2026-10-05 06:00:00
PRD07672,CAT10,Pepsi Lite  Pack 8671,Pedigree,96.02,1L,Y,2026-10-05 06:00:00
PRD07673,CAT01,Godrej Gold Extra Box 8672,Frooti,47.74,pcs,Y,2026-10-05 06:00:00
PRD07674,CAT21,Oleev Regular Extra Bottle 8673,Parle,19.86,bottle,Y,2026-10-05 06:00:00
PRD07675,CAT25,Clinic Plus Gold  Item 8674,Weikfield,36.2,pcs,Y,2026-10-05 06:00:00
PRD07676,CAT32,MDH Regular Fresh Pouch 8675,MTR,29.5,pcs,N,2026-10-05 06:00:00
PRD07677,CAT10,Nestle Ultra Fresh Pack 8676,Rasna,56.84,500g,Y,2026-10-05 06:00:00
PRD07678,CAT09,Fresho Classic Daily Jar 8677,Oleev,12.66,bottle,Y,2026-10-05 06:00:00
PRD07679,CAT20,Colgate Lite Select Pouch 8678,Marico,35.64,250g,Y,2026-10-05 06:00:00
PRD07680,CAT20,MTR Lite  Item 8679,Rin,52.24,250g,Y,2026-10-05 06:00:00
PRD07681,CAT40,Rasna Gold Extra Bottle 8680,Nivea,37.7,250g,Y,2026-10-05 06:00:00
PRD07682,CAT07,Surf Excel Classic Natural Item 8681,Dove,123.01,1L,Y,2026-10-05 06:00:00
PRD07683,CAT11,Dettol Gold  Jar 8682,A2B,73.45,250g,Y,2026-10-05 06:00:00
PRD07684,CAT21,Clinic Plus Gold Select Carton 8683,Patanjali,36.35,pcs,Y,2026-10-05 06:00:00
PRD07685,CAT38,Haldiram's Classic Extra Pack 8684,Oleev,44.48,pcs,Y,2026-10-05 06:00:00
PRD07686,CAT19,Sunpure Gold  Carton 8685,Patanjali,47.76,500g,Y,2026-10-05 06:00:00
PRD07687,CAT15,Vim Gold  Jar 8686,Huggies,52.61,pack,Y,2026-10-05 06:00:00
PRD07688,CAT06,Tata Family Pack Daily Carton 8687,Sudha,7.08,250g,Y,2026-10-05 06:00:00
PRD07689,CAT10,Lakme Gold  Item 8688,MTR,27.9,1L,Y,2026-10-05 06:00:00
PRD07690,CAT16,Ariel Lite Select Pouch 8689,Dabur,9.62,pcs,N,2026-10-05 06:00:00
PRD07691,CAT11,Fresho Classic Natural Bottle 8690,Amul,115.64,pcs,N,2026-10-05 06:00:00
PRD07692,CAT35,Patanjali Family Pack Select Carton 8691,Pepsi,34.65,pack,Y,2026-10-05 06:00:00
PRD07693,CAT08,Close-Up Classic  Box 8692,Ananda,30.75,pcs,Y,2026-10-05 06:00:00
PRD07694,CAT28,Maggi Family Pack Extra Item 8693,MTR Foods,82.03,250g,Y,2026-10-05 06:00:00
PRD07695,CAT03,Rin Ultra Natural Carton 8694,MTR,53.52,pcs,Y,2026-10-05 06:00:00
PRD07696,CAT02,Nivea Classic Natural Carton 8695,Huggies,13.25,1L,Y,2026-10-05 06:00:00
PRD07697,CAT14,Dabur Premium Fresh Box 8696,Colgate,34.34,1L,Y,2026-10-05 06:00:00
PRD07698,CAT29,Parle Premium  Carton 8697,Dove,27.07,250g,Y,2026-10-05 06:00:00
PRD07699,CAT03,Pepsi Premium  Carton 8698,Pepsi,7.61,500g,Y,2026-10-05 06:00:00
PRD07700,CAT01,MTR Foods Organic Daily Pouch 8699,Parle,19.66,1L,Y,2026-10-05 06:00:00
PRD07701,CAT15,Gillette Premium Daily Jar 8700,Britannia,31.03,500g,Y,2026-10-05 06:00:00
PRD07702,CAT20,Colgate Regular  Pack 8701,Dettol,33.0,kg,Y,2026-10-05 06:00:00
PRD07703,CAT22,Nivea Regular Select Bottle 8702,MDH,9.64,500g,Y,2026-10-05 06:00:00
PRD07704,CAT34,Saffola Organic  Pack 8703,Heritage,103.18,pcs,Y,2026-10-05 06:00:00
PRD07705,CAT33,MTR Foods Premium Fresh Item 8704,Johnson's,33.39,1L,Y,2026-10-05 06:00:00
PRD07706,CAT09,Nivea Lite Fresh Bottle 8705,Godrej,37.86,500g,Y,2026-10-05 06:00:00
PRD07707,CAT03,Rasna Family Pack Natural Box 8706,Saffola,52.49,pack,Y,2026-10-05 06:00:00
PRD07708,CAT02,Marico Classic  Pack 8707,MDH,18.01,pcs,Y,2026-10-05 06:00:00
PRD07709,CAT04,Ananda Organic  Item 8708,Fortune,55.19,pcs,Y,2026-10-05 06:00:00
PRD07710,CAT16,Aashirvaad Lite  Bottle 8709,Nivea,26.3,kg,Y,2026-10-05 06:00:00
PRD07711,CAT33,Pepsi Classic  Carton 8710,Tata,16.33,kg,Y,2026-10-05 06:00:00
PRD07712,CAT09,Saffola Regular  Pack 8711,Godrej,61.32,500g,Y,2026-10-05 06:00:00
PRD07713,CAT40,Mother Dairy Ultra Select Item 8712,Ariel,140.12,pcs,Y,2026-10-05 06:00:00
PRD07714,CAT38,Harpic Ultra  Pack 8713,Coca-Cola,70.27,pcs,Y,2026-10-05 06:00:00
PRD07715,CAT18,Amul Classic Daily Pouch 8714,Pepsi,83.99,pcs,Y,2026-10-05 06:00:00
PRD07716,CAT16,Weikfield Gold Natural Carton 8715,Catch,22.91,500g,Y,2026-10-05 06:00:00
PRD07717,CAT08,Mother Dairy Gold  Carton 8716,Gillette,8.69,pcs,Y,2026-10-05 06:00:00
PRD07718,CAT23,Johnson's Lite  Carton 8717,Dettol,139.93,pack,Y,2026-10-05 06:00:00
PRD07719,CAT36,Rasna Organic  Jar 8718,Rasna,232.54,pcs,Y,2026-10-05 06:00:00
PRD07720,CAT03,Oleev Organic Daily Bottle 8719,Weikfield,146.72,1L,Y,2026-10-05 06:00:00
PRD07721,CAT15,Thirumala Premium Daily Pouch 8720,Dettol,27.05,1L,Y,2026-10-05 06:00:00
PRD07722,CAT38,Huggies Classic Extra Pack 8721,Saffola,12.95,1L,Y,2026-10-05 06:00:00
PRD07723,CAT33,Everest Organic  Bottle 8722,Lakme,14.03,500g,Y,2026-10-05 06:00:00
PRD07724,CAT18,Everest Ultra Extra Bottle 8723,Rasna,8.04,1L,Y,2026-10-05 06:00:00
PRD07725,CAT23,Close-Up Gold  Item 8724,Rin,33.23,pack,Y,2026-10-05 06:00:00
PRD07726,CAT43,Nestle Regular  Item 8725,Maggi,155.26,250g,Y,2026-10-05 06:00:00
PRD07727,CAT03,Godrej Classic  Bottle 8726,Weikfield,32.22,pcs,Y,2026-10-05 06:00:00
PRD07728,CAT30,Safal Premium Extra Item 8727,Britannia,48.04,pcs,Y,2026-10-05 06:00:00
PRD07729,CAT17,Vim Lite Fresh Pouch 8728,Nivea,126.22,pack,Y,2026-10-05 06:00:00
PRD07730,CAT32,MTR Premium Natural Item 8729,Rin,25.44,1L,Y,2026-10-05 06:00:00
PRD07731,CAT07,Pepsi Lite Extra Item 8730,Parle,228.6,kg,Y,2026-10-05 06:00:00
PRD07732,CAT39,Pedigree Regular  Carton 8731,Pampers,219.84,500g,Y,2026-10-05 06:00:00
PRD07733,CAT14,Surf Excel Classic Fresh Carton 8732,Heritage,32.52,pcs,Y,2026-10-05 06:00:00
PRD07734,CAT15,MTR Foods Ultra Natural Box 8733,Everest,21.76,500g,Y,2026-10-05 06:00:00
PRD07735,CAT44,MTR Organic Extra Pack 8734,Lay's,68.55,500g,N,2026-10-05 06:00:00
PRD07736,CAT12,Lakme Organic Natural Box 8735,Sunfeast,26.77,500g,Y,2026-10-05 06:00:00
PRD07737,CAT08,Gowardhan Classic  Bottle 8736,Nivea,12.92,pack,Y,2026-10-05 06:00:00
PRD07738,CAT16,Vim Family Pack  Pack 8737,Gowardhan,115.94,1L,Y,2026-10-05 06:00:00
PRD07739,CAT41,Rin Family Pack  Jar 8738,MTR,109.38,pcs,Y,2026-10-05 06:00:00
PRD07740,CAT34,Saffola Organic  Carton 8739,Colgate,42.1,250g,N,2026-10-05 06:00:00
PRD07741,CAT24,Vim Lite Natural Bottle 8740,Fortune,11.74,1L,Y,2026-10-05 06:00:00
PRD07742,CAT29,Harpic Gold Select Carton 8741,Parle,12.1,1L,N,2026-10-05 06:00:00
PRD07743,CAT16,Thirumala Organic Extra Pouch 8742,Heritage,40.31,250g,Y,2026-10-05 06:00:00
PRD07744,CAT05,Fortune Premium Natural Box 8743,MTR Foods,23.34,1L,Y,2026-10-05 06:00:00
PRD07745,CAT05,Gillette Lite Extra Item 8744,Pepsi,26.92,500g,Y,2026-10-05 06:00:00
PRD07746,CAT30,Dabur Family Pack Fresh Carton 8745,ITC,91.81,1L,Y,2026-10-05 06:00:00
PRD07747,CAT05,Britannia Gold  Pack 8746,Sunfeast,70.8,250g,Y,2026-10-05 06:00:00
PRD07748,CAT43,Rasna Ultra Select Item 8747,Sunpure,126.51,pcs,Y,2026-10-05 06:00:00
PRD07749,CAT13,Colgate Ultra Select Bottle 8748,Marico,15.01,500g,Y,2026-10-05 06:00:00
PRD07750,CAT35,Pepsi Family Pack Select Pack 8749,Rin,26.87,500g,Y,2026-10-05 06:00:00
PRD07751,CAT25,Catch Lite  Box 8750,Marico,72.46,pcs,Y,2026-10-05 06:00:00
PRD07752,CAT14,Rasna Classic  Carton 8751,Johnson's,54.78,pack,Y,2026-10-05 06:00:00
PRD07753,CAT44,Clinic Plus Organic  Jar 8752,Aashirvaad,145.35,500g,Y,2026-10-05 06:00:00
PRD07754,CAT26,Colgate Gold  Box 8753,Nivea,53.44,pcs,Y,2026-10-05 06:00:00
PRD07755,CAT18,Pepsi Ultra Daily Item 8754,Bisleri,193.12,500g,Y,2026-10-05 06:00:00
PRD07756,CAT20,Nivea Organic Select Pack 8755,Nivea,59.5,pcs,Y,2026-10-05 06:00:00
PRD07757,CAT34,Licious Organic Fresh Bottle 8756,Coca-Cola,95.2,250g,Y,2026-10-05 06:00:00
PRD07758,CAT07,Nestle Ultra Select Box 8757,MTR Foods,27.35,1L,Y,2026-10-05 06:00:00
PRD07759,CAT10,Gowardhan Organic Extra Item 8758,Coca-Cola,37.07,pcs,Y,2026-10-05 06:00:00
PRD07760,CAT15,Patanjali Organic Daily Item 8759,A2B,83.08,kg,Y,2026-10-05 06:00:00
PRD07761,CAT17,Nestle Ultra Daily Bottle 8760,A2B,156.28,pcs,Y,2026-10-05 06:00:00
PRD07762,CAT11,Rasna Lite Select Jar 8761,ITC,70.55,1L,Y,2026-10-05 06:00:00
PRD07763,CAT34,Fortune Classic Natural Pouch 8762,Pepsi,33.96,pack,Y,2026-10-05 06:00:00
PRD07764,CAT27,Pepsi Gold  Jar 8763,Licious,126.42,500g,Y,2026-10-05 06:00:00
PRD07765,CAT21,MTR Foods Gold Extra Item 8764,Mother Dairy,5.09,dozen,Y,2026-10-05 06:00:00
PRD07766,CAT31,Gowardhan Regular Daily Box 8765,Dettol,10.18,pack,N,2026-10-05 06:00:00
PRD07767,CAT04,Aashirvaad Premium Fresh Item 8766,Johnson's,67.59,kg,Y,2026-10-05 06:00:00
PRD07768,CAT41,Gowardhan Gold  Item 8767,Godrej,37.07,500g,Y,2026-10-05 06:00:00
PRD07769,CAT17,Pampers Family Pack  Pack 8768,Saffola,63.12,500g,Y,2026-10-05 06:00:00
PRD07770,CAT20,Whiskas Gold Fresh Bottle 8769,Parle,38.78,pack,Y,2026-10-05 06:00:00
PRD07771,CAT25,Surf Excel Lite  Item 8770,Sunpure,61.18,bottle,Y,2026-10-05 06:00:00
PRD07772,CAT40,Pampers Classic Extra Jar 8771,Huggies,17.58,kg,Y,2026-10-05 06:00:00
PRD07773,CAT23,Ariel Organic  Carton 8772,Close-Up,61.16,bottle,Y,2026-10-05 06:00:00
PRD07774,CAT15,Heritage Family Pack Natural Jar 8773,Frooti,89.57,250g,Y,2026-10-05 06:00:00
PRD07775,CAT33,Rin Ultra Extra Box 8774,Pampers,109.78,pcs,Y,2026-10-05 06:00:00
PRD07776,CAT19,Ariel Family Pack  Box 8775,Dettol,224.12,pcs,Y,2026-10-05 06:00:00
PRD07777,CAT15,Coca-Cola Gold  Bottle 8776,Sunfeast,45.59,pcs,Y,2026-10-05 06:00:00
PRD07778,CAT41,Surf Excel Classic Fresh Pouch 8777,Gillette,46.83,pcs,Y,2026-10-05 06:00:00
PRD07779,CAT05,Sunpure Organic Natural Bottle 8778,Godrej,9.29,pcs,Y,2026-10-05 06:00:00
PRD07780,CAT16,Sunfeast Classic  Item 8779,Coca-Cola,22.69,pcs,Y,2026-10-05 06:00:00
PRD07781,CAT32,Vim Classic Extra Pack 8780,Amul,30.76,pcs,Y,2026-10-05 06:00:00
PRD07782,CAT22,Marico Regular Select Carton 8781,Vim,94.19,kg,Y,2026-10-05 06:00:00
PRD07783,CAT43,Mother Dairy Classic Select Pack 8782,ITC,21.12,pcs,Y,2026-10-05 06:00:00
PRD07784,CAT32,Thirumala Classic  Pouch 8783,Saffola,74.94,pcs,Y,2026-10-05 06:00:00
PRD07785,CAT13,Clinic Plus Regular Natural Bottle 8784,Marico,36.54,250g,Y,2026-10-05 06:00:00
PRD07786,CAT38,Heritage Gold Select Item 8785,Colgate,31.2,pack,Y,2026-10-05 06:00:00
PRD07787,CAT26,Dettol Ultra Select Pack 8786,Harpic,45.79,pcs,Y,2026-10-05 06:00:00
PRD07788,CAT17,Gillette Classic  Pouch 8787,Huggies,25.74,pcs,Y,2026-10-05 06:00:00
PRD07789,CAT05,Thirumala Lite  Bottle 8788,Mother Dairy,24.88,pcs,Y,2026-10-05 06:00:00
PRD07790,CAT33,Pedigree Gold  Item 8789,Nivea,7.89,500g,Y,2026-10-05 06:00:00
PRD07791,CAT27,Saffola Lite  Bottle 8790,Frooti,29.28,pcs,Y,2026-10-05 06:00:00
PRD07792,CAT05,Aashirvaad Organic Extra Box 8791,Frooti,23.76,1L,Y,2026-10-05 06:00:00
PRD07793,CAT37,Dabur Gold  Bottle 8792,Catch,23.0,pack,Y,2026-10-05 06:00:00
PRD07794,CAT07,Fortune Lite Select Item 8793,Sunfeast,53.26,1L,Y,2026-10-05 06:00:00
PRD07795,CAT18,Sudha Lite  Bottle 8794,Gillette,66.21,500g,Y,2026-10-05 06:00:00
PRD07796,CAT31,Lakme Regular Fresh Pouch 8795,Saffola,45.1,pcs,Y,2026-10-05 06:00:00
PRD07797,CAT06,Britannia Premium Fresh Jar 8796,Godrej,89.65,500g,Y,2026-10-05 06:00:00
PRD07798,CAT02,Nivea Premium Daily Bottle 8797,Safal,61.44,500g,Y,2026-10-05 06:00:00
PRD07799,CAT13,Rasna Gold Natural Jar 8798,Himalaya,28.06,1L,Y,2026-10-05 06:00:00
PRD07800,CAT42,Himalaya Regular Natural Pouch 8799,MTR Foods,24.13,kg,Y,2026-10-05 06:00:00
PRD07801,CAT11,Fortune Regular Select Carton 8800,Pedigree,48.5,pcs,Y,2026-10-05 06:00:00
PRD07802,CAT26,A2B Lite  Pack 8801,Patanjali,61.34,kg,Y,2026-10-05 06:00:00
PRD07803,CAT21,Close-Up Ultra Daily Pouch 8802,Sunpure,128.77,bottle,Y,2026-10-05 06:00:00
PRD07804,CAT02,Marico Gold  Box 8803,Britannia,106.92,pcs,Y,2026-10-05 06:00:00
PRD07805,CAT40,Oleev Regular  Bottle 8804,Nivea,22.48,pcs,Y,2026-10-05 06:00:00
PRD07806,CAT20,Sudha Ultra  Carton 8805,Gowardhan,33.39,pcs,Y,2026-10-05 06:00:00
PRD07807,CAT17,Nivea Gold Natural Pouch 8806,Coca-Cola,66.95,1L,Y,2026-10-05 06:00:00
PRD07808,CAT16,Licious Classic Fresh Carton 8807,Saffola,95.7,pcs,Y,2026-10-05 06:00:00
PRD07809,CAT42,Gillette Organic  Item 8808,Fortune,85.21,pcs,Y,2026-10-05 06:00:00
PRD07810,CAT05,Heritage Gold Daily Bottle 8809,Himalaya,34.55,bottle,Y,2026-10-05 06:00:00
PRD07811,CAT14,Sudha Premium  Jar 8810,Weikfield,11.84,pcs,Y,2026-10-05 06:00:00
PRD07812,CAT24,Pampers Organic Daily Pouch 8811,Fortune,14.89,500g,Y,2026-10-05 06:00:00
PRD07813,CAT04,Nivea Ultra Natural Box 8812,Fortune,46.78,250g,Y,2026-10-05 06:00:00
PRD07814,CAT24,Harpic Lite Fresh Box 8813,Ariel,49.8,bottle,N,2026-10-05 06:00:00
PRD07815,CAT09,Fortune Classic Natural Bottle 8814,Fortune,13.62,pcs,Y,2026-10-05 06:00:00
PRD07816,CAT03,Patanjali Premium Daily Item 8815,Maggi,38.1,pcs,Y,2026-10-05 06:00:00
PRD07817,CAT09,Fresho Family Pack Select Pouch 8816,Aashirvaad,64.59,250g,Y,2026-10-05 06:00:00
PRD07818,CAT18,Weikfield Regular  Jar 8817,Himalaya,12.99,250g,Y,2026-10-05 06:00:00
PRD07819,CAT36,Ariel Organic Fresh Box 8818,MTR,98.94,dozen,Y,2026-10-05 06:00:00
PRD07820,CAT19,Licious Family Pack  Jar 8819,Rin,26.06,pcs,Y,2026-10-05 06:00:00
PRD07821,CAT24,ITC Premium  Jar 8820,Aashirvaad,113.51,250g,Y,2026-10-05 06:00:00
PRD07822,CAT04,Harpic Family Pack Extra Jar 8821,Haldiram's,22.64,500g,Y,2026-10-05 06:00:00
PRD07823,CAT09,Oleev Lite Natural Jar 8822,Dabur,14.53,bottle,Y,2026-10-05 06:00:00
PRD07824,CAT33,Saffola Classic Select Bottle 8823,Oleev,24.23,500g,Y,2026-10-05 06:00:00
PRD07825,CAT01,Whiskas Classic  Pack 8824,Sudha,33.59,500g,Y,2026-10-05 06:00:00
PRD07826,CAT35,Patanjali Family Pack Daily Bottle 8825,Saffola,25.8,pcs,Y,2026-10-05 06:00:00
PRD07827,CAT10,Rin Premium Extra Jar 8826,Catch,30.13,pcs,N,2026-10-05 06:00:00
PRD07828,CAT12,Maggi Classic Extra Jar 8827,MDH,49.43,500g,Y,2026-10-05 06:00:00
PRD07829,CAT18,Fortune Ultra  Jar 8828,Rin,31.37,pcs,Y,2026-10-05 06:00:00
PRD07830,CAT14,Safal Gold Fresh Pack 8829,Mother Dairy,34.48,500g,Y,2026-10-05 06:00:00
PRD07831,CAT10,MTR Foods Gold  Jar 8830,Johnson's,7.86,pcs,Y,2026-10-05 06:00:00
PRD07832,CAT10,Sunpure Ultra  Jar 8831,Godrej,52.07,pack,Y,2026-10-05 06:00:00
PRD07833,CAT18,Lakme Lite  Bottle 8832,Colgate,33.77,pcs,Y,2026-10-05 06:00:00
PRD07834,CAT24,Rasna Lite  Jar 8833,Patanjali,155.91,250g,Y,2026-10-05 06:00:00
PRD07835,CAT01,Mother Dairy Organic Natural Box 8834,Oleev,15.71,250g,Y,2026-10-05 06:00:00
PRD07836,CAT30,Fresho Premium  Pouch 8835,Dove,7.19,pcs,Y,2026-10-05 06:00:00
PRD07837,CAT15,Harpic Ultra Fresh Box 8836,Haldiram's,63.83,pcs,Y,2026-10-05 06:00:00
PRD07838,CAT08,Coca-Cola Ultra Fresh Pack 8837,Lakme,49.99,pack,Y,2026-10-05 06:00:00
PRD07839,CAT35,Weikfield Premium  Jar 8838,Maggi,14.77,pcs,Y,2026-10-05 06:00:00
PRD07840,CAT18,ITC Lite Natural Item 8839,Gillette,9.24,pcs,N,2026-10-05 06:00:00
PRD07841,CAT41,Frooti Ultra Extra Bottle 8840,MTR,146.01,500g,Y,2026-10-05 06:00:00
PRD07842,CAT16,Sunfeast Classic  Jar 8841,Whiskas,130.67,500g,Y,2026-10-05 06:00:00
PRD07843,CAT21,Everest Organic  Box 8842,Dabur,3.9,pcs,N,2026-10-05 06:00:00
PRD07844,CAT15,Dettol Ultra  Pouch 8843,Pampers,24.23,dozen,Y,2026-10-05 06:00:00
PRD07845,CAT05,Sudha Ultra  Box 8844,Dove,163.66,bottle,Y,2026-10-05 06:00:00
PRD07846,CAT07,Gillette Regular Daily Pouch 8845,Saffola,23.84,bottle,Y,2026-10-05 06:00:00
PRD07847,CAT07,Pampers Classic Daily Bottle 8846,Lakme,23.53,500g,Y,2026-10-05 06:00:00
PRD07848,CAT27,Britannia Regular Fresh Carton 8847,Clinic Plus,28.38,dozen,Y,2026-10-05 06:00:00
PRD07849,CAT25,Marico Gold Fresh Carton 8848,Ariel,13.35,250g,Y,2026-10-05 06:00:00
PRD07850,CAT22,Parle Classic  Pouch 8849,Mother Dairy,7.89,pack,Y,2026-10-05 06:00:00
PRD07851,CAT13,Safal Gold Select Carton 8850,Amul,94.38,500g,Y,2026-10-05 06:00:00
PRD07852,CAT17,Aashirvaad Classic  Jar 8851,MTR Foods,6.97,pcs,Y,2026-10-05 06:00:00
PRD07853,CAT41,Dabur Regular Select Box 8852,ITC,45.72,bottle,Y,2026-10-05 06:00:00
PRD07854,CAT44,Lakme Ultra  Jar 8853,Haldiram's,81.28,500g,N,2026-10-05 06:00:00
PRD07855,CAT13,Huggies Gold  Jar 8854,Bisleri,9.91,dozen,Y,2026-10-05 06:00:00
PRD07856,CAT26,Pepsi Lite Extra Bottle 8855,Patanjali,15.93,pcs,Y,2026-10-05 06:00:00
PRD07857,CAT09,MDH Organic Select Pouch 8856,A2B,109.06,dozen,Y,2026-10-05 06:00:00
PRD07858,CAT05,Weikfield Organic  Carton 8857,Huggies,59.12,pcs,Y,2026-10-05 06:00:00
PRD07859,CAT39,Coca-Cola Regular Daily Pack 8858,Saffola,21.0,500g,Y,2026-10-05 06:00:00
PRD07860,CAT33,Pampers Organic  Pouch 8859,Patanjali,107.99,1L,Y,2026-10-05 06:00:00
PRD07861,CAT04,Godrej Classic  Jar 8860,Bisleri,108.41,250g,Y,2026-10-05 06:00:00
PRD07862,CAT28,Heritage Lite  Carton 8861,Oleev,46.63,250g,Y,2026-10-05 06:00:00
PRD07863,CAT26,Lakme Lite Fresh Pack 8862,Johnson's,16.28,500g,N,2026-10-05 06:00:00
PRD07864,CAT04,ITC Gold Fresh Item 8863,Sudha,25.23,pcs,Y,2026-10-05 06:00:00
PRD07865,CAT16,Gowardhan Organic  Pouch 8864,Sunfeast,47.36,500g,Y,2026-10-05 06:00:00
PRD07866,CAT37,Everest Lite Fresh Bottle 8865,Nestle,30.88,pcs,Y,2026-10-05 06:00:00
PRD07867,CAT22,Dabur Lite Fresh Jar 8866,Nivea,85.21,1L,Y,2026-10-05 06:00:00
PRD07868,CAT36,Pedigree Lite Daily Box 8867,Harpic,9.24,pcs,Y,2026-10-05 06:00:00
PRD07869,CAT38,Patanjali Family Pack Natural Item 8868,Nivea,9.54,500g,Y,2026-10-05 06:00:00
PRD07870,CAT35,Everest Organic Select Pouch 8869,Frooti,43.07,dozen,Y,2026-10-05 06:00:00
PRD07871,CAT25,Godrej Premium Select Carton 8870,Ananda,23.51,pcs,Y,2026-10-05 06:00:00
PRD07872,CAT08,Sudha Regular Fresh Pack 8871,Haldiram's,20.81,1L,Y,2026-10-05 06:00:00
PRD07873,CAT17,Himalaya Lite  Bottle 8872,Vim,7.45,pcs,N,2026-10-05 06:00:00
PRD07874,CAT18,Lakme Gold Natural Box 8873,Ariel,37.25,pcs,Y,2026-10-05 06:00:00
PRD07875,CAT12,Nestle Family Pack Fresh Pack 8874,Colgate,34.9,1L,Y,2026-10-05 06:00:00
PRD07876,CAT33,Haldiram's Premium Natural Pack 8875,Saffola,65.9,500g,Y,2026-10-05 06:00:00
PRD07877,CAT23,Saffola Regular Fresh Bottle 8876,Licious,38.94,500g,Y,2026-10-05 06:00:00
PRD07878,CAT12,Thirumala Premium Daily Pouch 8877,ITC,32.48,bottle,Y,2026-10-05 06:00:00
PRD07879,CAT11,Vim Organic Fresh Box 8878,Licious,105.56,pack,Y,2026-10-05 06:00:00
PRD07880,CAT13,Patanjali Regular  Carton 8879,MTR,11.23,bottle,Y,2026-10-05 06:00:00
PRD07881,CAT35,A2B Family Pack Select Box 8880,Whiskas,59.31,1L,Y,2026-10-05 06:00:00
PRD07882,CAT27,Britannia Ultra Extra Item 8881,Safal,8.13,500g,Y,2026-10-05 06:00:00
PRD07883,CAT25,Sudha Lite  Item 8882,Sunpure,17.21,500g,Y,2026-10-05 06:00:00
PRD07884,CAT40,Saffola Regular Fresh Pack 8883,Frooti,12.29,250g,Y,2026-10-05 06:00:00
PRD07885,CAT03,Johnson's Family Pack Daily Box 8884,Bisleri,73.98,500g,Y,2026-10-05 06:00:00
PRD07886,CAT25,Himalaya Organic Select Pouch 8885,Himalaya,34.51,pcs,N,2026-10-05 06:00:00
PRD07887,CAT10,Vim Organic Extra Pouch 8886,Everest,36.16,pcs,Y,2026-10-05 06:00:00
PRD07888,CAT17,Pampers Ultra Extra Item 8887,MTR Foods,13.52,500g,Y,2026-10-05 06:00:00
PRD07889,CAT03,Dettol Classic Extra Jar 8888,Dabur,27.95,pcs,Y,2026-10-05 06:00:00
PRD07890,CAT22,Sunpure Premium Select Pouch 8889,Lay's,18.41,pcs,Y,2026-10-05 06:00:00
PRD07891,CAT38,Tata Classic Fresh Pouch 8890,Patanjali,51.68,1L,Y,2026-10-05 06:00:00
PRD07892,CAT14,Rin Classic  Item 8891,Maggi,15.0,pcs,Y,2026-10-05 06:00:00
PRD07893,CAT27,Saffola Lite Fresh Carton 8892,Heritage,121.12,1L,N,2026-10-05 06:00:00
PRD07894,CAT42,MDH Family Pack  Box 8893,Coca-Cola,8.1,250g,Y,2026-10-05 06:00:00
PRD07895,CAT20,Bisleri Family Pack Natural Bottle 8894,Britannia,17.71,pcs,Y,2026-10-05 06:00:00
PRD07896,CAT18,Vim Regular  Jar 8895,Lakme,165.58,pcs,Y,2026-10-05 06:00:00
PRD07897,CAT13,Haldiram's Classic Select Item 8896,Pepsi,24.74,pcs,Y,2026-10-05 06:00:00
PRD07898,CAT42,Rasna Classic Select Bottle 8897,Pampers,11.21,500g,Y,2026-10-05 06:00:00
PRD07899,CAT06,Weikfield Ultra Fresh Pouch 8898,Nivea,44.57,1L,Y,2026-10-05 06:00:00
PRD07900,CAT10,Licious Gold Daily Box 8899,MDH,23.86,500g,Y,2026-10-05 06:00:00
PRD07901,CAT37,Frooti Lite Natural Pouch 8900,Nivea,17.25,500g,Y,2026-10-05 06:00:00
PRD07902,CAT29,Licious Organic Natural Item 8901,Gillette,13.65,500g,Y,2026-10-05 06:00:00
PRD07903,CAT06,Licious Ultra Natural Carton 8902,Nivea,442.1,250g,Y,2026-10-05 06:00:00
PRD07904,CAT39,Safal Premium Natural Carton 8903,Patanjali,29.18,pcs,Y,2026-10-05 06:00:00
PRD07905,CAT11,Dettol Organic Daily Bottle 8904,Rasna,6.47,250g,Y,2026-10-05 06:00:00
PRD07906,CAT25,Haldiram's Ultra  Pack 8905,Amul,140.38,1L,Y,2026-10-05 06:00:00
PRD07907,CAT44,Heritage Ultra  Carton 8906,Dettol,63.43,pcs,Y,2026-10-05 06:00:00
PRD07908,CAT44,Johnson's Organic  Bottle 8907,Huggies,18.36,500g,Y,2026-10-05 06:00:00
PRD07909,CAT30,Thirumala Gold Natural Carton 8908,Weikfield,15.8,pcs,Y,2026-10-05 06:00:00
PRD07910,CAT20,Rin Classic Fresh Item 8909,Amul,67.1,500g,Y,2026-10-05 06:00:00
PRD07911,CAT37,Sunpure Gold Natural Item 8910,Sunpure,29.31,pcs,Y,2026-10-05 06:00:00
PRD07912,CAT16,A2B Lite Natural Carton 8911,Frooti,6.47,pcs,Y,2026-10-05 06:00:00
PRD07913,CAT31,MDH Family Pack Select Jar 8912,Rin,182.82,500g,Y,2026-10-05 06:00:00
PRD07914,CAT29,Pepsi Organic Fresh Pouch 8913,MTR,24.76,250g,Y,2026-10-05 06:00:00
PRD07915,CAT06,Ananda Classic Select Carton 8914,Sunpure,140.61,kg,Y,2026-10-05 06:00:00
PRD07916,CAT29,Saffola Lite Fresh Pouch 8915,Godrej,115.65,1L,Y,2026-10-05 06:00:00
PRD07917,CAT32,Mother Dairy Organic  Jar 8916,Pampers,14.87,500g,Y,2026-10-05 06:00:00
PRD07918,CAT09,Gowardhan Lite Natural Pouch 8917,Close-Up,92.75,dozen,Y,2026-10-05 06:00:00
PRD07919,CAT37,Sunfeast Lite  Jar 8918,MTR Foods,20.36,pcs,Y,2026-10-05 06:00:00
PRD07920,CAT23,Thirumala Classic  Carton 8919,Gillette,6.82,pcs,Y,2026-10-05 06:00:00
PRD07921,CAT16,Dove Gold Extra Pouch 8920,Himalaya,24.97,500g,Y,2026-10-05 06:00:00
PRD07922,CAT18,Huggies Organic Natural Item 8921,Close-Up,52.35,500g,Y,2026-10-05 06:00:00
PRD07923,CAT19,Sudha Lite  Carton 8922,Nivea,24.13,500g,Y,2026-10-05 06:00:00
PRD07924,CAT44,Himalaya Regular  Carton 8923,Colgate,27.76,250g,Y,2026-10-05 06:00:00
PRD07925,CAT02,Fresho Family Pack Extra Box 8924,Vim,102.43,pcs,N,2026-10-05 06:00:00
PRD07926,CAT10,Pedigree Organic Extra Item 8925,Britannia,-40.28,500g,Y,2026-10-05 06:00:00
PRD07927,CAT12,Fresho Lite Select Box 8926,Gillette,17.13,500g,Y,2026-10-05 06:00:00
PRD07928,CAT18,Dettol Gold  Pack 8927,Haldiram's,68.84,pack,Y,2026-10-05 06:00:00
PRD07929,CAT19,Everest Organic Daily Box 8928,Rasna,43.72,kg,Y,2026-10-05 06:00:00
PRD07930,CAT38,Colgate Ultra Daily Jar 8929,Fresho,3.78,1L,Y,2026-10-05 06:00:00
PRD07931,CAT37,Nivea Ultra Select Pouch 8930,Thirumala,53.81,pcs,Y,2026-10-05 06:00:00
PRD07932,CAT27,Oleev Organic Daily Pack 8931,MTR Foods,52.07,250g,Y,2026-10-05 06:00:00
PRD07933,CAT14,Harpic Classic  Pack 8932,Heritage,37.27,pcs,Y,2026-10-05 06:00:00
PRD07934,CAT34,Fortune Regular Extra Jar 8933,Rasna,81.66,dozen,N,2026-10-05 06:00:00
PRD07935,CAT02,Dettol Classic Extra Jar 8934,Fortune,19.98,pack,Y,2026-10-05 06:00:00
PRD07936,CAT44,Thirumala Premium Extra Pack 8935,Ariel,49.54,kilo,Y,2026-10-05 06:00:00
PRD07937,CAT33,Thirumala Classic Extra Box 8936,Himalaya,8.93,250g,Y,2026-10-05 06:00:00
PRD07938,CAT19,ITC Regular Extra Bottle 8937,Close-Up,52.79,500g,Y,2026-10-05 06:00:00
PRD07939,CAT27,Licious Organic  Jar 8938,Bisleri,212.25,pcs,Y,2026-10-05 06:00:00
PRD07940,CAT30,Dettol Gold Select Pack 8939,Aashirvaad,14.95,250g,Y,2026-10-05 06:00:00
PRD07941,CAT07,Bisleri Family Pack Natural Jar 8940,Licious,18.47,500g,Y,2026-10-05 06:00:00
PRD07942,CAT27,Britannia Family Pack Extra Box 8941,Colgate,19.32,kg,Y,2026-10-05 06:00:00
PRD07943,CAT21,Ananda Family Pack Natural Pouch 8942,Safal,41.14,pcs,Y,2026-10-05 06:00:00
PRD07944,CAT07,ITC Ultra Daily Box 8943,Nestle,14.06,pack,Y,2026-10-05 06:00:00
PRD07945,CAT25,Thirumala Regular  Pouch 8944,Parle,53.47,250g,Y,2026-10-05 06:00:00
PRD07946,CAT38,Sunfeast Lite Extra Jar 8945,Ananda,78.43,pack,Y,2026-10-05 06:00:00
PRD07947,CAT18,Clinic Plus Ultra  Carton 8946,Ananda,59.2,pcs,Y,2026-10-05 06:00:00
PRD07948,CAT33,Ananda Lite Extra Bottle 8947,Johnson's,7.45,500g,Y,2026-10-05 06:00:00
PRD07949,CAT33,Clinic Plus Organic Extra Box 8948,Vim,89.63,pack,Y,2026-10-05 06:00:00
PRD07950,CAT32,Nestle Ultra  Item 8949,Colgate,85.08,1L,Y,2026-10-05 06:00:00
PRD07951,CAT25,A2B Family Pack Select Bottle 8950,Huggies,77.26,500g,Y,2026-10-05 06:00:00
PRD07952,CAT14,Sunfeast Classic Fresh Pouch 8951,Nivea,51.19,500g,Y,2026-10-05 06:00:00
PRD07953,CAT38,Rin Regular Daily Box 8952,Johnson's,44.62,dozen,N,2026-10-05 06:00:00
PRD07954,CAT38,Dove Classic Natural Carton 8953,Coca-Cola,92.68,250g,Y,2026-10-05 06:00:00
PRD07955,CAT04,Close-Up Lite Daily Item 8954,Sunpure,206.68,1L,Y,2026-10-05 06:00:00
PRD07956,CAT44,Lakme Premium  Jar 8955,Licious,15.52,pack,Y,2026-10-05 06:00:00
PRD07957,CAT18,MDH Premium Fresh Jar 8956,Britannia,96.57,500g,Y,2026-10-05 06:00:00
PRD07958,CAT10,Britannia Organic Natural Bottle 8957,Huggies,33.87,kg,Y,2026-10-05 06:00:00
PRD07959,CAT35,Sunfeast Gold Daily Jar 8958,Colgate,32.57,1L,Y,2026-10-05 06:00:00
PRD07960,CAT35,Himalaya Ultra Natural Pack 8959,Gillette,9.18,pcs,Y,2026-10-05 06:00:00
PRD07961,CAT40,Pedigree Regular Select Box 8960,Catch,28.32,pcs,Y,2026-10-05 06:00:00
PRD07962,CAT23,Mother Dairy Regular  Pack 8961,Gowardhan,14.92,500g,Y,2026-10-05 06:00:00
PRD07963,CAT25,A2B Gold Select Bottle 8962,Parle,24.11,1L,Y,2026-10-05 06:00:00
PRD07964,CAT01,Britannia Premium  Box 8963,Fresho,13.62,250g,Y,2026-10-05 06:00:00
PRD07965,CAT18,Clinic Plus Premium  Item 8964,Oleev,24.43,bottle,Y,2026-10-05 06:00:00
PRD07966,CAT15,Tata Lite Fresh Pouch 8965,Mother Dairy,25.39,kg,Y,2026-10-05 06:00:00
PRD07967,CAT25,Saffola Regular Select Item 8966,Everest,39.93,pcs,Y,2026-10-05 06:00:00
PRD07968,CAT32,Dove Organic Natural Item 8967,MTR Foods,8.56,1L,Y,2026-10-05 06:00:00
PRD07969,CAT20,Dove Classic Natural Pouch 8968,Amul,9.96,1L,Y,2026-10-05 06:00:00
PRD07970,CAT17,Patanjali Family Pack Fresh Bottle 8969,Sunfeast,50.69,pcs,Y,2026-10-05 06:00:00
PRD07971,CAT11,Vim Classic Fresh Jar 8970,Weikfield,17.86,500g,Y,2026-10-05 06:00:00
PRD07972,CAT13,Colgate Family Pack Extra Bottle 8971,Saffola,96.26,pcs,Y,2026-10-05 06:00:00
PRD07973,CAT25,Dove Organic Extra Jar 8972,MTR,44.82,pcs,Y,2026-10-05 06:00:00
PRD07974,CAT20,Amul Ultra Extra Jar 8973,Catch,63.19,pcs,Y,2026-10-05 06:00:00
PRD07975,CAT25,Ariel Organic Select Jar 8974,Gowardhan,130.27,250g,Y,2026-10-05 06:00:00
PRD07976,CAT42,MTR Foods Organic  Jar 8975,Harpic,27.7,1L,Y,2026-10-05 06:00:00
PRD07977,CAT31,Lakme Premium Natural Jar 8976,Licious,21.82,250g,Y,2026-10-05 06:00:00
PRD07978,CAT01,Maggi Regular Select Box 8977,Fresho,80.2,250g,Y,2026-10-05 06:00:00
PRD07979,CAT16,Nivea Regular  Pouch 8978,Ariel,57.89,pcs,Y,2026-10-05 06:00:00
PRD07980,CAT28,MTR Foods Classic Fresh Jar 8979,Catch,30.92,pcs,Y,2026-10-05 06:00:00
PRD07981,CAT21,Coca-Cola Lite Daily Item 8980,Catch,128.04,pcs,Y,2026-10-05 06:00:00
PRD07982,CAT30,Catch Gold  Bottle 8981,Nivea,30.23,500g,Y,2026-10-05 06:00:00
PRD07983,CAT03,Vim Ultra  Box 8982,Pampers,37.69,kg,Y,2026-10-05 06:00:00
PRD07984,CAT34,ITC Family Pack Daily Pouch 8983,Patanjali,37.3,250g,Y,2026-10-05 06:00:00
PRD07985,CAT06,Pampers Organic  Pack 8984,Maggi,15.78,pcs,Y,2026-10-05 06:00:00
PRD07986,CAT43,Aashirvaad Ultra  Box 8985,Britannia,39.25,pcs,Y,2026-10-05 06:00:00
PRD07987,CAT29,Aashirvaad Lite  Pouch 8986,Ariel,128.65,250g,Y,2026-10-05 06:00:00
PRD07988,CAT03,Gowardhan Organic  Box 8987,Colgate,54.62,1L,Y,2026-10-05 06:00:00
PRD07989,CAT33,Gillette Ultra Extra Carton 8988,Marico,37.64,250g,Y,2026-10-05 06:00:00
PRD07990,CAT11,Mother Dairy Lite  Box 8989,Whiskas,31.64,pcs,N,2026-10-05 06:00:00
PRD07991,CAT05,Clinic Plus Regular  Box 8990,Marico,49.29,500g,Y,2026-10-05 06:00:00
PRD07992,CAT32,Clinic Plus Ultra Fresh Carton 8991,Rasna,71.87,500g,Y,2026-10-05 06:00:00
PRD07993,CAT18,Maggi Premium Daily Box 8992,Gillette,63.33,pack,Y,2026-10-05 06:00:00
PRD07994,CAT20,Nivea Ultra Fresh Item 8993,Johnson's,27.15,pcs,Y,2026-10-05 06:00:00
PRD07995,CAT39,Nestle Gold Daily Carton 8994,Bisleri,49.02,pcs,Y,2026-10-05 06:00:00
PRD07996,CAT40,Whiskas Family Pack Daily Carton 8995,Everest,56.37,1L,Y,2026-10-05 06:00:00
PRD07997,CAT28,Sunfeast Classic Select Bottle 8996,Aashirvaad,14.78,pcs,Y,2026-10-05 06:00:00
PRD07998,CAT13,Colgate Family Pack Extra Box 8997,Safal,42.58,250g,Y,2026-10-05 06:00:00
PRD07999,CAT26,Harpic Lite  Pack 8998,Saffola,5.23,pcs,Y,2026-10-05 06:00:00
PRD08000,CAT16,Safal Regular  Pouch 8999,Clinic Plus,56.5,pcs,Y,2026-10-05 06:00:00
